Run name,Collab pairs,Status ok ratio,Non-ok ratio,Fused ratio,Skipped ratio,Selected for blur ratio,Blurred ratio,Mean cov trace,Median cov trace,p95 cov trace all,p95 cov trace ok-only,Mean mask IoU after warp,Median mask IoU after warp,Mean mask IoU after warp ok-only,Median mask IoU after warp ok-only,AP@0.3,AP@0.5,AP@0.7
feaco_baseline__clean__xyz0__ryp0__seed20,1006,0.9940357852882704,0.005964214711729587,N/A,N/A,N/A,N/A,N/A,N/A,N/A,N/A,0.2587067716096453,0.27529583831937243,0.26025901223930314,0.2762166405023547,0.8649008967547606,0.8469961143142211,0.7466896094122338
feaco_baseline__clean__xyz0__ryp0__seed28,1006,0.9940357852882704,0.005964214711729587,N/A,N/A,N/A,N/A,N/A,N/A,N/A,N/A,0.25888931522606884,0.2759129967776584,0.26044265111742526,0.2777777777777778,0.8654329318268739,0.84723868054791,0.7481022416219036
feaco_baseline__clean__xyz0__ryp0__seed42,1006,0.9940357852882704,0.005964214711729587,N/A,N/A,N/A,N/A,N/A,N/A,N/A,N/A,0.2583282474330691,0.2758620689655172,0.2598782169176675,0.2777777777777778,0.8653653724258149,0.8470118182535018,0.7482204971910474
feaco_baseline__pos_0p2_rot_10p0__xyz0p2__ryp10__seed20,1006,0.9840954274353877,0.015904572564612307,N/A,N/A,N/A,N/A,N/A,N/A,N/A,N/A,0.010847122423409405,0.0,0.011022429452474607,0.0,0.5913743226181334,0.5827343566934261,0.5344504056137429
feaco_baseline__pos_0p2_rot_10p0__xyz0p2__ryp10__seed28,1006,0.9930417495029821,0.006958250497017926,N/A,N/A,N/A,N/A,N/A,N/A,N/A,N/A,0.17845213855977562,0.1798336798336798,0.17970255394507936,0.1808510638297872,0.8227316109924921,0.7498491375366697,0.5827614814251867
feaco_baseline__pos_0p2_rot_10p0__xyz0p2__ryp10__seed42,1006,0.9860834990059643,0.013916500994035741,N/A,N/A,N/A,N/A,N/A,N/A,N/A,N/A,0.05977716980162555,0.0392156862745098,0.060620799214148494,0.03957811194653295,0.6431275457791107,0.6186236978219498,0.5456136352708916
feaco_baseline__pos_0p2_rot_14p0__xyz0p2__ryp14__seed20,1006,0.9811133200795229,0.0188866799204771,N/A,N/A,N/A,N/A,N/A,N/A,N/A,N/A,0.008742743555554844,0.0,0.008911043583473326,0.0,0.613054299773276,0.6035062293030454,0.5522626196228576
feaco_baseline__pos_0p2_rot_14p0__xyz0p2__ryp14__seed28,1006,0.9920477137176938,0.007952286282306154,N/A,N/A,N/A,N/A,N/A,N/A,N/A,N/A,0.1517749690989014,0.14962686567164174,0.15299160211773027,0.15022123893805311,0.7841088980420958,0.6938075909650714,0.5384256172655778
feaco_baseline__pos_0p2_rot_14p0__xyz0p2__ryp14__seed42,1006,0.9850894632206759,0.01491053677932408,N/A,N/A,N/A,N/A,N/A,N/A,N/A,N/A,0.04041920562569851,0.025370092254880898,0.041030999858176286,0.0256410256410256,0.6162404722756731,0.5951484736005399,0.5368298245214369
feaco_baseline__pos_0p2_rot_18p0__xyz0p2__ryp18__seed20,1006,0.9353876739562624,0.06461232604373757,N/A,N/A,N/A,N/A,N/A,N/A,N/A,N/A,0.009711801469359885,0.0,0.010382648542163704,0.0,0.6143879110128702,0.6043563162322394,0.5505492578792462
feaco_baseline__pos_0p2_rot_18p0__xyz0p2__ryp18__seed28,1006,0.9900596421471173,0.00994035785288272,N/A,N/A,N/A,N/A,N/A,N/A,N/A,N/A,0.1338149982082996,0.125,0.1351585222866962,0.12626469085334696,0.7423573498114133,0.6682570348677346,0.5331767581821797
feaco_baseline__pos_0p2_rot_18p0__xyz0p2__ryp18__seed42,1006,0.9860834990059643,0.013916500994035741,N/A,N/A,N/A,N/A,N/A,N/A,N/A,N/A,0.02683965242427711,0.0173163418290854,0.027218437841555213,0.017621487346685248,0.6086680909279942,0.5936476494767459,0.5366770016367571
feaco_baseline__pos_0p2_rot_1p0__xyz0p2__ryp1__seed20,1006,0.9860834990059643,0.013916500994035741,N/A,N/A,N/A,N/A,N/A,N/A,N/A,N/A,0.12874223090295744,0.1166465877684076,0.1305591575487653,0.11791443850267375,0.7498113821910615,0.68410458694235,0.551283544905252
feaco_baseline__pos_0p2_rot_1p0__xyz0p2__ryp1__seed28,1006,0.9880715705765407,0.011928429423459286,N/A,N/A,N/A,N/A,N/A,N/A,N/A,N/A,0.21618934490410796,0.23473824312333624,0.21879927663333262,0.2361111111111111,0.8499556247299473,0.8274866589299685,0.7211586993792002
feaco_baseline__pos_0p2_rot_1p0__xyz0p2__ryp1__seed42,1006,0.9900596421471173,0.00994035785288272,N/A,N/A,N/A,N/A,N/A,N/A,N/A,N/A,0.21807880918088005,0.2258064516129032,0.2202683554577965,0.22832080200501245,0.8551757775075948,0.8352327191144758,0.712647975233794
feaco_baseline__pos_0p2_rot_2p0__xyz0p2__ryp2__seed20,1006,0.9880715705765407,0.011928429423459286,N/A,N/A,N/A,N/A,N/A,N/A,N/A,N/A,0.06666394762295497,0.04640396210163645,0.06746874377132063,0.0471698113207547,0.6444369462309396,0.6144182858668016,0.5431976722660774
feaco_baseline__pos_0p2_rot_2p0__xyz0p2__ryp2__seed28,1006,0.989065606361829,0.010934393638170947,N/A,N/A,N/A,N/A,N/A,N/A,N/A,N/A,0.215416400287299,0.22961896322552056,0.21779788812967116,0.2307692307692307,0.8537747732296046,0.8337738372906989,0.7242111719319488
feaco_baseline__pos_0p2_rot_2p0__xyz0p2__ryp2__seed42,1006,0.9870775347912525,0.012922465208747513,N/A,N/A,N/A,N/A,N/A,N/A,N/A,N/A,0.19314766280962692,0.20271509814712896,0.1956762827658456,0.2040816326530612,0.8401841511755412,0.7999867767674044,0.6402070715410247
feaco_baseline__pos_0p2_rot_4p0__xyz0p2__ryp4__seed20,1006,0.9900596421471173,0.00994035785288272,N/A,N/A,N/A,N/A,N/A,N/A,N/A,N/A,0.024094505074173087,0.0175438596491228,0.024336417775721007,0.0178571428571428,0.6036069206489246,0.590528347086605,0.5338341851622489
feaco_baseline__pos_0p2_rot_4p0__xyz0p2__ryp4__seed28,1006,0.9920477137176938,0.007952286282306154,N/A,N/A,N/A,N/A,N/A,N/A,N/A,N/A,0.21311617132984123,0.2222222222222222,0.2148245173926055,0.22420165582495566,0.8507962357215479,0.8251288857593403,0.6843513794296294
feaco_baseline__pos_0p2_rot_4p0__xyz0p2__ryp4__seed42,1006,0.989065606361829,0.010934393638170947,N/A,N/A,N/A,N/A,N/A,N/A,N/A,N/A,0.14281250628441045,0.1313131313131313,0.14439133801217782,0.1327433628318584,0.7758954899828159,0.7141521109942708,0.5652313477119646
feaco_baseline__pos_0p2_rot_6p0__xyz0p2__ryp6__seed20,1006,0.9840954274353877,0.015904572564612307,N/A,N/A,N/A,N/A,N/A,N/A,N/A,N/A,0.015350326666886113,0.0080650406504065,0.01559841275443175,0.0084389688078621,0.5811398878011349,0.567733975708061,0.517018649332105
feaco_baseline__pos_0p2_rot_6p0__xyz0p2__ryp6__seed28,1006,0.989065606361829,0.010934393638170947,N/A,N/A,N/A,N/A,N/A,N/A,N/A,N/A,0.20645991822257279,0.21160864682762492,0.20874238968030978,0.2127659574468085,0.8365438826832071,0.8044580439738253,0.6472075703408795
feaco_baseline__pos_0p2_rot_6p0__xyz0p2__ryp6__seed42,1006,0.9870775347912525,0.012922465208747513,N/A,N/A,N/A,N/A,N/A,N/A,N/A,N/A,0.09914716596797322,0.0869565217391304,0.10044516511961839,0.0884955752212389,0.6937554011014587,0.6429306106428481,0.5444567325793539
feaco_baseline__pos_0p2_rot_8p0__xyz0p2__ryp8__seed20,1006,0.9840954274353877,0.015904572564612307,N/A,N/A,N/A,N/A,N/A,N/A,N/A,N/A,0.013892940081158375,0.0,0.014117472446106389,0.0,0.5881273558354223,0.5770575258311466,0.5296406778911324
feaco_baseline__pos_0p2_rot_8p0__xyz0p2__ryp8__seed28,1006,0.9910536779324056,0.008946322067594381,N/A,N/A,N/A,N/A,N/A,N/A,N/A,N/A,0.19269419745185293,0.19617005680776978,0.1944336636274464,0.1976744186046511,0.8378126536262929,0.7816916328410517,0.6069080309607533
feaco_baseline__pos_0p2_rot_8p0__xyz0p2__ryp8__seed42,1006,0.9860834990059643,0.013916500994035741,N/A,N/A,N/A,N/A,N/A,N/A,N/A,N/A,0.07479223481504843,0.0564709008769598,0.075847770387035,0.0571428571428571,0.661880815108877,0.6266210073701869,0.5465765379094784
feaco_baseline__pos_0p5_rot_10p0__xyz0p5__ryp10__seed20,1006,0.9761431411530815,0.02385685884691846,N/A,N/A,N/A,N/A,N/A,N/A,N/A,N/A,0.011618736688099192,0.0,0.011902697666219741,0.0,0.5892900977633165,0.5787003018557593,0.5303559217211892
feaco_baseline__pos_0p5_rot_10p0__xyz0p5__ryp10__seed28,1006,0.9920477137176938,0.007952286282306154,N/A,N/A,N/A,N/A,N/A,N/A,N/A,N/A,0.1799021370002981,0.18044171220400723,0.1813442382988977,0.1818181818181818,0.8094191843855533,0.7446198957964207,0.578569127998723
feaco_baseline__pos_0p5_rot_10p0__xyz0p5__ryp10__seed42,1006,0.9721669980119284,0.027833001988071593,N/A,N/A,N/A,N/A,N/A,N/A,N/A,N/A,0.052541136329711254,0.03125,0.05404538154160483,0.0338030851266425,0.6345067924591081,0.612909936968226,0.5515216147689845
feaco_baseline__pos_0p5_rot_14p0__xyz0p5__ryp14__seed20,1006,0.9681908548707754,0.031809145129224614,N/A,N/A,N/A,N/A,N/A,N/A,N/A,N/A,0.00922437485662122,0.0,0.009527434400165246,0.0,0.596203862791003,0.5889395593726343,0.5418747283854586
feaco_baseline__pos_0p5_rot_14p0__xyz0p5__ryp14__seed28,1006,0.989065606361829,0.010934393638170947,N/A,N/A,N/A,N/A,N/A,N/A,N/A,N/A,0.1477399730969238,0.1470588235294117,0.14937327933216615,0.1477272727272727,0.7818903017003022,0.6977938698319262,0.5461452873322752
feaco_baseline__pos_0p5_rot_14p0__xyz0p5__ryp14__seed42,1006,0.9751491053677932,0.0248508946322068,N/A,N/A,N/A,N/A,N/A,N/A,N/A,N/A,0.03485332234792857,0.0192307692307692,0.03574153137820196,0.0198019801980198,0.6121676424123508,0.5995823176566156,0.5504307818562015
feaco_baseline__pos_0p5_rot_18p0__xyz0p5__ryp18__seed20,1006,0.9274353876739563,0.07256461232604372,N/A,N/A,N/A,N/A,N/A,N/A,N/A,N/A,0.010688556162444659,0.0,0.011524852625315463,0.0,0.5971045778692841,0.5882624809163682,0.5361774782937887
feaco_baseline__pos_0p5_rot_18p0__xyz0p5__ryp18__seed28,1006,0.989065606361829,0.010934393638170947,N/A,N/A,N/A,N/A,N/A,N/A,N/A,N/A,0.12495011043085469,0.12018518518518514,0.1263314684356179,0.1209677419354838,0.740048379459858,0.6649869108537996,0.531048865850528
feaco_baseline__pos_0p5_rot_18p0__xyz0p5__ryp18__seed42,1006,0.9761431411530815,0.02385685884691846,N/A,N/A,N/A,N/A,N/A,N/A,N/A,N/A,0.019696190910106784,0.0106382978723404,0.020177564211372127,0.0111111111111111,0.6024041356062201,0.5887584140291274,0.5395893399383584
feaco_baseline__pos_0p5_rot_1p0__xyz0p5__ryp1__seed20,1006,0.9840954274353877,0.015904572564612307,N/A,N/A,N/A,N/A,N/A,N/A,N/A,N/A,0.12638030690312183,0.11342195540308744,0.12842281691367735,0.1159420289855072,0.7367856894016935,0.6789334199663315,0.5606386675111047
feaco_baseline__pos_0p5_rot_1p0__xyz0p5__ryp1__seed28,1006,0.9910536779324056,0.008946322067594381,N/A,N/A,N/A,N/A,N/A,N/A,N/A,N/A,0.21276287212133435,0.221009079416159,0.21468349985362323,0.2222222222222222,0.8387615015633907,0.8171956411422713,0.7137875390054278
feaco_baseline__pos_0p5_rot_1p0__xyz0p5__ryp1__seed42,1006,0.9781312127236581,0.021868787276341894,N/A,N/A,N/A,N/A,N/A,N/A,N/A,N/A,0.17591372327093635,0.17320512820512815,0.1798467536692703,0.17534816422499538,0.8369289895736924,0.8150367357778641,0.6997170553158908
feaco_baseline__pos_0p5_rot_2p0__xyz0p5__ryp2__seed20,1006,0.9860834990059643,0.013916500994035741,N/A,N/A,N/A,N/A,N/A,N/A,N/A,N/A,0.06264869133277137,0.0433218642477322,0.06353284625077418,0.043875832197000045,0.6468211138448958,0.6172848608426392,0.5519086548801421
feaco_baseline__pos_0p5_rot_2p0__xyz0p5__ryp2__seed28,1006,0.9910536779324056,0.008946322067594381,N/A,N/A,N/A,N/A,N/A,N/A,N/A,N/A,0.2132288936756782,0.2222222222222222,0.21515372822239948,0.2222222222222222,0.8406567101340435,0.8163591085420747,0.7081580267948268
feaco_baseline__pos_0p5_rot_2p0__xyz0p5__ryp2__seed42,1006,0.9781312127236581,0.021868787276341894,N/A,N/A,N/A,N/A,N/A,N/A,N/A,N/A,0.16263613910122796,0.1553398058252427,0.1662723129429221,0.1578947368421052,0.8234748365190717,0.7823251230510864,0.6326047965358128
feaco_baseline__pos_0p5_rot_4p0__xyz0p5__ryp4__seed20,1006,0.9870775347912525,0.012922465208747513,N/A,N/A,N/A,N/A,N/A,N/A,N/A,N/A,0.022448028564295685,0.013891568589619901,0.022741910106426445,0.0147058823529411,0.6031123105853428,0.5885062681871149,0.5354129781342372
feaco_baseline__pos_0p5_rot_4p0__xyz0p5__ryp4__seed28,1006,0.9900596421471173,0.00994035785288272,N/A,N/A,N/A,N/A,N/A,N/A,N/A,N/A,0.20618008903017782,0.21461949265687574,0.20825017024534026,0.2159090909090909,0.8360302252988038,0.8097371869370217,0.6781265068692107
feaco_baseline__pos_0p5_rot_4p0__xyz0p5__ryp4__seed42,1006,0.9711729622266402,0.02882703777335982,N/A,N/A,N/A,N/A,N/A,N/A,N/A,N/A,0.12254210612718977,0.108893280632411,0.12617948696412784,0.1111111111111111,0.7548354563176013,0.6967364881780512,0.5737562941254751
feaco_baseline__pos_0p5_rot_6p0__xyz0p5__ryp6__seed20,1006,0.974155069582505,0.025844930417495027,N/A,N/A,N/A,N/A,N/A,N/A,N/A,N/A,0.013243030690795882,0.0,0.01359437640300067,0.0,0.5750147291588541,0.5645019198627255,0.5180084805723947
feaco_baseline__pos_0p5_rot_6p0__xyz0p5__ryp6__seed28,1006,0.9940357852882704,0.005964214711729587,N/A,N/A,N/A,N/A,N/A,N/A,N/A,N/A,0.2009029368038369,0.2,0.2021083544246599,0.20080645161290323,0.8258755290463972,0.7874498789784753,0.6415160241868659
feaco_baseline__pos_0p5_rot_6p0__xyz0p5__ryp6__seed42,1006,0.9701789264413518,0.02982107355864816,N/A,N/A,N/A,N/A,N/A,N/A,N/A,N/A,0.08454144361322963,0.0677966101694915,0.08714005356035759,0.0689655172413793,0.6872620263095115,0.6440579828188222,0.5554299224843026
feaco_baseline__pos_0p5_rot_8p0__xyz0p5__ryp8__seed20,1006,0.9721669980119284,0.027833001988071593,N/A,N/A,N/A,N/A,N/A,N/A,N/A,N/A,0.012495835051904642,0.0,0.01285358902067083,0.0,0.5795617484408337,0.5708174475274055,0.5264519586853351
feaco_baseline__pos_0p5_rot_8p0__xyz0p5__ryp8__seed28,1006,0.9920477137176938,0.007952286282306154,N/A,N/A,N/A,N/A,N/A,N/A,N/A,N/A,0.1919979827794982,0.19139602893643215,0.1935370447657066,0.19371296905859114,0.8167858988840359,0.768421251832811,0.6056546558091952
feaco_baseline__pos_0p5_rot_8p0__xyz0p5__ryp8__seed42,1006,0.9691848906560636,0.030815109343936387,N/A,N/A,N/A,N/A,N/A,N/A,N/A,N/A,0.06604399379687323,0.0449438202247191,0.06814385411246611,0.0470588235294117,0.6537721228124864,0.6263475998334904,0.5560019960739471
feaco_baseline__pos_1p0_rot_10p0__xyz1__ryp10__seed20,1006,0.9562624254473161,0.0437375745526839,N/A,N/A,N/A,N/A,N/A,N/A,N/A,N/A,0.010158420997806708,0.0,0.010623047322030715,0.0,0.5652007811978595,0.5572291297609802,0.5117305533896537
feaco_baseline__pos_1p0_rot_10p0__xyz1__ryp10__seed28,1006,0.9900596421471173,0.00994035785288272,N/A,N/A,N/A,N/A,N/A,N/A,N/A,N/A,0.16571777252590209,0.16247642991829034,0.16738160558339102,0.1643835616438356,0.7875310362986406,0.731166640938073,0.5890927274321419
feaco_baseline__pos_1p0_rot_10p0__xyz1__ryp10__seed42,1006,0.9453280318091452,0.05467196819085485,N/A,N/A,N/A,N/A,N/A,N/A,N/A,N/A,0.043986982342492174,0.0217391304347826,0.04653091928133242,0.0238095238095238,0.6254133394120075,0.6097242875600846,0.5462697619976637
feaco_baseline__pos_1p0_rot_14p0__xyz1__ryp14__seed20,1006,0.9552683896620279,0.04473161033797213,N/A,N/A,N/A,N/A,N/A,N/A,N/A,N/A,0.007550588871566411,0.0,0.007904154427467022,0.0,0.5738037318025316,0.5663185178597506,0.5199743507576461
feaco_baseline__pos_1p0_rot_14p0__xyz1__ryp14__seed28,1006,0.9920477137176938,0.007952286282306154,N/A,N/A,N/A,N/A,N/A,N/A,N/A,N/A,0.14692365607069854,0.13537750626566408,0.1481014008087402,0.1363636363636363,0.75829669540563,0.6990859939184514,0.5614423605671922
feaco_baseline__pos_1p0_rot_14p0__xyz1__ryp14__seed42,1006,0.9502982107355865,0.04970178926441349,N/A,N/A,N/A,N/A,N/A,N/A,N/A,N/A,0.026977046549581565,0.011237373737373699,0.028387979946526202,0.0121951219512195,0.591426238426116,0.5800628103823526,0.534194440232788
feaco_baseline__pos_1p0_rot_18p0__xyz1__ryp18__seed20,1006,0.9075546719681908,0.09244532803180916,N/A,N/A,N/A,N/A,N/A,N/A,N/A,N/A,0.008501633041224518,0.0,0.009367626330199195,0.0,0.5714171260983871,0.5648400872302282,0.515858244087653
feaco_baseline__pos_1p0_rot_18p0__xyz1__ryp18__seed28,1006,0.9870775347912525,0.012922465208747513,N/A,N/A,N/A,N/A,N/A,N/A,N/A,N/A,0.11610344178905496,0.1071428571428571,0.11762342642476263,0.1081081081081081,0.7346110154624235,0.6761710610776991,0.537857728525804
feaco_baseline__pos_1p0_rot_18p0__xyz1__ryp18__seed42,1006,0.9443339960238568,0.055666003976143186,N/A,N/A,N/A,N/A,N/A,N/A,N/A,N/A,0.016604898407897133,0.0,0.0175837134719416,0.0081079306722689,0.5813182083596264,0.5704217837495398,0.5251699550112231
feaco_baseline__pos_1p0_rot_1p0__xyz1__ryp1__seed20,1006,0.974155069582505,0.025844930417495027,N/A,N/A,N/A,N/A,N/A,N/A,N/A,N/A,0.10344732824491484,0.08586789554531485,0.10619184919835137,0.0888888888888888,0.7157231648029989,0.6679616219400323,0.569503159998122
feaco_baseline__pos_1p0_rot_1p0__xyz1__ryp1__seed28,1006,0.9831013916500994,0.016898608349900646,N/A,N/A,N/A,N/A,N/A,N/A,N/A,N/A,0.1808472745012679,0.1940298507462686,0.1839558727485091,0.1956521739130435,0.8080715577435065,0.7809186132679516,0.680514149112941
feaco_baseline__pos_1p0_rot_1p0__xyz1__ryp1__seed42,1006,0.94831013916501,0.05168986083499005,N/A,N/A,N/A,N/A,N/A,N/A,N/A,N/A,0.1217801059534416,0.1049571603427172,0.1284180152926229,0.1111111111111111,0.7925172021104637,0.7692575806087393,0.6505153188862763
feaco_baseline__pos_1p0_rot_2p0__xyz1__ryp2__seed20,1006,0.974155069582505,0.025844930417495027,N/A,N/A,N/A,N/A,N/A,N/A,N/A,N/A,0.05314901071986187,0.037037037037037,0.054559086514470445,0.03889799520867475,0.6397636137621713,0.6157000389778771,0.5511769796704098
feaco_baseline__pos_1p0_rot_2p0__xyz1__ryp2__seed28,1006,0.9870775347912525,0.012922465208747513,N/A,N/A,N/A,N/A,N/A,N/A,N/A,N/A,0.1813850833751138,0.1927447552447552,0.1837597118583731,0.1938775510204081,0.8083842729812759,0.7853006431018917,0.67781808421905
feaco_baseline__pos_1p0_rot_2p0__xyz1__ryp2__seed42,1006,0.9542743538767395,0.045725646123260466,N/A,N/A,N/A,N/A,N/A,N/A,N/A,N/A,0.11186260716420274,0.09581754590498395,0.1172226904241541,0.1,0.7807557255418607,0.7466400137981237,0.6103804482827532
feaco_baseline__pos_1p0_rot_4p0__xyz1__ryp4__seed20,1006,0.9711729622266402,0.02882703777335982,N/A,N/A,N/A,N/A,N/A,N/A,N/A,N/A,0.018620429488424493,0.00956959706959705,0.01917313415082399,0.01,0.5907792647901797,0.5799289812416998,0.5307321979490243
feaco_baseline__pos_1p0_rot_4p0__xyz1__ryp4__seed28,1006,0.9850894632206759,0.01491053677932408,N/A,N/A,N/A,N/A,N/A,N/A,N/A,N/A,0.18163063398438375,0.1875,0.1843798363151262,0.1884057971014492,0.8093355731544246,0.7796243403046125,0.6628371401507179
feaco_baseline__pos_1p0_rot_4p0__xyz1__ryp4__seed42,1006,0.9512922465208747,0.04870775347912526,N/A,N/A,N/A,N/A,N/A,N/A,N/A,N/A,0.08801883053024141,0.06988372093023255,0.09252554181130915,0.074074074074074,0.7212184011402457,0.6735164429459807,0.5635080414971296
feaco_baseline__pos_1p0_rot_6p0__xyz1__ryp6__seed20,1006,0.9552683896620279,0.04473161033797213,N/A,N/A,N/A,N/A,N/A,N/A,N/A,N/A,0.012756860273898583,0.0,0.013354215853841804,0.0,0.565116749773079,0.5571693106840783,0.5138716219593984
feaco_baseline__pos_1p0_rot_6p0__xyz1__ryp6__seed28,1006,0.9850894632206759,0.01491053677932408,N/A,N/A,N/A,N/A,N/A,N/A,N/A,N/A,0.1752340768735945,0.1818181818181818,0.17788645947006665,0.1833333333333333,0.8024274828894894,0.7650922966099616,0.6299117952295402
feaco_baseline__pos_1p0_rot_6p0__xyz1__ryp6__seed42,1006,0.94831013916501,0.05168986083499005,N/A,N/A,N/A,N/A,N/A,N/A,N/A,N/A,0.06872092398055779,0.0434782608695652,0.07246671857907877,0.0461538461538461,0.6686530554805974,0.6375506056016664,0.5514601897046295
feaco_baseline__pos_1p0_rot_8p0__xyz1__ryp8__seed20,1006,0.9542743538767395,0.045725646123260466,N/A,N/A,N/A,N/A,N/A,N/A,N/A,N/A,0.012217512412893433,0.0,0.012802934882677912,0.0,0.5696728801666499,0.5631065238008904,0.5164743437704628
feaco_baseline__pos_1p0_rot_8p0__xyz1__ryp8__seed28,1006,0.9870775347912525,0.012922465208747513,N/A,N/A,N/A,N/A,N/A,N/A,N/A,N/A,0.17052348898736167,0.1785714285714285,0.17275592137088203,0.18,0.7940343826138945,0.7531521587195783,0.6143723386773837
feaco_baseline__pos_1p0_rot_8p0__xyz1__ryp8__seed42,1006,0.9473161033797217,0.05268389662027828,N/A,N/A,N/A,N/A,N/A,N/A,N/A,N/A,0.05456501794451465,0.0294117647058823,0.05759958872212144,0.031578947368421,0.637124840674607,0.6147379267594903,0.5474071466333187
feaco_baseline__pos_1p5_rot_10p0__xyz1p5__ryp10__seed20,1006,0.9403578528827038,0.05964214711729621,N/A,N/A,N/A,N/A,N/A,N/A,N/A,N/A,0.007389388965978177,0.0,0.007858060570585674,0.0,0.554963999941071,0.5486228547786127,0.507541700388065
feaco_baseline__pos_1p5_rot_10p0__xyz1p5__ryp10__seed28,1006,0.9691848906560636,0.030815109343936387,N/A,N/A,N/A,N/A,N/A,N/A,N/A,N/A,0.13101467926677388,0.13299319727891157,0.1351802741973072,0.1359223300970873,0.7531301778109555,0.7146881587318235,0.5937777906184177
feaco_baseline__pos_1p5_rot_10p0__xyz1p5__ryp10__seed42,1006,0.9244532803180915,0.07554671968190851,N/A,N/A,N/A,N/A,N/A,N/A,N/A,N/A,0.02475068344041512,0.0111124830225953,0.026773319936621087,0.0125,0.6119558933648224,0.5976477984282085,0.5280843015108896
feaco_baseline__pos_1p5_rot_14p0__xyz1p5__ryp14__seed20,1006,0.9363817097415507,0.06361829025844934,N/A,N/A,N/A,N/A,N/A,N/A,N/A,N/A,0.007045010776425572,0.0,0.0075236526975415345,0.0,0.556139384421221,0.5494517132804184,0.5047473584665108
feaco_baseline__pos_1p5_rot_14p0__xyz1p5__ryp14__seed28,1006,0.9781312127236581,0.021868787276341894,N/A,N/A,N/A,N/A,N/A,N/A,N/A,N/A,0.11367786870386797,0.1036721898790864,0.11621944706919835,0.1052631578947368,0.7311174944153096,0.688067472099198,0.5665482014596149
feaco_baseline__pos_1p5_rot_14p0__xyz1p5__ryp14__seed42,1006,0.9234592445328031,0.07654075546719685,N/A,N/A,N/A,N/A,N/A,N/A,N/A,N/A,0.014923283233287395,0.0,0.016160196913549106,0.0,0.5910148139668198,0.5811015466946534,0.5279236299370483
feaco_baseline__pos_1p5_rot_18p0__xyz1p5__ryp18__seed20,1006,0.8916500994035785,0.10834990059642147,N/A,N/A,N/A,N/A,N/A,N/A,N/A,N/A,0.00806104992073128,0.0,0.009040597792927164,0.0,0.5578489133763083,0.5513878834539634,0.5054196737566256
feaco_baseline__pos_1p5_rot_18p0__xyz1p5__ryp18__seed28,1006,0.974155069582505,0.025844930417495027,N/A,N/A,N/A,N/A,N/A,N/A,N/A,N/A,0.09871910830280674,0.0833333333333333,0.10133818668635057,0.0865384615384615,0.7121036171351683,0.6675305911549779,0.5533178980344489
feaco_baseline__pos_1p5_rot_18p0__xyz1p5__ryp18__seed42,1006,0.9194831013916501,0.08051689860834987,N/A,N/A,N/A,N/A,N/A,N/A,N/A,N/A,0.018336075880519546,0.0,0.019941721444110994,0.0,0.5780453227847742,0.5680806612255686,0.5145947232873277
feaco_baseline__pos_1p5_rot_1p0__xyz1p5__ryp1__seed20,1006,0.9652087475149106,0.03479125248508941,N/A,N/A,N/A,N/A,N/A,N/A,N/A,N/A,0.08011207587772301,0.054669987546699855,0.08299974081667286,0.0581395348837209,0.6924567806742785,0.6524677591598784,0.5613143780874442
feaco_baseline__pos_1p5_rot_1p0__xyz1p5__ryp1__seed28,1006,0.9771371769383698,0.022862823061630233,N/A,N/A,N/A,N/A,N/A,N/A,N/A,N/A,0.16980784786784608,0.1689226266691055,0.17378097147004395,0.1746031746031746,0.7697792549521074,0.7487304244793233,0.6551986791247926
feaco_baseline__pos_1p5_rot_1p0__xyz1p5__ryp1__seed42,1006,0.9284294234592445,0.07157057654075549,N/A,N/A,N/A,N/A,N/A,N/A,N/A,N/A,0.06441539805971899,0.04444688323090425,0.06938103902363736,0.050632911392405,0.7408769633197356,0.7140960565039917,0.5937399176330442
feaco_baseline__pos_1p5_rot_2p0__xyz1p5__ryp2__seed20,1006,0.9612326043737575,0.03876739562624254,N/A,N/A,N/A,N/A,N/A,N/A,N/A,N/A,0.044679602227177095,0.026144907723855047,0.046481571706866766,0.0285714285714285,0.6243265563339685,0.6060238080095373,0.5458404999232656
feaco_baseline__pos_1p5_rot_2p0__xyz1p5__ryp2__seed28,1006,0.9801192842942346,0.01988071570576544,N/A,N/A,N/A,N/A,N/A,N/A,N/A,N/A,0.16401366997186428,0.1648918092217061,0.16734051926135446,0.1685393258426966,0.7661794198066021,0.7421783953621156,0.6497198427288412
feaco_baseline__pos_1p5_rot_2p0__xyz1p5__ryp2__seed42,1006,0.9284294234592445,0.07157057654075549,N/A,N/A,N/A,N/A,N/A,N/A,N/A,N/A,0.06096358052397733,0.0434782608695652,0.0656631284872818,0.0493827160493827,0.7253477543983831,0.692553604549098,0.5693562649348504
feaco_baseline__pos_1p5_rot_4p0__xyz1p5__ryp4__seed20,1006,0.9642147117296223,0.035785288270377746,N/A,N/A,N/A,N/A,N/A,N/A,N/A,N/A,0.017379469782729966,0.009090909090909,0.018024481032398294,0.0095238095238095,0.5789709359867423,0.5693540110738764,0.5230810325044564
feaco_baseline__pos_1p5_rot_4p0__xyz1p5__ryp4__seed28,1006,0.9771371769383698,0.022862823061630233,N/A,N/A,N/A,N/A,N/A,N/A,N/A,N/A,0.15535046303447508,0.1555555555555555,0.1589853161878758,0.1612903225806451,0.7635032220463724,0.7409600015279735,0.6400743677204096
feaco_baseline__pos_1p5_rot_4p0__xyz1p5__ryp4__seed42,1006,0.9244532803180915,0.07554671968190851,N/A,N/A,N/A,N/A,N/A,N/A,N/A,N/A,0.05173440358502345,0.0307692307692307,0.05596216129734794,0.0375,0.6806408045835618,0.6437703238607395,0.5391644558372977
feaco_baseline__pos_1p5_rot_6p0__xyz1p5__ryp6__seed20,1006,0.9363817097415507,0.06361829025844934,N/A,N/A,N/A,N/A,N/A,N/A,N/A,N/A,0.010415509735155853,0.0,0.011123145216100624,0.0,0.553190588033632,0.5473414305479467,0.5059357731652825
feaco_baseline__pos_1p5_rot_6p0__xyz1p5__ryp6__seed28,1006,0.9731610337972167,0.026838966202783254,N/A,N/A,N/A,N/A,N/A,N/A,N/A,N/A,0.14729771185052531,0.1470588235294117,0.1513600593683641,0.1523809523809524,0.7641197144070789,0.7352588810722365,0.624345340192956
feaco_baseline__pos_1p5_rot_6p0__xyz1p5__ryp6__seed42,1006,0.9075546719681908,0.09244532803180916,N/A,N/A,N/A,N/A,N/A,N/A,N/A,N/A,0.03950261889470546,0.021164613661814047,0.04352643440095696,0.0266666666666666,0.6421024647085918,0.6157749970910553,0.5314828251474063
feaco_baseline__pos_1p5_rot_8p0__xyz1p5__ryp8__seed20,1006,0.9532803180914513,0.046719681908548694,N/A,N/A,N/A,N/A,N/A,N/A,N/A,N/A,0.008599873988909943,0.0,0.009021348522255895,0.0,0.5544312701624551,0.5446406253877575,0.5021569744652674
feaco_baseline__pos_1p5_rot_8p0__xyz1p5__ryp8__seed28,1006,0.9771371769383698,0.022862823061630233,N/A,N/A,N/A,N/A,N/A,N/A,N/A,N/A,0.13700543931664994,0.1346153846153846,0.14021105997207517,0.1388888888888889,0.7610508501323242,0.7272781692077706,0.6031670691112394
feaco_baseline__pos_1p5_rot_8p0__xyz1p5__ryp8__seed42,1006,0.9284294234592445,0.07157057654075549,N/A,N/A,N/A,N/A,N/A,N/A,N/A,N/A,0.02875439568637886,0.0135135135135135,0.030971008630082585,0.015625,0.6224256632852486,0.6004246607392472,0.5290857016735427
feaco_baseline__pos_2p0_rot_10p0__xyz2__ryp10__seed20,1006,0.9443339960238568,0.055666003976143186,N/A,N/A,N/A,N/A,N/A,N/A,N/A,N/A,0.00735306488833525,0.0,0.007786508713331856,0.0,0.5500564682846961,0.5410423181346454,0.5003672753170167
feaco_baseline__pos_2p0_rot_10p0__xyz2__ryp10__seed28,1006,0.9761431411530815,0.02385685884691846,N/A,N/A,N/A,N/A,N/A,N/A,N/A,N/A,0.10466329969398042,0.08541796956431094,0.10722126221195954,0.0888888888888888,0.7309170954144028,0.698490572241319,0.5901753366093315
feaco_baseline__pos_2p0_rot_10p0__xyz2__ryp10__seed42,1006,0.7753479125248509,0.2246520874751491,N/A,N/A,N/A,N/A,N/A,N/A,N/A,N/A,0.010882218538912702,0.0,0.014035271602751512,0.0,0.573679107971669,0.5629505494596064,0.4945206812295096
feaco_baseline__pos_2p0_rot_14p0__xyz2__ryp14__seed20,1006,0.9214711729622267,0.07852882703777331,N/A,N/A,N/A,N/A,N/A,N/A,N/A,N/A,0.006195623154938648,0.0,0.00672362124473385,0.0,0.5460940765917478,0.5394295310578394,0.497761880709075
feaco_baseline__pos_2p0_rot_14p0__xyz2__ryp14__seed28,1006,0.974155069582505,0.025844930417495027,N/A,N/A,N/A,N/A,N/A,N/A,N/A,N/A,0.0876954934928682,0.0751344086021505,0.09002210862635246,0.0769230769230769,0.7120297562168756,0.6784673671619892,0.5697707766438891
feaco_baseline__pos_2p0_rot_14p0__xyz2__ryp14__seed42,1006,0.7882703777335984,0.21172962226640157,N/A,N/A,N/A,N/A,N/A,N/A,N/A,N/A,0.008690208358792412,0.0,0.01102440051569378,0.0,0.5643552724275154,0.5548320395975561,0.4960963857492852
feaco_baseline__pos_2p0_rot_18p0__xyz2__ryp18__seed20,1006,0.8797216699801192,0.12027833001988075,N/A,N/A,N/A,N/A,N/A,N/A,N/A,N/A,0.00535618576646076,0.0,0.006088500430575734,0.0,0.5505867409601024,0.5444653366252346,0.5001529047367672
feaco_baseline__pos_2p0_rot_18p0__xyz2__ryp18__seed28,1006,0.974155069582505,0.025844930417495027,N/A,N/A,N/A,N/A,N/A,N/A,N/A,N/A,0.07671476309731422,0.05819598103409345,0.07875005273050828,0.0613814756671899,0.6987435756993889,0.6653955994103296,0.5639973522238
feaco_baseline__pos_2p0_rot_18p0__xyz2__ryp18__seed42,1006,0.7564612326043738,0.2435387673956262,N/A,N/A,N/A,N/A,N/A,N/A,N/A,N/A,0.007016455196581172,0.0,0.009275366527937791,0.0,0.55103815233675,0.5416166308529934,0.4910796072671104
feaco_baseline__pos_2p0_rot_1p0__xyz2__ryp1__seed20,1006,0.9502982107355865,0.04970178926441349,N/A,N/A,N/A,N/A,N/A,N/A,N/A,N/A,0.06150963897026065,0.0375,0.06472667029715712,0.04,0.6771201224551952,0.6437221347274797,0.5502635097518882
feaco_baseline__pos_2p0_rot_1p0__xyz2__ryp1__seed28,1006,0.9771371769383698,0.022862823061630233,N/A,N/A,N/A,N/A,N/A,N/A,N/A,N/A,0.13620621309177966,0.1211556383970177,0.1393931336422486,0.125,0.7451104098395347,0.7210476671071656,0.6330435179284566
feaco_baseline__pos_2p0_rot_1p0__xyz2__ryp1__seed42,1006,0.7833001988071571,0.21669980119284293,N/A,N/A,N/A,N/A,N/A,N/A,N/A,N/A,0.014280329142367343,0.0,0.018230978575154246,0.0,0.6088688773527634,0.5924921378362582,0.5149693685936487
feaco_baseline__pos_2p0_rot_2p0__xyz2__ryp2__seed20,1006,0.9383697813121272,0.06163021868787277,N/A,N/A,N/A,N/A,N/A,N/A,N/A,N/A,0.03264834926184058,0.0135135135135135,0.034792626437936035,0.015625,0.6115331572301755,0.5933744577455224,0.5340884411556199
feaco_baseline__pos_2p0_rot_2p0__xyz2__ryp2__seed28,1006,0.9811133200795229,0.0188866799204771,N/A,N/A,N/A,N/A,N/A,N/A,N/A,N/A,0.13412827119426834,0.1153846153846153,0.13671027438848427,0.1176470588235294,0.7425233585648905,0.717358885119676,0.6240805240185328
feaco_baseline__pos_2p0_rot_2p0__xyz2__ryp2__seed42,1006,0.7842942345924453,0.2157057654075547,N/A,N/A,N/A,N/A,N/A,N/A,N/A,N/A,0.014251904260897199,0.0,0.018171629513894276,0.0,0.6038593333592157,0.5853650173142863,0.5041595568642783
feaco_baseline__pos_2p0_rot_4p0__xyz2__ryp4__seed20,1006,0.9383697813121272,0.06163021868787277,N/A,N/A,N/A,N/A,N/A,N/A,N/A,N/A,0.014996906883125537,0.0,0.015981873225025728,0.0,0.5721553642547207,0.5623103636366145,0.514931180741911
feaco_baseline__pos_2p0_rot_4p0__xyz2__ryp4__seed28,1006,0.9870775347912525,0.012922465208747513,N/A,N/A,N/A,N/A,N/A,N/A,N/A,N/A,0.13060645777399585,0.11305538648813145,0.13231631069550837,0.1153846153846153,0.7350066503453816,0.7170696925145859,0.6162670628724105
feaco_baseline__pos_2p0_rot_4p0__xyz2__ryp4__seed42,1006,0.7783300198807157,0.2216699801192843,N/A,N/A,N/A,N/A,N/A,N/A,N/A,N/A,0.013872199011648286,0.0,0.01782302963693254,0.0,0.5916595174625762,0.5737115197013462,0.49755779741612255
feaco_baseline__pos_2p0_rot_6p0__xyz2__ryp6__seed20,1006,0.9423459244532804,0.05765407554671964,N/A,N/A,N/A,N/A,N/A,N/A,N/A,N/A,0.011644988714653652,0.0,0.012357445830107144,0.0,0.5481571324973181,0.5406738394515557,0.5016861648747654
feaco_baseline__pos_2p0_rot_6p0__xyz2__ryp6__seed28,1006,0.9801192842942346,0.01988071570576544,N/A,N/A,N/A,N/A,N/A,N/A,N/A,N/A,0.12091034725093308,0.10487038491751766,0.12336288979151995,0.10676291793313064,0.7394848799456528,0.718023707714997,0.6195407039654323
feaco_baseline__pos_2p0_rot_6p0__xyz2__ryp6__seed42,1006,0.8031809145129225,0.1968190854870775,N/A,N/A,N/A,N/A,N/A,N/A,N/A,N/A,0.012873425831605629,0.0,0.016028052458657502,0.0,0.5860385145886354,0.5683011652118212,0.4946201116715326
feaco_baseline__pos_2p0_rot_8p0__xyz2__ryp8__seed20,1006,0.9463220675944334,0.05367793240556662,N/A,N/A,N/A,N/A,N/A,N/A,N/A,N/A,0.00782313774750244,0.0,0.008266887157549845,0.0,0.5473934979197239,0.5397024322889848,0.49617982408725875
feaco_baseline__pos_2p0_rot_8p0__xyz2__ryp8__seed28,1006,0.9801192842942346,0.01988071570576544,N/A,N/A,N/A,N/A,N/A,N/A,N/A,N/A,0.11165312006296306,0.0967741935483871,0.11391788923259719,0.1,0.7392489835875427,0.711814930648339,0.6040785121890073
feaco_baseline__pos_2p0_rot_8p0__xyz2__ryp8__seed42,1006,0.8170974155069582,0.18290258449304175,N/A,N/A,N/A,N/A,N/A,N/A,N/A,N/A,0.013515452138652951,0.0,0.016540808821757746,0.0,0.5809684396891603,0.5668413313726013,0.49624354053468206
feaco_baseline__pos_3p0_rot_10p0__xyz3__ryp10__seed20,1006,0.8508946322067594,0.14910536779324057,N/A,N/A,N/A,N/A,N/A,N/A,N/A,N/A,0.005543498098193464,0.0,0.006514905475213346,0.0,0.5510448661679306,0.5447862701715859,0.5017565948887903
feaco_baseline__pos_3p0_rot_10p0__xyz3__ryp10__seed28,1006,0.9791252485089463,0.020874751491053667,N/A,N/A,N/A,N/A,N/A,N/A,N/A,N/A,0.0516312381444359,0.03125,0.05273200565817514,0.0326086956521739,0.6940213994002257,0.6793558201049985,0.5977144654182881
feaco_baseline__pos_3p0_rot_10p0__xyz3__ryp10__seed42,1006,0.06958250497017893,0.9304174950298211,N/A,N/A,N/A,N/A,N/A,N/A,N/A,N/A,0.0011051485225457229,0.0,0.015882563052585674,0.01470906337875835,0.4238174291032532,0.4215067660208267,0.3958687894744093
feaco_baseline__pos_3p0_rot_14p0__xyz3__ryp14__seed20,1006,0.8369781312127237,0.16302186878727631,N/A,N/A,N/A,N/A,N/A,N/A,N/A,N/A,0.005745908837151901,0.0,0.006865064477642294,0.0,0.555485980692859,0.5489962357536683,0.4987456614086758
feaco_baseline__pos_3p0_rot_14p0__xyz3__ryp14__seed28,1006,0.9761431411530815,0.02385685884691846,N/A,N/A,N/A,N/A,N/A,N/A,N/A,N/A,0.044951747822609585,0.0227272727272727,0.04605036487733731,0.0238095238095238,0.6867139285234105,0.6695728287383556,0.585560354173089
feaco_baseline__pos_3p0_rot_14p0__xyz3__ryp14__seed42,1006,0.06063618290258449,0.9393638170974155,N/A,N/A,N/A,N/A,N/A,N/A,N/A,N/A,0.0011018987115018922,0.0,0.018172296783129566,0.0149253731343283,0.41671207013545647,0.4149386626455753,0.38822000704889625
feaco_baseline__pos_3p0_rot_18p0__xyz3__ryp18__seed20,1006,0.794234592445328,0.205765407554672,N/A,N/A,N/A,N/A,N/A,N/A,N/A,N/A,0.005521892698259443,0.0,0.006952470656381726,0.0,0.5545569886648006,0.5468191356365345,0.5018112277088073
feaco_baseline__pos_3p0_rot_18p0__xyz3__ryp18__seed28,1006,0.9721669980119284,0.027833001988071593,N/A,N/A,N/A,N/A,N/A,N/A,N/A,N/A,0.04217680864699836,0.020942982456140298,0.04338432464098195,0.02285788923719955,0.6839576329209476,0.6655180215886911,0.5821948776400317
feaco_baseline__pos_3p0_rot_18p0__xyz3__ryp18__seed42,1006,0.06063618290258449,0.9393638170974155,N/A,N/A,N/A,N/A,N/A,N/A,N/A,N/A,0.0012443778137702503,0.0,0.020522034109063475,0.0185185185185185,0.4261682580801894,0.4245587518045602,0.396739450506005
feaco_baseline__pos_3p0_rot_1p0__xyz3__ryp1__seed20,1006,0.915506958250497,0.084493041749503,N/A,N/A,N/A,N/A,N/A,N/A,N/A,N/A,0.0222382594763847,0.0,0.024290650416116184,0.0109890109890109,0.6224605984748283,0.6011969331849136,0.5256315495108083
feaco_baseline__pos_3p0_rot_1p0__xyz3__ryp1__seed28,1006,0.9781312127236581,0.021868787276341894,N/A,N/A,N/A,N/A,N/A,N/A,N/A,N/A,0.0583418789089798,0.032971014492753595,0.05964627051060333,0.0344827586206896,0.7014765605151834,0.6892408907969599,0.6111172249741659
feaco_baseline__pos_3p0_rot_1p0__xyz3__ryp1__seed42,1006,0.0874751491053678,0.9125248508946322,N/A,N/A,N/A,N/A,N/A,N/A,N/A,N/A,0.0015805859960984743,0.0,0.01806897172812574,0.0154430981230696,0.4254392893310093,0.42284568270931416,0.3929324195854758
feaco_baseline__pos_3p0_rot_2p0__xyz3__ryp2__seed20,1006,0.9065606361829026,0.09343936381709739,N/A,N/A,N/A,N/A,N/A,N/A,N/A,N/A,0.016037925537145146,0.0,0.017690957335929843,0.0,0.5922196509433308,0.5778802361479765,0.5131150687729253
feaco_baseline__pos_3p0_rot_2p0__xyz3__ryp2__seed28,1006,0.9751491053677932,0.0248508946322068,N/A,N/A,N/A,N/A,N/A,N/A,N/A,N/A,0.05838590508770848,0.0348837209302325,0.059873823158241316,0.037037037037037,0.7019976183441274,0.6899931201336763,0.6122367850402117
feaco_baseline__pos_3p0_rot_2p0__xyz3__ryp2__seed42,1006,0.08250497017892644,0.9174950298210736,N/A,N/A,N/A,N/A,N/A,N/A,N/A,N/A,0.0017835633063845548,0.0,0.021617646821962194,0.0163934426229508,0.4265280604903578,0.42410759014320976,0.39407151266445495
feaco_baseline__pos_3p0_rot_4p0__xyz3__ryp4__seed20,1006,0.904572564612326,0.09542743538767395,N/A,N/A,N/A,N/A,N/A,N/A,N/A,N/A,0.010814141125831041,0.0,0.011954973596248385,0.0,0.5662068357130526,0.5559128074474066,0.5077265837829648
feaco_baseline__pos_3p0_rot_4p0__xyz3__ryp4__seed28,1006,0.9761431411530815,0.02385685884691846,N/A,N/A,N/A,N/A,N/A,N/A,N/A,N/A,0.05541492123861238,0.031088917525773148,0.056769257399230194,0.03269779044903775,0.7006238373459515,0.6874628451232428,0.6094173824361573
feaco_baseline__pos_3p0_rot_4p0__xyz3__ryp4__seed42,1006,0.07952286282306163,0.9204771371769384,N/A,N/A,N/A,N/A,N/A,N/A,N/A,N/A,0.0014369240514345604,0.0,0.0180693199467896,0.0149286987522281,0.41813600825710234,0.41573952078904675,0.38958818494344083
feaco_baseline__pos_3p0_rot_6p0__xyz3__ryp6__seed20,1006,0.8916500994035785,0.10834990059642147,N/A,N/A,N/A,N/A,N/A,N/A,N/A,N/A,0.006791495856616873,0.0,0.007616772387688488,0.0,0.5543754229241535,0.5469332670512131,0.5040633097717588
feaco_baseline__pos_3p0_rot_6p0__xyz3__ryp6__seed28,1006,0.9801192842942346,0.01988071570576544,N/A,N/A,N/A,N/A,N/A,N/A,N/A,N/A,0.05487640115576028,0.0329670329670329,0.055989512741069815,0.0338983050847457,0.699577062955436,0.686222685984561,0.6055924961778885
feaco_baseline__pos_3p0_rot_6p0__xyz3__ryp6__seed42,1006,0.06461232604373758,0.9353876739562624,N/A,N/A,N/A,N/A,N/A,N/A,N/A,N/A,0.0011218150421838018,0.0,0.01736224511441391,0.0149253731343283,0.4193678662800233,0.4171028384937812,0.3892155659640091
feaco_baseline__pos_3p0_rot_8p0__xyz3__ryp8__seed20,1006,0.904572564612326,0.09542743538767395,N/A,N/A,N/A,N/A,N/A,N/A,N/A,N/A,0.008303252407291581,0.0,0.00917919991399487,0.0,0.5514211631702923,0.5444997508781542,0.5008824127535776
feaco_baseline__pos_3p0_rot_8p0__xyz3__ryp8__seed28,1006,0.9771371769383698,0.022862823061630233,N/A,N/A,N/A,N/A,N/A,N/A,N/A,N/A,0.05305968583070732,0.0306907378335949,0.05430116372908602,0.0326086956521739,0.6982724736193525,0.6834623603717019,0.5984316726728903
feaco_baseline__pos_3p0_rot_8p0__xyz3__ryp8__seed42,1006,0.0705765407554672,0.9294234592445328,N/A,N/A,N/A,N/A,N/A,N/A,N/A,N/A,0.0012194007582507738,0.0,0.01727770651831378,0.0175438596491228,0.4222889328204176,0.419956636336978,0.3934580503600567
feaco_baseline__pos_only_0p2__xyz0p2__ryp0__seed20,1006,0.989065606361829,0.010934393638170947,N/A,N/A,N/A,N/A,N/A,N/A,N/A,N/A,0.22222842746139118,0.2258064516129032,0.22468522414689399,0.2272727272727272,0.8608757973182036,0.8418955438502248,0.7444353353117107
feaco_baseline__pos_only_0p2__xyz0p2__ryp0__seed28,1006,0.9870775347912525,0.012922465208747513,N/A,N/A,N/A,N/A,N/A,N/A,N/A,N/A,0.21794855333545074,0.23360215053763433,0.22080185765907698,0.2345679012345679,0.8517631202956596,0.8348210992731362,0.737868534603742
feaco_baseline__pos_only_0p2__xyz0p2__ryp0__seed42,1006,0.9910536779324056,0.008946322067594381,N/A,N/A,N/A,N/A,N/A,N/A,N/A,N/A,0.2296465467441402,0.2389682024659312,0.2317195847789419,0.2403100775193798,0.8574704758837174,0.8393578648549601,0.738881391241568
feaco_baseline__pos_only_0p5__xyz0p5__ryp0__seed20,1006,0.989065606361829,0.010934393638170947,N/A,N/A,N/A,N/A,N/A,N/A,N/A,N/A,0.19371938985001258,0.2,0.19586101124533933,0.2023809523809523,0.8516332576181644,0.8342932251797176,0.7310652067274478
feaco_baseline__pos_only_0p5__xyz0p5__ryp0__seed28,1006,0.9870775347912525,0.012922465208747513,N/A,N/A,N/A,N/A,N/A,N/A,N/A,N/A,0.21099716639029523,0.2204636091724825,0.21375946564817422,0.2222222222222222,0.8345060567648979,0.8169625903174862,0.7178593968873753
feaco_baseline__pos_only_0p5__xyz0p5__ryp0__seed42,1006,0.9731610337972167,0.026838966202783254,N/A,N/A,N/A,N/A,N/A,N/A,N/A,N/A,0.17306234896521486,0.17124060150375936,0.17783526359449045,0.1756756756756756,0.8412794151805459,0.8203928488722171,0.7168507220515914
feaco_baseline__pos_only_1p0__xyz1__ryp0__seed20,1006,0.9731610337972167,0.026838966202783254,N/A,N/A,N/A,N/A,N/A,N/A,N/A,N/A,0.16912514705115597,0.17124060150375936,0.1737894769494003,0.1744186046511628,0.8312105301645235,0.8088728795394221,0.7024086203437637
feaco_baseline__pos_only_1p0__xyz1__ryp0__seed28,1006,0.9811133200795229,0.0188866799204771,N/A,N/A,N/A,N/A,N/A,N/A,N/A,N/A,0.1781994819756362,0.1962535014005602,0.18162986714031407,0.2,0.8028285026509849,0.7799259174208574,0.6820222150320742
feaco_baseline__pos_only_1p0__xyz1__ryp0__seed42,1006,0.94831013916501,0.05168986083499005,N/A,N/A,N/A,N/A,N/A,N/A,N/A,N/A,0.12134888550971877,0.1081081081081081,0.12796329017062585,0.11384388807069215,0.7984403128469757,0.778199445783912,0.6673765915341892
feaco_baseline__pos_only_1p5__xyz1p5__ryp0__seed20,1006,0.9691848906560636,0.030815109343936387,N/A,N/A,N/A,N/A,N/A,N/A,N/A,N/A,0.12468503125300724,0.1176470588235294,0.1286493758364362,0.1212121212121212,0.7868524641228013,0.7655405174120304,0.6688962088310597
feaco_baseline__pos_only_1p5__xyz1p5__ryp0__seed28,1006,0.9761431411530815,0.02385685884691846,N/A,N/A,N/A,N/A,N/A,N/A,N/A,N/A,0.17207141954527203,0.1707317073170731,0.17627683102092018,0.1739130434782608,0.7650052064821599,0.748325942721257,0.6617103837159375
feaco_baseline__pos_only_1p5__xyz1p5__ryp0__seed42,1006,0.9224652087475149,0.07753479125248508,N/A,N/A,N/A,N/A,N/A,N/A,N/A,N/A,0.0686127800146645,0.0444444444444444,0.07437980247279363,0.0544466403162055,0.7413777988052704,0.7155767646206773,0.6014462337979237
feaco_baseline__pos_only_2p0__xyz2__ryp0__seed20,1006,0.9433399602385686,0.05666003976143141,N/A,N/A,N/A,N/A,N/A,N/A,N/A,N/A,0.0845963970198723,0.0683374844333748,0.08967752940146632,0.074074074074074,0.7506807044580801,0.7271899243583431,0.6217544572723692
feaco_baseline__pos_only_2p0__xyz2__ryp0__seed28,1006,0.9781312127236581,0.021868787276341894,N/A,N/A,N/A,N/A,N/A,N/A,N/A,N/A,0.13478844334783258,0.11948410123296554,0.13780200610560933,0.12294197031039131,0.7434544999515708,0.7185658928531339,0.6291033461833644
feaco_baseline__pos_only_2p0__xyz2__ryp0__seed42,1006,0.7733598409542743,0.22664015904572565,N/A,N/A,N/A,N/A,N/A,N/A,N/A,N/A,0.014241999040969266,0.0,0.01841574683189599,0.0,0.6060503440643376,0.590818585573774,0.5135037759861296
feaco_baseline__pos_only_3p0__xyz3__ryp0__seed20,1006,0.9165009940357853,0.08349900596421467,N/A,N/A,N/A,N/A,N/A,N/A,N/A,N/A,0.033641150255038575,0.0,0.036706070668729725,0.012739370334306999,0.6736341208921657,0.6521302810634496,0.5573940080461357
feaco_baseline__pos_only_3p0__xyz3__ryp0__seed28,1006,0.9781312127236581,0.021868787276341894,N/A,N/A,N/A,N/A,N/A,N/A,N/A,N/A,0.05999627979105326,0.0357142857142857,0.06133766003028413,0.0384615384615384,0.7022773471739535,0.6877237352228354,0.609029945977189
feaco_baseline__pos_only_3p0__xyz3__ryp0__seed42,1006,0.0705765407554672,0.9294234592445328,N/A,N/A,N/A,N/A,N/A,N/A,N/A,N/A,0.0014068240163806625,0.0,0.019933309302520377,0.0181818181818181,0.4250445652299741,0.42253715995516816,0.39294053853709154
feaco_baseline__rot_only_10p0__xyz0__ryp10__seed20,1006,0.9870775347912525,0.012922465208747513,N/A,N/A,N/A,N/A,N/A,N/A,N/A,N/A,0.012821662006204756,0.0,0.012989518608501496,0.0,0.599156839299985,0.5902587274704831,0.5359059347987594
feaco_baseline__rot_only_10p0__xyz0__ryp10__seed28,1006,0.9910536779324056,0.008946322067594381,N/A,N/A,N/A,N/A,N/A,N/A,N/A,N/A,0.18499602167150325,0.1818181818181818,0.18666599578889898,0.1836734693877551,0.8217878397354801,0.7384897025458315,0.5744924960313311
feaco_baseline__rot_only_10p0__xyz0__ryp10__seed42,1006,0.9900596421471173,0.00994035785288272,N/A,N/A,N/A,N/A,N/A,N/A,N/A,N/A,0.05995059000865154,0.043010752688172,0.060552503562955266,0.0434782608695652,0.6335298520162782,0.6065713141717624,0.5382227219995266
feaco_baseline__rot_only_14p0__xyz0__ryp14__seed20,1006,0.9801192842942346,0.01988071570576544,N/A,N/A,N/A,N/A,N/A,N/A,N/A,N/A,0.009192412060479764,0.0,0.009378870722964141,0.0,0.6201926428433754,0.609286344744334,0.5568589944588525
feaco_baseline__rot_only_14p0__xyz0__ryp14__seed28,1006,0.9910536779324056,0.008946322067594381,N/A,N/A,N/A,N/A,N/A,N/A,N/A,N/A,0.15731978198740582,0.15490579452541764,0.1587399204406522,0.15625,0.7841094467886423,0.6851924128448783,0.5336863103358783
feaco_baseline__rot_only_14p0__xyz0__ryp14__seed42,1006,0.9920477137176938,0.007952286282306154,N/A,N/A,N/A,N/A,N/A,N/A,N/A,N/A,0.04099289914019334,0.027027027027027,0.041321499534102704,0.0273972602739726,0.6155834620765976,0.5937804991577559,0.5270304028275397
feaco_baseline__rot_only_18p0__xyz0__ryp18__seed20,1006,0.9433399602385686,0.05666003976143141,N/A,N/A,N/A,N/A,N/A,N/A,N/A,N/A,0.01004942995603409,0.0,0.010653031123045624,0.0,0.6262502217358004,0.6157473412104859,0.5614621795180057
feaco_baseline__rot_only_18p0__xyz0__ryp18__seed28,1006,0.9900596421471173,0.00994035785288272,N/A,N/A,N/A,N/A,N/A,N/A,N/A,N/A,0.13671216680927262,0.1212121212121212,0.1380847789258316,0.12276295133437985,0.741661544625196,0.6638584192406952,0.5292190383018951
feaco_baseline__rot_only_18p0__xyz0__ryp18__seed42,1006,0.9870775347912525,0.012922465208747513,N/A,N/A,N/A,N/A,N/A,N/A,N/A,N/A,0.028712435162244424,0.019512659432705103,0.02908832806970583,0.02,0.601209162703042,0.5859644597238769,0.5284021699026842
feaco_baseline__rot_only_1p0__xyz0__ryp1__seed20,1006,0.9870775347912525,0.012922465208747513,N/A,N/A,N/A,N/A,N/A,N/A,N/A,N/A,0.14142562407839643,0.12546296296296294,0.14327711764639156,0.1267605633802817,0.7508975193059855,0.6871726853067431,0.5508257460630499
feaco_baseline__rot_only_1p0__xyz0__ryp1__seed28,1006,0.9940357852882704,0.005964214711729587,N/A,N/A,N/A,N/A,N/A,N/A,N/A,N/A,0.25694909673613486,0.2769230769230769,0.25849079131655167,0.2777777777777778,0.8613439860704456,0.8415595572489636,0.7392158209419312
feaco_baseline__rot_only_1p0__xyz0__ryp1__seed42,1006,0.9910536779324056,0.008946322067594381,N/A,N/A,N/A,N/A,N/A,N/A,N/A,N/A,0.2410826488796343,0.2547782185358817,0.24325892153752468,0.2558139534883721,0.8530138849926431,0.8314882997668966,0.7148647025450231
feaco_baseline__rot_only_2p0__xyz0__ryp2__seed20,1006,0.9910536779324056,0.008946322067594381,N/A,N/A,N/A,N/A,N/A,N/A,N/A,N/A,0.0672370920779306,0.0490999678559948,0.06784404677071032,0.0491803278688524,0.6434099650425735,0.6148666518797,0.5387224441181215
feaco_baseline__rot_only_2p0__xyz0__ryp2__seed28,1006,0.9920477137176938,0.007952286282306154,N/A,N/A,N/A,N/A,N/A,N/A,N/A,N/A,0.2549818839316609,0.2769230769230769,0.2570258268890289,0.27823315118397085,0.8620844650532395,0.8399113496523191,0.7325949073450976
feaco_baseline__rot_only_2p0__xyz0__ryp2__seed42,1006,0.9910536779324056,0.008946322067594381,N/A,N/A,N/A,N/A,N/A,N/A,N/A,N/A,0.20696673123524903,0.217129387113672,0.2088350367328591,0.2179487179487179,0.8373088526948961,0.7955361320333085,0.6335810443437073
feaco_baseline__rot_only_4p0__xyz0__ryp4__seed20,1006,0.989065606361829,0.010934393638170947,N/A,N/A,N/A,N/A,N/A,N/A,N/A,N/A,0.026124425921020916,0.0170215848181949,0.026413238669896526,0.0172413793103448,0.6052259313013781,0.591290684063445,0.52935812769695
feaco_baseline__rot_only_4p0__xyz0__ryp4__seed28,1006,0.9910536779324056,0.008946322067594381,N/A,N/A,N/A,N/A,N/A,N/A,N/A,N/A,0.24141314704414274,0.25987012987012986,0.24359240313581504,0.2608695652173913,0.8530905323082404,0.8247421876058117,0.688519549854436
feaco_baseline__rot_only_4p0__xyz0__ryp4__seed42,1006,0.9910536779324056,0.008946322067594381,N/A,N/A,N/A,N/A,N/A,N/A,N/A,N/A,0.15242786647248482,0.1450381679389313,0.15380384520694054,0.1454545454545454,0.7734448410006282,0.7034776743003215,0.5499345913553312
feaco_baseline__rot_only_6p0__xyz0__ryp6__seed20,1006,0.989065606361829,0.010934393638170947,N/A,N/A,N/A,N/A,N/A,N/A,N/A,N/A,0.013713844299613719,0.0069447793585724,0.013865454638604424,0.0075757575757575,0.5835254324845152,0.5718025218080408,0.5195072943480239
feaco_baseline__rot_only_6p0__xyz0__ryp6__seed28,1006,0.989065606361829,0.010934393638170947,N/A,N/A,N/A,N/A,N/A,N/A,N/A,N/A,0.22436681297748906,0.240253164556962,0.2268472501058834,0.2413793103448276,0.8471366334656515,0.8084996513326905,0.6428148626055927
feaco_baseline__rot_only_6p0__xyz0__ryp6__seed42,1006,0.9880715705765407,0.011928429423459286,N/A,N/A,N/A,N/A,N/A,N/A,N/A,N/A,0.11172461527641733,0.0930232558139534,0.11307340338840627,0.09422863485016644,0.7025564966329548,0.641935563901809,0.53536118697129
feaco_baseline__rot_only_8p0__xyz0__ryp8__seed20,1006,0.9811133200795229,0.0188866799204771,N/A,N/A,N/A,N/A,N/A,N/A,N/A,N/A,0.013505920186666315,0.0,0.013765912571212069,0.0,0.5941950014179167,0.5822199899258887,0.5256330848569203
feaco_baseline__rot_only_8p0__xyz0__ryp8__seed28,1006,0.9900596421471173,0.00994035785288272,N/A,N/A,N/A,N/A,N/A,N/A,N/A,N/A,0.20272573641719305,0.2131481481481481,0.20476113537720503,0.2142857142857142,0.8377901248780457,0.7854432739715851,0.6054131175154598
feaco_baseline__rot_only_8p0__xyz0__ryp8__seed42,1006,0.989065606361829,0.010934393638170947,N/A,N/A,N/A,N/A,N/A,N/A,N/A,N/A,0.07571076694317305,0.059322033898305,0.07654777039681616,0.06,0.666079323528333,0.6223709129025314,0.5355838336503524
level2_status_skip_vertical_blur_bss0p05__clean__xyz0__ryp0__seed20,1006,0.9025844930417495,0.09741550695825052,0.9025844930417495,0.09741550695825049,0.04572564612326044,0.04572564612326044,8.59683354197837,1.23459130525589,50.01000213623047,9.848594951629638,0.25913555520673526,0.2759129967776584,0.28108106133661304,0.2916666666666667,0.8668736211198633,0.8502373227427092,0.7507224172233985
level2_status_skip_vertical_blur_bss0p05__clean__xyz0__ryp0__seed28,1006,0.9025844930417495,0.09741550695825052,0.9025844930417495,0.09741550695825049,0.04572564612326044,0.04572564612326044,8.512482440045705,1.2560988664627075,50.01000213623047,9.848594951629638,0.25888823470808237,0.2777777777777778,0.28077402528647105,0.2923802612481857,0.8671655224560225,0.8502832303645588,0.750942050736234
level2_status_skip_vertical_blur_bss0p05__clean__xyz0__ryp0__seed42,1006,0.9025844930417495,0.09741550695825052,0.9025844930417495,0.09741550695825049,0.04970178926441352,0.04970178926441352,8.60383408144596,1.23459130525589,50.01000213623047,10.154433059692382,0.2586730186556534,0.27639257294429703,0.28062661545835915,0.2918510324483776,0.866857267274312,0.851662391492097,0.7506916100845195
level2_status_skip_vertical_blur_bss0p05__pos_0p2_rot_10p0__xyz0p2__ryp10__seed20,1006,0.8101391650099403,0.18986083499005968,0.8101391650099403,0.18986083499005965,0.6202783300198808,0.6202783300198808,99.38390773220755,50.01000213623047,311.3261489868164,376.15328369140616,0.010847122423409405,0.0,0.010831768159026811,0.0,0.6117458968028803,0.6033263614821203,0.5513206009284898
level2_status_skip_vertical_blur_bss0p05__pos_0p2_rot_10p0__xyz0p2__ryp10__seed28,1006,0.8936381709741551,0.1063618290258449,0.8936381709741551,0.10636182902584493,0.06759443339960239,0.06759443339960239,8.811265547058099,1.524035394191742,50.01000213623047,14.962907981872545,0.17845213855977562,0.1798336798336798,0.1950769361721562,0.1900826446280991,0.8241016224653281,0.7541702708653045,0.5868617269567573
level2_status_skip_vertical_blur_bss0p05__pos_0p2_rot_10p0__xyz0p2__ryp10__seed42,1006,0.8817097415506958,0.11829025844930419,0.8817097415506958,0.11829025844930417,0.1679920477137177,0.1679920477137177,17.040742846211298,3.262298107147217,50.01000213623047,45.13724861145016,0.05977716980162555,0.0392156862745098,0.06483981498041318,0.0442477876106194,0.6532877854734451,0.6284269664042402,0.554914947599604
level2_status_skip_vertical_blur_bss0p05__pos_0p2_rot_14p0__xyz0p2__ryp14__seed20,1006,0.7157057654075547,0.2842942345924453,0.7157057654075547,0.28429423459244535,0.643141153081511,0.643141153081511,185.75802191527595,50.01000213623047,576.2931518554688,670.8405822753905,0.008742743555554844,0.0,0.007216449013145448,0.0,0.644184098710199,0.6329797641781079,0.5756486190904431
level2_status_skip_vertical_blur_bss0p05__pos_0p2_rot_14p0__xyz0p2__ryp14__seed28,1006,0.8976143141153081,0.10238568588469188,0.8976143141153081,0.10238568588469185,0.07256461232604373,0.07256461232604373,9.460950010206188,1.5996497869491577,50.01000213623047,16.14930915832519,0.1517749690989014,0.14962686567164174,0.16468879430720854,0.1621621621621621,0.7881002675603692,0.6976918484149134,0.5445561369314601
level2_status_skip_vertical_blur_bss0p05__pos_0p2_rot_14p0__xyz0p2__ryp14__seed42,1006,0.889662027833002,0.11033797216699803,0.889662027833002,0.110337972166998,0.24453280318091453,0.24453280318091453,20.50135556922459,5.388235807418823,64.80721092224121,70.32193984985352,0.04041920562569851,0.025370092254880898,0.043393973263967114,0.0267857142857142,0.6280556802940876,0.6072745029437249,0.5473681917437433
level2_status_skip_vertical_blur_bss0p05__pos_0p2_rot_18p0__xyz0p2__ryp18__seed20,1006,0.5616302186878728,0.4383697813121272,0.5616302186878728,0.4383697813121272,0.5357852882703777,0.5357852882703777,245.97081752681353,50.01000213623047,889.5561218261719,1251.5700683593732,0.009711801469359885,0.0,0.005887840304497931,0.0,0.6550268351577475,0.6447449338982449,0.5848194639074006
level2_status_skip_vertical_blur_bss0p05__pos_0p2_rot_18p0__xyz0p2__ryp18__seed28,1006,0.8916500994035785,0.10834990059642147,0.8916500994035785,0.10834990059642147,0.07654075546719682,0.07654075546719682,10.870355702349716,1.7613410949707031,50.01000213623047,15.580648422241199,0.1338149982082996,0.125,0.14632374288147873,0.1358024691358024,0.7472489158887561,0.6744362659537517,0.5410918341266062
level2_status_skip_vertical_blur_bss0p05__pos_0p2_rot_18p0__xyz0p2__ryp18__seed42,1006,0.882703777335984,0.11729622266401596,0.882703777335984,0.1172962226640159,0.3399602385685885,0.3399602385685885,29.345848533889615,8.409643650054932,92.81760597229004,95.71268997192381,0.02683965242427711,0.0173163418290854,0.028338294724697687,0.0191391941391941,0.6217677376710254,0.6069331822802918,0.5478103991117347
level2_status_skip_vertical_blur_bss0p05__pos_0p2_rot_1p0__xyz0p2__ryp1__seed20,1006,0.8886679920477137,0.11133200795228626,0.8886679920477137,0.11133200795228629,0.08846918489065607,0.08846918489065607,10.789305584859024,1.7850590944290161,50.01000213623047,22.87077140808105,0.12874223090295744,0.1166465877684076,0.14063126885509133,0.12692489931295894,0.7516221749813575,0.6892831525884848,0.5568680285483579
level2_status_skip_vertical_blur_bss0p05__pos_0p2_rot_1p0__xyz0p2__ryp1__seed28,1006,0.8956262425447317,0.10437375745526833,0.8956262425447317,0.10437375745526839,0.06958250497017893,0.06958250497017893,9.093769155097348,1.2759636640548706,50.01000213623047,15.831805229187012,0.21618934490410796,0.23473824312333624,0.23524393474345628,0.2444444444444444,0.8538245822506698,0.8318803278065302,0.7259112794027747
level2_status_skip_vertical_blur_bss0p05__pos_0p2_rot_1p0__xyz0p2__ryp1__seed42,1006,0.8916500994035785,0.10834990059642147,0.8916500994035785,0.10834990059642147,0.06262425447316103,0.06262425447316103,8.456910441694369,1.3819195628166199,50.01000213623047,11.666941261291504,0.21807880918088005,0.2258064516129032,0.23843182076421207,0.2410714285714285,0.8597112780247008,0.8395366701120818,0.7157309532351988
level2_status_skip_vertical_blur_bss0p05__pos_0p2_rot_2p0__xyz0p2__ryp2__seed20,1006,0.8916500994035785,0.10834990059642147,0.8916500994035785,0.10834990059642147,0.1441351888667992,0.1441351888667992,15.777304994205299,2.727993965148926,50.01000213623047,40.9870811462402,0.06666394762295497,0.04640396210163645,0.07185928493868737,0.0515463917525773,0.6529232979376326,0.6241918636288737,0.5501599427138728
level2_status_skip_vertical_blur_bss0p05__pos_0p2_rot_2p0__xyz0p2__ryp2__seed28,1006,0.8916500994035785,0.10834990059642147,0.8916500994035785,0.10834990059642147,0.0775347912524851,0.0775347912524851,8.568695601471886,1.1754791736602783,50.01000213623047,15.800925445556619,0.215416400287299,0.22961896322552056,0.234623141729862,0.2407407407407407,0.8575170834503509,0.8378880626005201,0.7275354370493909
level2_status_skip_vertical_blur_bss0p05__pos_0p2_rot_2p0__xyz0p2__ryp2__seed42,1006,0.889662027833002,0.11033797216699803,0.889662027833002,0.110337972166998,0.07157057654075547,0.07157057654075547,8.741421055537476,1.425820231437683,50.01000213623047,14.514214611053461,0.19314766280962692,0.20271509814712896,0.2124384287833497,0.2135922330097087,0.8418311811325474,0.8005093719963624,0.6454797760698695
level2_status_skip_vertical_blur_bss0p05__pos_0p2_rot_4p0__xyz0p2__ryp4__seed20,1006,0.8817097415506958,0.11829025844930419,0.8817097415506958,0.11829025844930417,0.3518886679920477,0.3518886679920477,35.51051463868106,8.693185806274414,110.84858322143555,120.55799331665011,0.024094505074173087,0.0175438596491228,0.02567294274096372,0.0188679245283018,0.6168854178895017,0.6033015938710272,0.5444817606653011
level2_status_skip_vertical_blur_bss0p05__pos_0p2_rot_4p0__xyz0p2__ryp4__seed28,1006,0.8946322067594433,0.10536779324055667,0.8946322067594433,0.10536779324055666,0.06262425447316103,0.06262425447316103,10.041240417238196,1.1965232491493225,50.01000213623047,13.893716764450073,0.21311617132984123,0.2222222222222222,0.23257095401860647,0.2333333333333333,0.8566671638452702,0.8316974066072157,0.6913488689645337
level2_status_skip_vertical_blur_bss0p05__pos_0p2_rot_4p0__xyz0p2__ryp4__seed42,1006,0.8886679920477137,0.11133200795228626,0.8886679920477137,0.11133200795228629,0.09542743538767395,0.09542743538767395,10.733438320490622,1.7852084040641785,50.01000213623047,24.859518623352,0.14281250628441045,0.1313131313131313,0.1561983973781309,0.13998593106220475,0.7748223088697013,0.7141457296754578,0.569468289637979
level2_status_skip_vertical_blur_bss0p05__pos_0p2_rot_6p0__xyz0p2__ryp6__seed20,1006,0.8866799204771372,0.11332007952286283,0.8866799204771372,0.11332007952286283,0.5278330019880716,0.5278330019880716,120.67032257243102,19.86522388458252,890.0363922119141,957.5651123046874,0.015350326666886113,0.0080650406504065,0.01563181015734966,0.0084389688078621,0.5944418420339331,0.5820553106331318,0.5293593171177714
level2_status_skip_vertical_blur_bss0p05__pos_0p2_rot_6p0__xyz0p2__ryp6__seed28,1006,0.8996023856858847,0.10039761431411531,0.8996023856858847,0.10039761431411531,0.06759443339960239,0.06759443339960239,8.928530268117445,1.3297783136367798,50.01000213623047,13.434467124938962,0.20645991822257279,0.21160864682762492,0.22447164448300025,0.2258064516129032,0.8409430343062162,0.8094708184564113,0.6534492188620867
level2_status_skip_vertical_blur_bss0p05__pos_0p2_rot_6p0__xyz0p2__ryp6__seed42,1006,0.885685884691849,0.11431411530815105,0.885685884691849,0.1143141153081511,0.10934393638170974,0.10934393638170974,11.748581626298828,2.2673293352127075,50.01000213623047,27.578612327575684,0.09914716596797322,0.0869565217391304,0.10771732865897486,0.0941176470588235,0.6982433966345406,0.6498680373306387,0.5516516834624066
level2_status_skip_vertical_blur_bss0p05__pos_0p2_rot_8p0__xyz0p2__ryp8__seed20,1006,0.8369781312127237,0.16302186878727631,0.8369781312127237,0.16302186878727634,0.5894632206759444,0.5894632206759444,98.7447219007828,40.26516151428223,275.1055755615234,336.65109405517546,0.013892940081158375,0.0,0.013766260920146947,0.0,0.6039501857271816,0.5935175117337577,0.5446180327254705
level2_status_skip_vertical_blur_bss0p05__pos_0p2_rot_8p0__xyz0p2__ryp8__seed28,1006,0.8936381709741551,0.1063618290258449,0.8936381709741551,0.10636182902584493,0.055666003976143144,0.055666003976143144,10.32247823434206,1.50249445438385,50.01000213623047,11.919540119171124,0.19269419745185293,0.19617005680776978,0.2102918034275199,0.2087912087912088,0.8405734791080361,0.7861415174027175,0.6142388840778872
level2_status_skip_vertical_blur_bss0p05__pos_0p2_rot_8p0__xyz0p2__ryp8__seed42,1006,0.8866799204771372,0.11332007952286283,0.8866799204771372,0.11332007952286283,0.1242544731610338,0.1242544731610338,12.242129951294615,2.657197952270508,50.01000213623047,31.307092285156227,0.07479223481504843,0.0564709008769598,0.08056525141570794,0.0602409638554216,0.6690155444478079,0.6347999960835979,0.5539548574313701
level2_status_skip_vertical_blur_bss0p05__pos_0p5_rot_10p0__xyz0p5__ryp10__seed20,1006,0.7922465208747514,0.20775347912524855,0.7922465208747514,0.2077534791252485,0.6302186878727635,0.6302186878727635,89.92347262374628,50.01000213623047,290.90564727783203,375.5115661621093,0.011618736688099192,0.0,0.011446996823975418,0.0,0.6132796326409264,0.6024702857193753,0.5507130005162079
level2_status_skip_vertical_blur_bss0p05__pos_0p5_rot_10p0__xyz0p5__ryp10__seed28,1006,0.889662027833002,0.11033797216699803,0.889662027833002,0.110337972166998,0.08648111332007952,0.08648111332007952,11.834844486987354,1.4016152024269104,50.01000213623047,19.213220214843744,0.1799021370002981,0.18044171220400723,0.19567582045113352,0.1935483870967742,0.8154679621051498,0.751282537666862,0.5863250171140062
level2_status_skip_vertical_blur_bss0p05__pos_0p5_rot_10p0__xyz0p5__ryp10__seed42,1006,0.8618290258449304,0.13817097415506963,0.8618290258449304,0.13817097415506957,0.19582504970178927,0.19582504970178927,21.35427483692363,4.575188398361206,57.526333808898926,63.01972312927236,0.052541136329711254,0.03125,0.057157880432705,0.036144578313253,0.6473042907492705,0.6267746567907202,0.5628784281766412
level2_status_skip_vertical_blur_bss0p05__pos_0p5_rot_14p0__xyz0p5__ryp14__seed20,1006,0.709741550695825,0.290258449304175,0.709741550695825,0.29025844930417494,0.6540755467196819,0.6540755467196819,224.20596876592333,52.613752365112305,636.0675659179688,725.9333099365235,0.00922437485662122,0.0,0.006801329562225657,0.0,0.6302952393120763,0.6220078263330785,0.5675415512308473
level2_status_skip_vertical_blur_bss0p05__pos_0p5_rot_14p0__xyz0p5__ryp14__seed28,1006,0.8866799204771372,0.11332007952286283,0.8866799204771372,0.11332007952286283,0.06660039761431412,0.06660039761431412,10.002626130489753,1.5922647714614868,50.01000213623047,14.697958374023406,0.1477399730969238,0.1470588235294117,0.16212634482995375,0.1570838252656434,0.7896242227231186,0.7045931122592154,0.552638627831231
level2_status_skip_vertical_blur_bss0p05__pos_0p5_rot_14p0__xyz0p5__ryp14__seed42,1006,0.8697813121272365,0.13021868787276347,0.8697813121272365,0.13021868787276342,0.2783300198807157,0.2783300198807157,24.369912923833958,6.48225474357605,90.89377975463869,97.58619308471678,0.03485332234792857,0.0192307692307692,0.036984630890822226,0.021505376344086,0.6257974570475323,0.6128318783240515,0.560604035723765
level2_status_skip_vertical_blur_bss0p05__pos_0p5_rot_18p0__xyz0p5__ryp18__seed20,1006,0.5497017892644135,0.4502982107355865,0.5497017892644135,0.45029821073558646,0.5198807157057654,0.5198807157057654,242.7711232878105,50.01000213623047,910.7462005615234,1211.2286621093742,0.010688556162444659,0.0,0.005878518681656126,0.0,0.6454042351607192,0.6357196397752969,0.5769826904018206
level2_status_skip_vertical_blur_bss0p05__pos_0p5_rot_18p0__xyz0p5__ryp18__seed28,1006,0.8886679920477137,0.11133200795228626,0.8886679920477137,0.11133200795228629,0.0874751491053678,0.0874751491053678,9.774834613656918,1.9805611968040466,50.01000213623047,18.378247642517078,0.12495011043085469,0.12018518518518514,0.13662765224827306,0.1304347826086956,0.7471428549516783,0.6710852637626242,0.5383860422462867
level2_status_skip_vertical_blur_bss0p05__pos_0p5_rot_18p0__xyz0p5__ryp18__seed42,1006,0.8618290258449304,0.13817097415506963,0.8618290258449304,0.13817097415506957,0.3508946322067594,0.3508946322067594,36.219066421906824,9.46613073348999,122.63240051269531,137.49937896728497,0.019696190910106784,0.0106382978723404,0.020950137105038236,0.0119047619047619,0.6198000306702206,0.6064176965913529,0.5522682620219269
level2_status_skip_vertical_blur_bss0p05__pos_0p5_rot_1p0__xyz0p5__ryp1__seed20,1006,0.8886679920477137,0.11133200795228626,0.8886679920477137,0.11133200795228629,0.10834990059642147,0.10834990059642147,11.44117900629371,1.9319175481796265,50.01000213623047,25.88248043060297,0.12638030690312183,0.11342195540308744,0.1382181562403116,0.12613200620053844,0.7427443612548307,0.6853270939718457,0.5670618801440903
level2_status_skip_vertical_blur_bss0p05__pos_0p5_rot_1p0__xyz0p5__ryp1__seed28,1006,0.8926441351888668,0.10735586481113324,0.8926441351888668,0.1073558648111332,0.06759443339960239,0.06759443339960239,9.755590208154054,1.3702110648155212,50.01000213623047,17.260411071777337,0.21276287212133435,0.221009079416159,0.23209883560471223,0.23603308364544315,0.8409969750241387,0.8227426305592361,0.7184322878987724
level2_status_skip_vertical_blur_bss0p05__pos_0p5_rot_1p0__xyz0p5__ryp1__seed42,1006,0.8727634194831014,0.12723658051689857,0.8727634194831014,0.1272365805168986,0.08846918489065607,0.08846918489065607,11.029331425190367,1.6595433950424194,50.01000213623047,16.708544158935528,0.17591372327093635,0.17320512820512815,0.19607768447096452,0.19074371321562325,0.8418839252162543,0.819366828674938,0.7031854993347406
level2_status_skip_vertical_blur_bss0p05__pos_0p5_rot_2p0__xyz0p5__ryp2__seed20,1006,0.8817097415506958,0.11829025844930419,0.8817097415506958,0.11829025844930417,0.17296222664015903,0.17296222664015903,15.113674734506171,3.4875646829605103,50.01000213623047,46.16277961730949,0.06264869133277137,0.0433218642477322,0.06763628125663106,0.0476190476190476,0.6553057910625183,0.6266641022177293,0.5607118852732366
level2_status_skip_vertical_blur_bss0p05__pos_0p5_rot_2p0__xyz0p5__ryp2__seed28,1006,0.8846918489065606,0.11530815109343939,0.8846918489065606,0.11530815109343936,0.06262425447316103,0.06262425447316103,11.495607383079884,1.3842446208000183,50.01000213623047,15.525909709930406,0.2132288936756782,0.2222222222222222,0.23373179105251513,0.23918733640782744,0.8439317757849351,0.822049346313395,0.713453541664103
level2_status_skip_vertical_blur_bss0p05__pos_0p5_rot_2p0__xyz0p5__ryp2__seed42,1006,0.8717693836978131,0.1282306163021869,0.8717693836978131,0.12823061630218688,0.09840954274353876,0.09840954274353876,11.092516433074689,1.8374707102775574,50.01000213623047,18.328421401977494,0.16263613910122796,0.1553398058252427,0.1804142250481412,0.1698113207547169,0.8273680820364773,0.7867177448762604,0.6367958170522426
level2_status_skip_vertical_blur_bss0p05__pos_0p5_rot_4p0__xyz0p5__ryp4__seed20,1006,0.8767395626242545,0.12326043737574555,0.8767395626242545,0.12326043737574553,0.3946322067594433,0.3946322067594433,60.342598906534455,10.227432250976562,152.2639274597168,168.8329895019531,0.022448028564295685,0.013891568589619901,0.02339915968387663,0.015625,0.6168525124213515,0.601840194665794,0.5449642351931793
level2_status_skip_vertical_blur_bss0p05__pos_0p5_rot_4p0__xyz0p5__ryp4__seed28,1006,0.8836978131212724,0.11630218687872762,0.8836978131212724,0.11630218687872763,0.07157057654075547,0.07157057654075547,11.876193274616782,1.3267438411712646,50.01000213623047,18.333867645263666,0.20618008903017782,0.21461949265687574,0.2267482139676503,0.2291666666666666,0.8385097064368778,0.8136339641784851,0.6831363923715545
level2_status_skip_vertical_blur_bss0p05__pos_0p5_rot_4p0__xyz0p5__ryp4__seed42,1006,0.8757455268389662,0.12425447316103377,0.8757455268389662,0.1242544731610338,0.1272365805168986,0.1272365805168986,13.194564991961297,2.2087185382843018,50.01000213623047,27.845123291015625,0.12254210612718977,0.108893280632411,0.13473100293629522,0.1176470588235294,0.7573327737508465,0.7007854848509601,0.5787530425984654
level2_status_skip_vertical_blur_bss0p05__pos_0p5_rot_6p0__xyz0p5__ryp6__seed20,1006,0.8846918489065606,0.11530815109343939,0.8846918489065606,0.11530815109343936,0.55168986083499,0.55168986083499,126.13891117973161,22.535727500915527,978.1539916992188,1019.7887023925772,0.013243030690795882,0.0,0.014077854560753516,0.0,0.5907522549279064,0.5809629297928026,0.5322569894531523
level2_status_skip_vertical_blur_bss0p05__pos_0p5_rot_6p0__xyz0p5__ryp6__seed28,1006,0.885685884691849,0.11431411530815105,0.885685884691849,0.1143141153081511,0.07952286282306163,0.07952286282306163,11.654249432561558,1.3643938899040222,50.01000213623047,20.819790840148926,0.2009029368038369,0.2,0.21991838483766812,0.2142857142857142,0.8305847372225594,0.7922059859449927,0.6440917123464127
level2_status_skip_vertical_blur_bss0p05__pos_0p5_rot_6p0__xyz0p5__ryp6__seed42,1006,0.8677932405566601,0.13220675944333993,0.8677932405566601,0.13220675944333996,0.13320079522862824,0.13320079522862824,18.056641053676195,2.7317605018615723,50.01000213623047,31.768068695068305,0.08454144361322963,0.0677966101694915,0.09308196944824426,0.074074074074074,0.6966058470092582,0.6547241717420497,0.5647573234213014
level2_status_skip_vertical_blur_bss0p05__pos_0p5_rot_8p0__xyz0p5__ryp8__seed20,1006,0.8230616302186878,0.17693836978131217,0.8230616302186878,0.17693836978131214,0.595427435387674,0.595427435387674,93.58910086148124,45.72732734680176,219.72844696044922,270.8479339599608,0.012495835051904642,0.0,0.012461745424680006,0.0,0.5985528573809601,0.5890238032322642,0.54222965804126
level2_status_skip_vertical_blur_bss0p05__pos_0p5_rot_8p0__xyz0p5__ryp8__seed28,1006,0.8886679920477137,0.11133200795228626,0.8886679920477137,0.11133200795228629,0.0805168986083499,0.0805168986083499,10.537271397045918,1.258888602256775,50.01000213623047,18.23618192672723,0.1919979827794982,0.19139602893643215,0.2096475396005746,0.2043010752688172,0.8203063002001629,0.7735425288986445,0.611900069426676
level2_status_skip_vertical_blur_bss0p05__pos_0p5_rot_8p0__xyz0p5__ryp8__seed42,1006,0.8717693836978131,0.1282306163021869,0.8717693836978131,0.12823061630218688,0.16202783300198806,0.16202783300198806,16.036771880992305,3.305405378341675,50.01000213623047,34.062677764892555,0.06604399379687323,0.0449438202247191,0.07286401310146697,0.050632911392405,0.6648960465551244,0.6377515585374794,0.5663082380402525
level2_status_skip_vertical_blur_bss0p05__pos_1p0_rot_10p0__xyz1__ryp10__seed20,1006,0.7594433399602386,0.2405566600397614,0.7594433399602386,0.24055666003976142,0.6202783300198808,0.6202783300198808,131.3406374234684,50.01000213623047,420.9810943603516,554.1841186523442,0.010158420997806708,0.0,0.0106295489443304,0.0,0.5988901086857605,0.5902514051885163,0.5425886105984868
level2_status_skip_vertical_blur_bss0p05__pos_1p0_rot_10p0__xyz1__ryp10__seed28,1006,0.8747514910536779,0.1252485089463221,0.8747514910536779,0.12524850894632206,0.11928429423459244,0.11928429423459244,13.301918284738251,1.5901713371276855,50.01000213623047,34.680117988586375,0.16571777252590209,0.16247642991829034,0.18449951976702805,0.1818181818181818,0.7920571469781366,0.7392122330712193,0.5991963673678574
level2_status_skip_vertical_blur_bss0p05__pos_1p0_rot_10p0__xyz1__ryp10__seed42,1006,0.7952286282306164,0.20477137176938365,0.7952286282306164,0.2047713717693837,0.24254473161033796,0.24254473161033796,38.697872884761075,7.228300333023071,86.40037536621094,108.88137702941886,0.043986982342492174,0.0217391304347826,0.04669259390204095,0.024390243902439,0.6421605913278327,0.6262882408837593,0.5627857029493475
level2_status_skip_vertical_blur_bss0p05__pos_1p0_rot_14p0__xyz1__ryp14__seed20,1006,0.6709741550695825,0.32902584493041753,0.6709741550695825,0.3290258449304175,0.6063618290258449,0.6063618290258449,216.86078069935263,50.01000213623047,767.0742340087891,943.0879272460935,0.007550588871566411,0.0,0.0058174011510400015,0.0,0.6288080168527402,0.6206991734695811,0.5649925684815447
level2_status_skip_vertical_blur_bss0p05__pos_1p0_rot_14p0__xyz1__ryp14__seed28,1006,0.8777335984095428,0.12226640159045721,0.8777335984095428,0.12226640159045726,0.12027833001988071,0.12027833001988071,15.892731116797735,1.866493940353393,50.01000213623047,40.034619522094715,0.14692365607069854,0.13537750626566408,0.16211011283435128,0.1492537313432835,0.7661948160942179,0.7087028450049998,0.5712759543569692
level2_status_skip_vertical_blur_bss0p05__pos_1p0_rot_14p0__xyz1__ryp14__seed42,1006,0.7733598409542743,0.22664015904572565,0.7733598409542743,0.22664015904572565,0.3230616302186879,0.3230616302186879,37.748002347723634,12.570765018463135,131.31683349609375,162.61166687011712,0.026977046549581565,0.011237373737373699,0.02636923153525003,0.0128205128205128,0.6160866049104775,0.6054890757486832,0.5561044643868037
level2_status_skip_vertical_blur_bss0p05__pos_1p0_rot_18p0__xyz1__ryp18__seed20,1006,0.5178926441351889,0.4821073558648111,0.5178926441351889,0.4821073558648111,0.5019880715705766,0.5019880715705766,352.3124705048252,50.01000213623047,1062.2507629394531,1786.243896484375,0.008501633041224518,0.0,0.0042647177768199715,0.0,0.6316322436481102,0.6237322112870121,0.5661129282012527
level2_status_skip_vertical_blur_bss0p05__pos_1p0_rot_18p0__xyz1__ryp18__seed28,1006,0.878727634194831,0.12127236580516898,0.878727634194831,0.12127236580516898,0.12524850894632206,0.12524850894632206,15.159987994590967,2.2112579345703125,50.01000213623047,45.32875156402582,0.11610344178905496,0.1071428571428571,0.12768508444118373,0.1157280219780219,0.7436906504726613,0.6865526006901387,0.548526482559274
level2_status_skip_vertical_blur_bss0p05__pos_1p0_rot_18p0__xyz1__ryp18__seed42,1006,0.7703777335984096,0.22962226640159045,0.7703777335984096,0.22962226640159045,0.4115308151093439,0.4115308151093439,60.78144148335409,18.94096565246582,202.45057678222656,296.6377502441404,0.016604898407897133,0.0,0.016653103044796464,0.0092592592592592,0.6090663007856317,0.5975063091842661,0.5491537989793903
level2_status_skip_vertical_blur_bss0p05__pos_1p0_rot_1p0__xyz1__ryp1__seed20,1006,0.8588469184890656,0.14115308151093442,0.8588469184890656,0.1411530815109344,0.1908548707753479,0.1908548707753479,19.002497147318557,3.526167869567871,50.01000213623047,54.735962104797224,0.10344732824491484,0.08586789554531485,0.11283158839898484,0.0949163449163449,0.7248941791039817,0.6762502671980921,0.5772505605080032
level2_status_skip_vertical_blur_bss0p05__pos_1p0_rot_1p0__xyz1__ryp1__seed28,1006,0.8717693836978131,0.1282306163021869,0.8717693836978131,0.12823061630218688,0.12624254473161034,0.12624254473161034,15.356016036258305,1.5303806066513062,50.01000213623047,46.59883422851562,0.1808472745012679,0.1940298507462686,0.2022120867302339,0.2105263157894736,0.8112615938048765,0.7882465922494474,0.6902915848753222
level2_status_skip_vertical_blur_bss0p05__pos_1p0_rot_1p0__xyz1__ryp1__seed42,1006,0.8041749502982107,0.19582504970178927,0.8041749502982107,0.19582504970178927,0.1918489065606362,0.1918489065606362,27.001877139476093,4.160770893096924,50.01000213623047,53.14322128295894,0.1217801059534416,0.1049571603427172,0.13987072823721683,0.1235955056179775,0.8040565470531044,0.7822905175317049,0.6613269442715942
level2_status_skip_vertical_blur_bss0p05__pos_1p0_rot_2p0__xyz1__ryp2__seed20,1006,0.8638170974155069,0.13618290258449306,0.8638170974155069,0.13618290258449303,0.23956262425447317,0.23956262425447317,20.938309025086063,5.1084349155426025,70.44094276428223,77.12640228271476,0.05314901071986187,0.037037037037037,0.05718147308225746,0.0416666666666666,0.6524555239417199,0.6292901665455022,0.5618517769695199
level2_status_skip_vertical_blur_bss0p05__pos_1p0_rot_2p0__xyz1__ryp2__seed28,1006,0.8777335984095428,0.12226640159045721,0.8777335984095428,0.12226640159045726,0.1242544731610338,0.1242544731610338,13.533626736354309,1.6087282299995422,50.01000213623047,41.438975143432614,0.1813850833751138,0.1927447552447552,0.20207947655172867,0.2098765432098765,0.8113883003947205,0.7908299781448804,0.6863711256703019
level2_status_skip_vertical_blur_bss0p05__pos_1p0_rot_2p0__xyz1__ryp2__seed42,1006,0.7962226640159046,0.20377733598409542,0.7962226640159046,0.20377733598409542,0.18687872763419483,0.18687872763419483,23.637211984936375,4.449503421783447,50.01000213623047,56.3847885131836,0.11186260716420274,0.09581754590498395,0.12580088803408696,0.1076923076923077,0.788700998124698,0.7534399894701096,0.6195452381771858
level2_status_skip_vertical_blur_bss0p05__pos_1p0_rot_4p0__xyz1__ryp4__seed20,1006,0.8677932405566601,0.13220675944333993,0.8677932405566601,0.13220675944333996,0.4423459244532803,0.4423459244532803,90.53767745747479,13.861281871795654,688.7333984375,720.9392456054683,0.018620429488424493,0.00956959706959705,0.01943072857615756,0.010204081632653,0.6089574779706741,0.5976960781850411,0.5452307514651621
level2_status_skip_vertical_blur_bss0p05__pos_1p0_rot_4p0__xyz1__ryp4__seed28,1006,0.882703777335984,0.11729622266401596,0.882703777335984,0.1172962226640159,0.1172962226640159,0.1172962226640159,12.179189126957906,1.6367548108100891,50.01000213623047,35.40960445404052,0.18163063398438375,0.1875,0.20117151377663775,0.203125,0.8101492845493193,0.7839524205707618,0.668168156074256
level2_status_skip_vertical_blur_bss0p05__pos_1p0_rot_4p0__xyz1__ryp4__seed42,1006,0.8081510934393639,0.19184890656063613,0.8081510934393639,0.1918489065606362,0.21570576540755468,0.21570576540755468,25.23872331100013,5.376819610595703,60.760727882385254,75.57614593505858,0.08801883053024141,0.06988372093023255,0.10055714459993605,0.0821917808219178,0.7310927946171919,0.6818846306556016,0.5726991639568151
level2_status_skip_vertical_blur_bss0p05__pos_1p0_rot_6p0__xyz1__ryp6__seed20,1006,0.856858846918489,0.14314115308151099,0.856858846918489,0.14314115308151093,0.5775347912524851,0.5775347912524851,155.37493774442976,28.73541259765625,709.9673767089844,837.1725677490227,0.012756860273898583,0.0,0.013391178275970167,0.0,0.5854836649323777,0.5777380461192749,0.5323669493402811
level2_status_skip_vertical_blur_bss0p05__pos_1p0_rot_6p0__xyz1__ryp6__seed28,1006,0.8747514910536779,0.1252485089463221,0.8747514910536779,0.12524850894632206,0.12922465208747516,0.12922465208747516,14.35199911213151,1.7700918316841125,50.01000213623047,43.15611095428464,0.1752340768735945,0.1818181818181818,0.19466675515250315,0.2,0.8034958195891907,0.7700725117746294,0.6371012759692738
level2_status_skip_vertical_blur_bss0p05__pos_1p0_rot_6p0__xyz1__ryp6__seed42,1006,0.7664015904572564,0.23359840954274358,0.7664015904572564,0.23359840954274355,0.2077534791252485,0.2077534791252485,27.29034120969615,6.43278694152832,50.01000213623047,61.332786560058594,0.06872092398055779,0.0434782608695652,0.07469350655765931,0.0508474576271186,0.6803650713349805,0.6498523043388649,0.5649558128298895
level2_status_skip_vertical_blur_bss0p05__pos_1p0_rot_8p0__xyz1__ryp8__seed20,1006,0.7952286282306164,0.20477137176938365,0.7952286282306164,0.2047713717693837,0.5914512922465208,0.5914512922465208,100.35384647220847,50.01000213623047,324.4137954711914,418.99664154052726,0.012217512412893433,0.0,0.012803104259511897,0.0,0.5954400078687969,0.5886245211422882,0.5385026220273513
level2_status_skip_vertical_blur_bss0p05__pos_1p0_rot_8p0__xyz1__ryp8__seed28,1006,0.8727634194831014,0.12723658051689857,0.8727634194831014,0.1272365805168986,0.11928429423459244,0.11928429423459244,13.93348006269844,1.747342586517334,50.01000213623047,38.641011810302736,0.17052348898736167,0.1785714285714285,0.19066328906257732,0.19549911993965302,0.7955574705288699,0.7585234934664367,0.6185724107060822
level2_status_skip_vertical_blur_bss0p05__pos_1p0_rot_8p0__xyz1__ryp8__seed42,1006,0.7922465208747514,0.20775347912524855,0.7922465208747514,0.2077534791252485,0.23856858846918488,0.23856858846918488,33.136618847164435,6.936941862106323,71.61250305175781,87.07528686523428,0.05456501794451465,0.0294117647058823,0.06156061974412758,0.0347826086956521,0.6506718796406085,0.6290865911471529,0.5622886505227228
level2_status_skip_vertical_blur_bss0p05__pos_1p5_rot_10p0__xyz1p5__ryp10__seed20,1006,0.709741550695825,0.290258449304175,0.709741550695825,0.29025844930417494,0.6023856858846919,0.6023856858846919,167.85115721587752,50.01000213623047,589.9469757080078,817.7492065429695,0.007389388965978177,0.0,0.007285172360040652,0.0,0.5969301223238767,0.589642506143891,0.5441918571295318
level2_status_skip_vertical_blur_bss0p05__pos_1p5_rot_10p0__xyz1p5__ryp10__seed28,1006,0.856858846918489,0.14314115308151099,0.856858846918489,0.14314115308151093,0.20278330019880716,0.20278330019880716,23.318174470104175,2.8851723670959473,108.07094764709471,114.99251174926755,0.13101467926677388,0.13299319727891157,0.14836452827360458,0.15,0.7639421298539585,0.7261002705287636,0.6047174535622337
level2_status_skip_vertical_blur_bss0p05__pos_1p5_rot_10p0__xyz1p5__ryp10__seed42,1006,0.610337972166998,0.38966202783300197,0.610337972166998,0.38966202783300197,0.2962226640159046,0.2962226640159046,127.36802640990739,50.01000213623047,375.93115234375,834.2490570068362,0.02475068344041512,0.0111124830225953,0.026014902471127727,0.0132456140350877,0.6441348605215286,0.6285679693844253,0.5593362248194073
level2_status_skip_vertical_blur_bss0p05__pos_1p5_rot_14p0__xyz1p5__ryp14__seed20,1006,0.6053677932405567,0.3946322067594433,0.6053677932405567,0.3946322067594433,0.5656063618290258,0.5656063618290258,204.17965920651648,50.01000213623047,725.2867431640625,1019.1390869140627,0.007045010776425572,0.0,0.004873931830662896,0.0,0.6248541675009184,0.6166893325588833,0.5618017147928769
level2_status_skip_vertical_blur_bss0p05__pos_1p5_rot_14p0__xyz1p5__ryp14__seed28,1006,0.8508946322067594,0.14910536779324057,0.8508946322067594,0.14910536779324055,0.23061630218687873,0.23061630218687873,24.742195586290446,3.3144662380218506,89.07170867919922,99.897554397583,0.11367786870386797,0.1036721898790864,0.12919975283744145,0.125,0.7427233186054686,0.7002338589615393,0.5780130603448198
level2_status_skip_vertical_blur_bss0p05__pos_1p5_rot_14p0__xyz1p5__ryp14__seed42,1006,0.6123260437375746,0.3876739562624254,0.6123260437375746,0.38767395626242546,0.33300198807157055,0.33300198807157055,76.08399403404856,50.01000213623047,285.2683868408203,414.7912216186524,0.014923283233287395,0.0,0.01398513830739937,0.0,0.62693570148961,0.6171221475652181,0.5635113238485481
level2_status_skip_vertical_blur_bss0p05__pos_1p5_rot_18p0__xyz1p5__ryp18__seed20,1006,0.47912524850894633,0.5208747514910537,0.47912524850894633,0.5208747514910537,0.46222664015904574,0.46222664015904574,333.15202356297266,50.01000213623047,1543.5813598632812,2616.043920898437,0.00806104992073128,0.0,0.004615487849799212,0.0,0.6316330585234848,0.6239847265815683,0.5668845861975491
level2_status_skip_vertical_blur_bss0p05__pos_1p5_rot_18p0__xyz1p5__ryp18__seed28,1006,0.8459244532803181,0.15407554671968193,0.8459244532803181,0.1540755467196819,0.2286282306163022,0.2286282306163022,23.501936627940115,3.82232666015625,91.60898017883301,95.37725448608398,0.09871910830280674,0.0833333333333333,0.11072575668714488,0.0967741935483871,0.7249359242371531,0.68064925355653,0.5666683242594033
level2_status_skip_vertical_blur_bss0p05__pos_1p5_rot_18p0__xyz1p5__ryp18__seed42,1006,0.5864811133200796,0.4135188866799204,0.5864811133200796,0.4135188866799205,0.38071570576540753,0.38071570576540753,93.09114176201936,50.01000213623047,336.2699966430664,636.0642364501942,0.018336075880519546,0.0,0.013679332020663095,0.0,0.6200635008019,0.6100451868549627,0.5523049987002763
level2_status_skip_vertical_blur_bss0p05__pos_1p5_rot_1p0__xyz1p5__ryp1__seed20,1006,0.8290258449304175,0.17097415506958247,0.8290258449304175,0.1709741550695825,0.2554671968190855,0.2554671968190855,29.724416094675,5.603850841522217,89.92514991760254,113.7334968566891,0.08011207587772301,0.054669987546699855,0.0909744291026757,0.0701754385964912,0.705135683842005,0.6650213356832452,0.5705828991042107
level2_status_skip_vertical_blur_bss0p05__pos_1p5_rot_1p0__xyz1p5__ryp1__seed28,1006,0.8588469184890656,0.14115308151093442,0.8588469184890656,0.1411530815109344,0.20675944333996024,0.20675944333996024,22.80708325299022,2.9522783756256104,83.51663589477539,102.4734226226805,0.16980784786784608,0.1689226266691055,0.19227490159565513,0.19399641577060928,0.7777119763975306,0.7587017967264343,0.6646956768510317
level2_status_skip_vertical_blur_bss0p05__pos_1p5_rot_1p0__xyz1p5__ryp1__seed42,1006,0.5934393638170974,0.4065606361829026,0.5934393638170974,0.40656063618290256,0.18190854870775347,0.18190854870775347,85.202188020298,45.07242774963379,198.52536392211914,574.5003784179661,0.06441539805971899,0.04444688323090425,0.0834312527433721,0.0689655172413793,0.7568498073625685,0.7298318987804685,0.6118020292944909
level2_status_skip_vertical_blur_bss0p05__pos_1p5_rot_2p0__xyz1p5__ryp2__seed20,1006,0.831013916500994,0.168986083499006,0.831013916500994,0.16898608349900596,0.3290258449304175,0.3290258449304175,39.74138761622827,9.548654556274414,119.8365077972412,140.20331192016602,0.044679602227177095,0.026144907723855047,0.04837246656802014,0.029198635976129553,0.6420586276990397,0.6241476998818997,0.561850756116422
level2_status_skip_vertical_blur_bss0p05__pos_1p5_rot_2p0__xyz1p5__ryp2__seed28,1006,0.8548707753479126,0.14512922465208744,0.8548707753479126,0.14512922465208747,0.20377733598409542,0.20377733598409542,24.0930777978342,2.9247164726257324,85.35043334960938,102.34946289062476,0.16401366997186428,0.1648918092217061,0.1865675213433678,0.19174208144796373,0.7769476895996795,0.7540800035009968,0.6597267684607659
level2_status_skip_vertical_blur_bss0p05__pos_1p5_rot_2p0__xyz1p5__ryp2__seed42,1006,0.6083499005964215,0.39165009940357853,0.6083499005964215,0.39165009940357853,0.21669980119284293,0.21669980119284293,82.54307177512803,39.71406364440918,177.93815231323242,398.2431671142546,0.06096358052397733,0.0434782608695652,0.07475048161968822,0.06282894736842104,0.7438321427154191,0.7128855759957413,0.5921626358681146
level2_status_skip_vertical_blur_bss0p05__pos_1p5_rot_4p0__xyz1p5__ryp4__seed20,1006,0.8349900596421471,0.16500994035785288,0.8349900596421471,0.16500994035785288,0.4960238568588469,0.4960238568588469,131.87312304546202,24.6932315826416,746.9464263916016,783.5200042724609,0.017379469782729966,0.009090909090909,0.01742111234942764,0.0095238095238095,0.600884094389105,0.5904379096088834,0.5411669505362626
level2_status_skip_vertical_blur_bss0p05__pos_1p5_rot_4p0__xyz1p5__ryp4__seed28,1006,0.8508946322067594,0.14910536779324057,0.8508946322067594,0.14910536779324055,0.20675944333996024,0.20675944333996024,24.01114173532532,2.8819847106933594,93.98792076110838,99.23871612548828,0.15535046303447508,0.1555555555555555,0.17756875213596754,0.18469899665551837,0.7738007989994123,0.751492373357032,0.6503494913167035
level2_status_skip_vertical_blur_bss0p05__pos_1p5_rot_4p0__xyz1p5__ryp4__seed42,1006,0.614314115308151,0.38568588469184895,0.614314115308151,0.3856858846918489,0.22365805168986083,0.22365805168986083,52.91928955004779,35.19118690490723,149.95502853393555,258.55417633056624,0.05173440358502345,0.0307692307692307,0.06244323848107208,0.0465116279069767,0.7042205949192206,0.6669116888201433,0.5686235566885822
level2_status_skip_vertical_blur_bss0p05__pos_1p5_rot_6p0__xyz1p5__ryp6__seed20,1006,0.8121272365805169,0.1878727634194831,0.8121272365805169,0.1878727634194831,0.5964214711729622,0.5964214711729622,124.158954608393,50.01000213623047,733.6260986328125,762.7635498046875,0.010415509735155853,0.0,0.011563774495809465,0.0,0.5783671608821063,0.5730429045139707,0.5296305288128279
level2_status_skip_vertical_blur_bss0p05__pos_1p5_rot_6p0__xyz1p5__ryp6__seed28,1006,0.8558648111332008,0.1441351888667992,0.8558648111332008,0.1441351888667992,0.21073558648111332,0.21073558648111332,25.50681807579066,2.9637011289596558,92.00925827026366,110.83526611328124,0.14729771185052531,0.1470588235294117,0.16773746586137162,0.1720430107526881,0.7733577661786692,0.7448470210843467,0.6346693609182906
level2_status_skip_vertical_blur_bss0p05__pos_1p5_rot_6p0__xyz1p5__ryp6__seed42,1006,0.6232604373757455,0.37673956262425445,0.6232604373757455,0.37673956262425445,0.25944333996023855,0.25944333996023855,71.28901093938937,45.280643463134766,168.16890335083008,299.1245117187494,0.03950261889470546,0.021164613661814047,0.04350295087329798,0.0307692307692307,0.6598360168873731,0.6335211519077243,0.5519762391067009
level2_status_skip_vertical_blur_bss0p05__pos_1p5_rot_8p0__xyz1p5__ryp8__seed20,1006,0.7584493041749503,0.24155069582504973,0.7584493041749503,0.2415506958250497,0.6202783300198808,0.6202783300198808,121.10879765973088,50.01000213623047,457.2688903808594,585.3700622558589,0.008599873988909943,0.0,0.008165701619114996,0.0,0.5847433129406797,0.5755366676720809,0.5307294459720429
level2_status_skip_vertical_blur_bss0p05__pos_1p5_rot_8p0__xyz1p5__ryp8__seed28,1006,0.8578528827037774,0.14214711729622265,0.8578528827037774,0.14214711729622267,0.20178926441351888,0.20178926441351888,23.588600438909467,2.9198848009109497,83.10500144958496,93.60307769775389,0.13700543931664994,0.1346153846153846,0.15585964201316224,0.1545454545454545,0.769105720435604,0.7375201604543147,0.6139408965121459
level2_status_skip_vertical_blur_bss0p05__pos_1p5_rot_8p0__xyz1p5__ryp8__seed42,1006,0.610337972166998,0.38966202783300197,0.610337972166998,0.38966202783300197,0.24751491053677932,0.24751491053677932,116.89168261582013,50.01000213623047,140.15330123901367,356.1437637329104,0.02875439568637886,0.0135135135135135,0.032453636538336154,0.01914270012822855,0.650294922871922,0.6278536309570735,0.5562462426189464
level2_status_skip_vertical_blur_bss0p05__pos_2p0_rot_10p0__xyz2__ryp10__seed20,1006,0.6182902584493042,0.3817097415506958,0.6182902584493042,0.3817097415506958,0.558648111332008,0.558648111332008,228.0514406434614,50.01000213623047,927.9661254882811,1362.2409790039046,0.00735306488833525,0.0,0.004592993243856463,0.0,0.605868200162857,0.5967178643627471,0.5467292877737524
level2_status_skip_vertical_blur_bss0p05__pos_2p0_rot_10p0__xyz2__ryp10__seed28,1006,0.8220675944333996,0.1779324055666004,0.8220675944333996,0.1779324055666004,0.26938369781312127,0.26938369781312127,45.024098047431515,6.167370557785034,168.76970672607422,192.14856414794912,0.10466329969398042,0.08541796956431094,0.11956056440035538,0.1030927835051546,0.7452242416363613,0.7138039147064007,0.6029584265185015
level2_status_skip_vertical_blur_bss0p05__pos_2p0_rot_10p0__xyz2__ryp10__seed42,1006,0.1988071570576541,0.8011928429423459,0.1988071570576541,0.8011928429423459,0.15606361829025844,0.15606361829025844,127.88064720461527,50.01000213623047,264.7625274658203,1524.6749023437485,0.010882218538912702,0.0,0.008516058026184438,0.0,0.6812881719319323,0.6713425139148472,0.6061885991921596
level2_status_skip_vertical_blur_bss0p05__pos_2p0_rot_14p0__xyz2__ryp14__seed20,1006,0.5069582504970179,0.4930417495029821,0.5069582504970179,0.49304174950298213,0.4761431411530815,0.4761431411530815,251.60781766098015,50.01000213623047,1047.2559509277344,1885.376977539062,0.006195623154938648,0.0,0.004136951159067201,0.0,0.6215911797524714,0.6132325154730816,0.5593397170368467
level2_status_skip_vertical_blur_bss0p05__pos_2p0_rot_14p0__xyz2__ryp14__seed28,1006,0.8180914512922465,0.18190854870775353,0.8180914512922465,0.18190854870775347,0.2753479125248509,0.2753479125248509,34.726177160552226,6.582356929779053,139.16032028198242,158.3720962524414,0.0876954934928682,0.0751344086021505,0.10036609495652818,0.0930232558139534,0.7256076807108037,0.6931876377258183,0.5839333237317065
level2_status_skip_vertical_blur_bss0p05__pos_2p0_rot_14p0__xyz2__ryp14__seed42,1006,0.19681908548707752,0.8031809145129225,0.19681908548707752,0.8031809145129225,0.15606361829025844,0.15606361829025844,86.62473016731427,50.01000213623047,207.2407341003418,780.4509002685535,0.008690208358792412,0.0,0.006571859463521499,0.0,0.6799093045401597,0.6716400050989199,0.6059331717361084
level2_status_skip_vertical_blur_bss0p05__pos_2p0_rot_18p0__xyz2__ryp18__seed20,1006,0.40755467196819084,0.5924453280318092,0.40755467196819084,0.5924453280318092,0.3926441351888668,0.3926441351888668,411.0029199393559,50.01000213623047,1811.1608581542969,3201.884411621089,0.00535618576646076,0.0,0.002939270786019616,0.0,0.6410439823149536,0.6328916142487825,0.5750623342844463
level2_status_skip_vertical_blur_bss0p05__pos_2p0_rot_18p0__xyz2__ryp18__seed28,1006,0.8240556660039762,0.17594433399602383,0.8240556660039762,0.17594433399602386,0.30019880715705766,0.30019880715705766,42.665063319440115,7.659636735916138,172.80543899536133,202.0044921874997,0.07671476309731422,0.05819598103409345,0.08709802847127537,0.0735294117647058,0.7139070110838346,0.680926760932231,0.5792021400281363
level2_status_skip_vertical_blur_bss0p05__pos_2p0_rot_18p0__xyz2__ryp18__seed42,1006,0.18986083499005965,0.8101391650099403,0.18986083499005965,0.8101391650099403,0.1550695825049702,0.1550695825049702,120.21392471291436,50.01000213623047,216.27570343017578,1187.3656616210938,0.007016455196581172,0.0,0.005133793075479036,0.0,0.6759331923830106,0.667830786264107,0.6034716392455584
level2_status_skip_vertical_blur_bss0p05__pos_2p0_rot_1p0__xyz2__ryp1__seed20,1006,0.76441351888668,0.23558648111332003,0.76441351888668,0.2355864811133201,0.3101391650099404,0.3101391650099404,53.09324062105165,13.716235637664795,220.77145767211914,257.2130493164061,0.06150963897026065,0.0375,0.06861527941517227,0.0476190476190476,0.6951270841037287,0.6613624624189007,0.567319676613167
level2_status_skip_vertical_blur_bss0p05__pos_2p0_rot_1p0__xyz2__ryp1__seed28,1006,0.8250497017892644,0.1749502982107356,0.8250497017892644,0.1749502982107356,0.2783300198807157,0.2783300198807157,37.127074930682795,6.294963598251343,134.86063385009766,162.26759262084954,0.13620621309177966,0.1211556383970177,0.15351696530524642,0.14710382513661197,0.7544911875484828,0.7314648310621673,0.6422483653761983
level2_status_skip_vertical_blur_bss0p05__pos_2p0_rot_1p0__xyz2__ryp1__seed42,1006,0.1908548707753479,0.8091451292246521,0.1908548707753479,0.8091451292246521,0.12922465208747516,0.12922465208747516,102.69253378305103,50.01000213623047,175.87221145629883,998.6850311279296,0.014280329142367343,0.0,0.018361236870613848,0.01124163193128705,0.7009113994373292,0.6874798014441496,0.6112759844148359
level2_status_skip_vertical_blur_bss0p05__pos_2p0_rot_2p0__xyz2__ryp2__seed20,1006,0.7544731610337972,0.24552683896620275,0.7544731610337972,0.24552683896620278,0.36083499005964215,0.36083499005964215,77.66242971645174,28.59146022796631,495.96973419189453,593.048992919922,0.03264834926184058,0.0135135135135135,0.03462143828328947,0.0172413793103448,0.6369895037693584,0.6178359120173876,0.5555111717742366
level2_status_skip_vertical_blur_bss0p05__pos_2p0_rot_2p0__xyz2__ryp2__seed28,1006,0.8320079522862823,0.16799204771371767,0.8320079522862823,0.1679920477137177,0.27634194831013914,0.27634194831013914,38.73308422453056,5.827406406402588,162.9296875,181.6534301757812,0.13412827119426834,0.1153846153846153,0.15069025149022736,0.1388888888888889,0.7529302596224133,0.7284733646187836,0.6339044169679577
level2_status_skip_vertical_blur_bss0p05__pos_2p0_rot_2p0__xyz2__ryp2__seed42,1006,0.1908548707753479,0.8091451292246521,0.1908548707753479,0.8091451292246521,0.14015904572564614,0.14015904572564614,85.96429429573506,50.01000213623047,183.85332107543945,1124.800622558593,0.014251904260897199,0.0,0.018077991188542364,0.0113636363636363,0.697872057865702,0.6834624859083911,0.6125294627125542
level2_status_skip_vertical_blur_bss0p05__pos_2p0_rot_4p0__xyz2__ryp4__seed20,1006,0.7584493041749503,0.24155069582504973,0.7584493041749503,0.2415506958250497,0.5059642147117296,0.5059642147117296,132.17161933725208,50.01000213623047,689.2677001953125,730.170257568359,0.014996906883125537,0.0,0.01618915179165194,0.0,0.6015029001273939,0.5906170720998184,0.5414979289396686
level2_status_skip_vertical_blur_bss0p05__pos_2p0_rot_4p0__xyz2__ryp4__seed28,1006,0.831013916500994,0.168986083499006,0.831013916500994,0.16898608349900596,0.28727634194831014,0.28727634194831014,40.17591526145117,6.1299333572387695,162.36433029174805,182.85140228271487,0.13060645777399585,0.11305538648813145,0.14650382001373174,0.13383084577114424,0.7463159938838071,0.728651037114697,0.6271290590664089
level2_status_skip_vertical_blur_bss0p05__pos_2p0_rot_4p0__xyz2__ryp4__seed42,1006,0.18986083499005965,0.8101391650099403,0.18986083499005965,0.8101391650099403,0.13916500994035785,0.13916500994035785,165.34069207300308,50.01000213623047,190.9299659729004,1031.9989624023438,0.013872199011648286,0.0,0.015118874517612077,0.0,0.6952415200972213,0.6790840408421992,0.6073079797568383
level2_status_skip_vertical_blur_bss0p05__pos_2p0_rot_6p0__xyz2__ryp6__seed20,1006,0.7246520874751491,0.2753479125248509,0.7246520874751491,0.2753479125248509,0.5675944333996024,0.5675944333996024,152.90680824510503,50.01000213623047,737.9072265625,840.7358276367191,0.011644988714653652,0.0,0.010194623004753978,0.0,0.5851651127885739,0.5773097575858073,0.5335804752641758
level2_status_skip_vertical_blur_bss0p05__pos_2p0_rot_6p0__xyz2__ryp6__seed28,1006,0.8320079522862823,0.16799204771371767,0.8320079522862823,0.1679920477137177,0.27435387673956263,0.27435387673956263,36.27504387878822,6.086293458938599,146.54442596435547,168.09271545410124,0.12091034725093308,0.10487038491751766,0.13447297674552397,0.1235955056179775,0.749731157281185,0.7285383342165098,0.6301657685508258
level2_status_skip_vertical_blur_bss0p05__pos_2p0_rot_6p0__xyz2__ryp6__seed42,1006,0.20377733598409542,0.7962226640159046,0.20377733598409542,0.7962226640159046,0.15109343936381708,0.15109343936381708,111.8886336731145,50.01000213623047,192.08963775634766,1534.6714599609372,0.012873425831605629,0.0,0.01141275556727209,0.0,0.6819253271040636,0.6691863299760119,0.6000754326715203
level2_status_skip_vertical_blur_bss0p05__pos_2p0_rot_8p0__xyz2__ryp8__seed20,1006,0.6769383697813122,0.32306163021868783,0.6769383697813122,0.3230616302186879,0.5725646123260437,0.5725646123260437,135.29139537933037,50.01000213623047,547.4763793945312,679.1590576171875,0.00782313774750244,0.0,0.007901565747984602,0.0,0.5923684569628207,0.5828718047921712,0.5348313582962996
level2_status_skip_vertical_blur_bss0p05__pos_2p0_rot_8p0__xyz2__ryp8__seed28,1006,0.8349900596421471,0.16500994035785288,0.8349900596421471,0.16500994035785288,0.28429423459244535,0.28429423459244535,38.424327687067716,6.094393491744995,167.63312530517578,182.7068618774412,0.11165312006296306,0.0967741935483871,0.1258171258199562,0.11242977528089884,0.7495797344183063,0.7234349855022151,0.615994953598648
level2_status_skip_vertical_blur_bss0p05__pos_2p0_rot_8p0__xyz2__ryp8__seed42,1006,0.20079522862823063,0.7992047713717694,0.20079522862823063,0.7992047713717694,0.14015904572564614,0.14015904572564614,130.24827931566574,50.01000213623047,193.57313919067383,999.0980041503902,0.013515452138652951,0.0,0.009837491085136665,0.0,0.6876916063238013,0.6760204510922718,0.6060075411378347
level2_status_skip_vertical_blur_bss0p05__pos_3p0_rot_10p0__xyz3__ryp10__seed20,1006,0.3538767395626243,0.6461232604373757,0.3538767395626243,0.6461232604373758,0.3389662027833002,0.3389662027833002,245.73010812388736,50.01000213623047,873.2979583740234,2243.8098754882812,0.005543498098193464,0.0,0.003072734339616849,0.0,0.6454931861252444,0.636929709950087,0.5820643286832394
level2_status_skip_vertical_blur_bss0p05__pos_3p0_rot_10p0__xyz3__ryp10__seed28,1006,0.6391650099403579,0.36083499005964215,0.6391650099403579,0.36083499005964215,0.33101391650099404,0.33101391650099404,142.3076233612625,50.01000213623047,562.5090789794922,856.6302734374992,0.0516312381444359,0.03125,0.05532112467504773,0.037037037037037,0.7105877433707487,0.6955848481518264,0.6126020170511222
level2_status_skip_vertical_blur_bss0p05__pos_3p0_rot_10p0__xyz3__ryp10__seed42,1006,0.0,1.0,0.0,1.0,0.0,0.0,50.01000213623047,50.01000213623047,50.01000213623047,N/A,0.0011051485225457229,0.0,N/A,N/A,0.7180052157793363,0.7105139603381313,0.6435507411815025
level2_status_skip_vertical_blur_bss0p05__pos_3p0_rot_14p0__xyz3__ryp14__seed20,1006,0.27236580516898606,0.7276341948310139,0.27236580516898606,0.7276341948310139,0.26043737574552683,0.26043737574552683,382.7085605551661,50.01000213623047,1197.7391967773438,4570.826757812494,0.005745908837151901,0.0,0.0024828175225492357,0.0,0.6688009331381353,0.6599491538985987,0.5993529468236495
level2_status_skip_vertical_blur_bss0p05__pos_3p0_rot_14p0__xyz3__ryp14__seed28,1006,0.6351888667992047,0.3648111332007953,0.6351888667992047,0.3648111332007952,0.3389662027833002,0.3389662027833002,130.71075405455076,50.01000213623047,555.7430572509766,887.952636718751,0.044951747822609585,0.0227272727272727,0.046000323370066265,0.027027027027027,0.7018295527812568,0.6846159908215157,0.6026177232036456
level2_status_skip_vertical_blur_bss0p05__pos_3p0_rot_14p0__xyz3__ryp14__seed42,1006,0.0,1.0,0.0,1.0,0.0,0.0,50.01000213623047,50.01000213623047,50.01000213623047,N/A,0.0011018987115018922,0.0,N/A,N/A,0.7180052157793363,0.7105139603381313,0.6435507411815025
level2_status_skip_vertical_blur_bss0p05__pos_3p0_rot_18p0__xyz3__ryp18__seed20,1006,0.18389662027833,0.81610337972167,0.18389662027833,0.81610337972167,0.1779324055666004,0.1779324055666004,540.4253879053218,50.01000213623047,1038.1351318359375,6438.666992187485,0.005521892698259443,0.0,0.0022295746812436884,0.0,0.6852001276688506,0.6771125360563836,0.6124743184345994
level2_status_skip_vertical_blur_bss0p05__pos_3p0_rot_18p0__xyz3__ryp18__seed28,1006,0.6351888667992047,0.3648111332007953,0.6351888667992047,0.3648111332007952,0.3399602385685885,0.3399602385685885,127.83409834526404,50.01000213623047,585.0203552246094,856.1933654785167,0.04217680864699836,0.020942982456140298,0.04365315760032706,0.0294117647058823,0.7006632279497508,0.682507609667356,0.6002851795019768
level2_status_skip_vertical_blur_bss0p05__pos_3p0_rot_18p0__xyz3__ryp18__seed42,1006,0.0,1.0,0.0,1.0,0.0,0.0,50.01000213623047,50.01000213623047,50.01000213623047,N/A,0.0012443778137702503,0.0,N/A,N/A,0.7180052157793363,0.7105139603381313,0.6435507411815025
level2_status_skip_vertical_blur_bss0p05__pos_3p0_rot_1p0__xyz3__ryp1__seed20,1006,0.47713717693836977,0.5228628230616302,0.47713717693836977,0.5228628230616302,0.31411530815109345,0.31411530815109345,134.48254431653805,50.01000213623047,590.9066772460938,1033.770184326171,0.0222382594763847,0.0,0.02306831361907201,0.0113636363636363,0.6613779632335486,0.6393248661061636,0.5628196494762441
level2_status_skip_vertical_blur_bss0p05__pos_3p0_rot_1p0__xyz3__ryp1__seed28,1006,0.6461232604373758,0.3538767395626242,0.6461232604373758,0.3538767395626243,0.3499005964214712,0.3499005964214712,159.10834619489353,50.01000213623047,643.3819885253906,806.1665374755856,0.0583418789089798,0.032971014492753595,0.06352797114192585,0.0465116279069767,0.7179319021835155,0.7056944255261294,0.6251422270623784
level2_status_skip_vertical_blur_bss0p05__pos_3p0_rot_1p0__xyz3__ryp1__seed42,1006,0.0,1.0,0.0,1.0,0.0,0.0,50.01000213623047,50.01000213623047,50.01000213623047,N/A,0.0015805859960984743,0.0,N/A,N/A,0.7180052157793363,0.7105139603381313,0.6435507411815025
level2_status_skip_vertical_blur_bss0p05__pos_3p0_rot_2p0__xyz3__ryp2__seed20,1006,0.4711729622266402,0.5288270377733598,0.4711729622266402,0.5288270377733598,0.3429423459244533,0.3429423459244533,385.76473620163637,50.01000213623047,731.9608612060547,1226.4495483398402,0.016037925537145146,0.0,0.011645356821316094,0.0,0.6496311640203125,0.6361482360521714,0.5676321025437994
level2_status_skip_vertical_blur_bss0p05__pos_3p0_rot_2p0__xyz3__ryp2__seed28,1006,0.6351888667992047,0.3648111332007953,0.6351888667992047,0.3648111332007952,0.33300198807157055,0.33300198807157055,142.04980797176296,50.01000213623047,547.9529571533203,749.0489685058598,0.05838590508770848,0.0348837209302325,0.06342862079205552,0.0495049504950495,0.7180258400818746,0.7057941210541264,0.6259436036841854
level2_status_skip_vertical_blur_bss0p05__pos_3p0_rot_2p0__xyz3__ryp2__seed42,1006,0.0,1.0,0.0,1.0,0.0,0.0,50.01000213623047,50.01000213623047,50.01000213623047,N/A,0.0017835633063845548,0.0,N/A,N/A,0.7180052157793363,0.7105139603381313,0.6435507411815025
level2_status_skip_vertical_blur_bss0p05__pos_3p0_rot_4p0__xyz3__ryp4__seed20,1006,0.4761431411530815,0.5238568588469186,0.4761431411530815,0.5238568588469185,0.38966202783300197,0.38966202783300197,168.31126024508868,50.01000213623047,738.9870910644531,1548.3466186523438,0.010814141125831041,0.0,0.008134641843774945,0.0,0.6268734058842204,0.6166642066795208,0.5616370343050621
level2_status_skip_vertical_blur_bss0p05__pos_3p0_rot_4p0__xyz3__ryp4__seed28,1006,0.6322067594433399,0.3677932405566601,0.6322067594433399,0.36779324055666,0.33399602385685884,0.33399602385685884,163.5248373560913,50.01000213623047,757.4955749511719,1101.5791625976562,0.05541492123861238,0.031088917525773148,0.0616573056280514,0.0394327894327894,0.7168830595287021,0.7039753925606695,0.6229280812919631
level2_status_skip_vertical_blur_bss0p05__pos_3p0_rot_4p0__xyz3__ryp4__seed42,1006,0.0,1.0,0.0,1.0,0.0,0.0,50.01000213623047,50.01000213623047,50.01000213623047,N/A,0.0014369240514345604,0.0,N/A,N/A,0.7180052157793363,0.7105139603381313,0.6435507411815025
level2_status_skip_vertical_blur_bss0p05__pos_3p0_rot_6p0__xyz3__ryp6__seed20,1006,0.43240556660039764,0.5675944333996024,0.43240556660039764,0.5675944333996024,0.3866799204771372,0.3866799204771372,177.0425358643648,50.01000213623047,751.6310119628906,1708.494201660149,0.006791495856616873,0.0,0.005437665247950959,0.0,0.6226918301344327,0.6146625107534265,0.5596465103869349
level2_status_skip_vertical_blur_bss0p05__pos_3p0_rot_6p0__xyz3__ryp6__seed28,1006,0.6312127236580517,0.3687872763419483,0.6312127236580517,0.3687872763419483,0.32703777335984097,0.32703777335984097,192.49311414035904,50.01000213623047,644.7008819580078,868.3774597167967,0.05487640115576028,0.0329670329670329,0.05965457620821502,0.04,0.7125968645312111,0.6992873586187637,0.6189974802301693
level2_status_skip_vertical_blur_bss0p05__pos_3p0_rot_6p0__xyz3__ryp6__seed42,1006,0.0,1.0,0.0,1.0,0.0,0.0,50.01000213623047,50.01000213623047,50.01000213623047,N/A,0.0011218150421838018,0.0,N/A,N/A,0.7180052157793363,0.7105139603381313,0.6435507411815025
level2_status_skip_vertical_blur_bss0p05__pos_3p0_rot_8p0__xyz3__ryp8__seed20,1006,0.3996023856858847,0.6003976143141153,0.3996023856858847,0.6003976143141153,0.3667992047713718,0.3667992047713718,201.83751654773062,50.01000213623047,858.0186920166016,2112.137292480468,0.008303252407291581,0.0,0.003694665073539261,0.0,0.6304619739976219,0.6240313598704356,0.5681845846593974
level2_status_skip_vertical_blur_bss0p05__pos_3p0_rot_8p0__xyz3__ryp8__seed28,1006,0.6441351888667992,0.3558648111332008,0.6441351888667992,0.3558648111332008,0.3359840954274354,0.3359840954274354,153.60317220961852,50.01000213623047,624.8405609130859,1023.0904205322254,0.05305968583070732,0.0306907378335949,0.057843410951049695,0.0389610389610389,0.7130091734112102,0.6988238943162695,0.6125190446694162
level2_status_skip_vertical_blur_bss0p05__pos_3p0_rot_8p0__xyz3__ryp8__seed42,1006,0.0,1.0,0.0,1.0,0.0,0.0,50.01000213623047,50.01000213623047,50.01000213623047,N/A,0.0012194007582507738,0.0,N/A,N/A,0.7180052157793363,0.7105139603381313,0.6435507411815025
level2_status_skip_vertical_blur_bss0p05__pos_only_0p2__xyz0p2__ryp0__seed20,1006,0.8956262425447317,0.10437375745526833,0.8956262425447317,0.10437375745526839,0.06660039761431412,0.06660039761431412,8.609704857901463,1.519823133945465,50.01000213623047,12.529291152954102,0.22222842746139118,0.2258064516129032,0.2413264731935392,0.2395833333333333,0.8634969705633123,0.8455645322735866,0.7481970611211355
level2_status_skip_vertical_blur_bss0p05__pos_only_0p2__xyz0p2__ryp0__seed28,1006,0.8986083499005965,0.10139165009940354,0.8986083499005965,0.10139165009940358,0.07256461232604373,0.07256461232604373,8.536548510706469,1.2273282408714294,50.01000213623047,15.15196280479423,0.21794855333545074,0.23360215053763433,0.23687504541394533,0.2448979591836734,0.8571487310362402,0.8403342295333888,0.742224417787585
level2_status_skip_vertical_blur_bss0p05__pos_only_0p2__xyz0p2__ryp0__seed42,1006,0.889662027833002,0.11033797216699803,0.889662027833002,0.110337972166998,0.05467196819085487,0.05467196819085487,8.830442382600909,1.5418868660926819,50.01000213623047,12.319624614715572,0.2296465467441402,0.2389682024659312,0.250839689890213,0.2555555555555555,0.8617221185645553,0.844371883249862,0.7434711220106992
level2_status_skip_vertical_blur_bss0p05__pos_only_0p5__xyz0p5__ryp0__seed20,1006,0.8916500994035785,0.10834990059642147,0.8916500994035785,0.10834990059642147,0.08648111332007952,0.08648111332007952,11.13621000466285,1.4270992279052734,50.01000213623047,19.003850936889645,0.19371938985001258,0.2,0.21186771367200147,0.2131147540983606,0.8548337745819653,0.8387082205067237,0.7349879202620979
level2_status_skip_vertical_blur_bss0p05__pos_only_0p5__xyz0p5__ryp0__seed28,1006,0.8906560636182903,0.1093439363817097,0.8906560636182903,0.10934393638170974,0.0805168986083499,0.0805168986083499,11.445767723186895,1.4043434858322144,50.01000213623047,20.614202976226803,0.21099716639029523,0.2204636091724825,0.23067419118136553,0.2340425531914893,0.8366413812500738,0.8206697346459002,0.7235260813832753
level2_status_skip_vertical_blur_bss0p05__pos_only_0p5__xyz0p5__ryp0__seed42,1006,0.8618290258449304,0.13817097415506963,0.8618290258449304,0.13817097415506957,0.09642147117296222,0.09642147117296222,11.19504152766775,1.749625325202942,50.01000213623047,21.375645446777344,0.17306234896521486,0.17124060150375936,0.1939106107775994,0.1896551724137931,0.8479366687673029,0.8277737735534777,0.7225176127099437
level2_status_skip_vertical_blur_bss0p05__pos_only_1p0__xyz1__ryp0__seed20,1006,0.8648111332007953,0.13518886679920472,0.8648111332007953,0.13518886679920478,0.15308151093439365,0.15308151093439365,14.630450358958926,2.563423275947571,50.01000213623047,33.208467292785606,0.16912514705115597,0.17124060150375936,0.18779023223538285,0.1888888888888888,0.8351185461595549,0.8131834784759399,0.7060510467937726
level2_status_skip_vertical_blur_bss0p05__pos_only_1p0__xyz1__ryp0__seed28,1006,0.8737574552683897,0.12624254473161034,0.8737574552683897,0.12624254473161034,0.12624254473161034,0.12624254473161034,15.121506869532288,1.5833998918533325,50.37782955169678,57.85901222228977,0.1781994819756362,0.1962535014005602,0.1987125671995547,0.2073170731707317,0.8050305836303855,0.7853345633178602,0.6894263807058515
level2_status_skip_vertical_blur_bss0p05__pos_only_1p0__xyz1__ryp0__seed42,1006,0.8111332007952287,0.18886679920477134,0.8111332007952287,0.18886679920477137,0.19284294234592445,0.19284294234592445,28.598438023806438,3.878854632377625,50.01000213623047,69.89791297912598,0.12134888550971877,0.1081081081081081,0.13826307150895445,0.125,0.8069315949379149,0.7877400449780918,0.6748910116075343
level2_status_skip_vertical_blur_bss0p05__pos_only_1p5__xyz1p5__ryp0__seed20,1006,0.8399602385685885,0.16003976143141152,0.8399602385685885,0.16003976143141152,0.21570576540755468,0.21570576540755468,24.893639946726665,4.53366756439209,68.88529014587402,94.39046936035149,0.12468503125300724,0.1176470588235294,0.14179652670049464,0.141025641025641,0.7982639251087563,0.7780309041204144,0.6790408929555366
level2_status_skip_vertical_blur_bss0p05__pos_only_1p5__xyz1p5__ryp0__seed28,1006,0.852882703777336,0.147117296222664,0.852882703777336,0.147117296222664,0.19980119284294234,0.19980119284294234,22.016334198005236,2.855322003364563,83.36498641967773,89.88656120300291,0.17207141954527203,0.1707317073170731,0.19440184622180384,0.19890109890109892,0.7739730667700618,0.7572816485308591,0.6702869316678006
level2_status_skip_vertical_blur_bss0p05__pos_only_1p5__xyz1p5__ryp0__seed42,1006,0.6272365805168986,0.37276341948310143,0.6272365805168986,0.3727634194831014,0.20079522862823063,0.20079522862823063,83.79482366116247,24.32704448699951,219.74294662475586,424.4299621582031,0.0686127800146645,0.0444444444444444,0.08488306161306072,0.0714285714285714,0.7577190695116293,0.7320751596188866,0.623287683600834
level2_status_skip_vertical_blur_bss0p05__pos_only_2p0__xyz2__ryp0__seed20,1006,0.7534791252485089,0.2465208747514911,0.7534791252485089,0.24652087475149106,0.2654075546719682,0.2654075546719682,41.421895068977264,11.343296527862549,123.75873374938965,176.02798614501927,0.0845963970198723,0.0683374844333748,0.10059824586596323,0.0884214445271779,0.7683124684523395,0.7441089077327412,0.6377581039359341
level2_status_skip_vertical_blur_bss0p05__pos_only_2p0__xyz2__ryp0__seed28,1006,0.8280318091451292,0.1719681908548708,0.8280318091451292,0.17196819085487078,0.2803180914512923,0.2803180914512923,41.36126520311584,6.060925722122192,147.4933319091797,172.7893646240234,0.13478844334783258,0.11948410123296554,0.15243944424912892,0.1454545454545454,0.7529886434309662,0.7289786881152294,0.64134830713546
level2_status_skip_vertical_blur_bss0p05__pos_only_2p0__xyz2__ryp0__seed42,1006,0.20874751491053678,0.7912524850894632,0.20874751491053678,0.7912524850894632,0.14910536779324055,0.14910536779324055,124.94853665257143,50.01000213623047,243.74917602539062,1307.5116394042918,0.014241999040969266,0.0,0.017763470204180218,0.0,0.7013752139634369,0.6868153811416103,0.6109962096193087
level2_status_skip_vertical_blur_bss0p05__pos_only_3p0__xyz3__ryp0__seed20,1006,0.4662027833001988,0.5337972166998012,0.4662027833001988,0.5337972166998012,0.27435387673956263,0.27435387673956263,89.15666224072255,50.01000213623047,318.4172897338867,650.6411499023429,0.033641150255038575,0.0,0.03926165497011683,0.0161290322580645,0.7039955706913963,0.6827180811943533,0.5854585235353479
level2_status_skip_vertical_blur_bss0p05__pos_only_3p0__xyz3__ryp0__seed28,1006,0.6481113320079522,0.35188866799204777,0.6481113320079522,0.3518886679920477,0.3389662027833002,0.3389662027833002,164.24422347041485,50.01000213623047,652.4918975830078,874.2636169433562,0.05999627979105326,0.0357142857142857,0.06491303015331802,0.050423728813559304,0.7165762679384956,0.7023352671848253,0.6245625285897392
level2_status_skip_vertical_blur_bss0p05__pos_only_3p0__xyz3__ryp0__seed42,1006,0.0,1.0,0.0,1.0,0.0,0.0,50.01000213623047,50.01000213623047,50.01000213623047,N/A,0.0014068240163806625,0.0,N/A,N/A,0.7180052157793363,0.7105139603381313,0.6435507411815025
level2_status_skip_vertical_blur_bss0p05__rot_only_10p0__xyz0__ryp10__seed20,1006,0.8131212723658051,0.18687872763419489,0.8131212723658051,0.18687872763419483,0.6312127236580517,0.6312127236580517,116.38954461943618,50.01000213623047,318.00120544433594,387.20552368164033,0.012821662006204756,0.0,0.013273629507023465,0.0,0.6191775913983052,0.6100851977385643,0.5529523495215896
level2_status_skip_vertical_blur_bss0p05__rot_only_10p0__xyz0__ryp10__seed28,1006,0.8966202783300199,0.1033797216699801,0.8966202783300199,0.10337972166998012,0.06262425447316103,0.06262425447316103,10.331450925731938,1.4049353003501892,50.01000213623047,13.764696264266908,0.18499602167150325,0.1818181818181818,0.20152869949146077,0.2,0.8270183548121486,0.7448373426165547,0.5803541273193832
level2_status_skip_vertical_blur_bss0p05__rot_only_10p0__xyz0__ryp10__seed42,1006,0.8836978131212724,0.11630218687872762,0.8836978131212724,0.11630218687872763,0.15805168986083498,0.15805168986083498,13.063278461863874,3.086414337158203,50.01000213623047,33.68712081909175,0.05995059000865154,0.043010752688172,0.06542248869605027,0.0476190476190476,0.6434028049337779,0.6173065463317325,0.5469507897811554
level2_status_skip_vertical_blur_bss0p05__rot_only_14p0__xyz0__ryp14__seed20,1006,0.7206759443339961,0.27932405566600393,0.7206759443339961,0.279324055666004,0.6381709741550696,0.6381709741550696,252.1005075190579,50.01000213623047,533.8640289306641,605.6534057617184,0.009192412060479764,0.0,0.008385747616345085,0.0,0.6475992202468346,0.6364096694284299,0.5762023193629668
level2_status_skip_vertical_blur_bss0p05__rot_only_14p0__xyz0__ryp14__seed28,1006,0.8946322067594433,0.10536779324055667,0.8946322067594433,0.10536779324055666,0.05168986083499006,0.05168986083499006,8.76333068433786,1.627765715122223,50.01000213623047,10.500293636322022,0.15731978198740582,0.15490579452541764,0.17255953519628184,0.1642230308219178,0.7922463522219795,0.6920788856409756,0.5401074364403908
level2_status_skip_vertical_blur_bss0p05__rot_only_14p0__xyz0__ryp14__seed42,1006,0.8936381709741551,0.1063618290258449,0.8936381709741551,0.10636182902584493,0.22664015904572565,0.22664015904572565,19.054025789811675,4.815016984939575,56.04127311706543,65.50528564453121,0.04099289914019334,0.027027027027027,0.04437891948968356,0.032520325203252,0.6280189409642002,0.6059637984351403,0.5370790221114398
level2_status_skip_vertical_blur_bss0p05__rot_only_18p0__xyz0__ryp18__seed20,1006,0.5785288270377733,0.4214711729622267,0.5785288270377733,0.42147117296222664,0.5387673956262425,0.5387673956262425,241.23696730710995,50.01000213623047,895.1299591064453,1241.1962524414037,0.01004942995603409,0.0,0.006631164526046455,0.0,0.6625936809301887,0.6529982180227974,0.590282812275801
level2_status_skip_vertical_blur_bss0p05__rot_only_18p0__xyz0__ryp18__seed28,1006,0.8956262425447317,0.10437375745526833,0.8956262425447317,0.10437375745526839,0.05069582504970179,0.05069582504970179,8.49654943403412,1.725358009338379,50.01000213623047,10.786054611206056,0.13671216680927262,0.1212121212121212,0.1494068874249442,0.1363636363636363,0.7455503779046467,0.6671257662528917,0.5340391516572641
level2_status_skip_vertical_blur_bss0p05__rot_only_18p0__xyz0__ryp18__seed42,1006,0.8846918489065606,0.11530815109343939,0.8846918489065606,0.11530815109343936,0.32803180914512925,0.32803180914512925,26.412891984700593,7.631058216094971,95.7595043182373,103.78567352294912,0.028712435162244424,0.019512659432705103,0.030358922173381944,0.021505376344086,0.6155818176450526,0.600338371762667,0.5424645900162163
level2_status_skip_vertical_blur_bss0p05__rot_only_1p0__xyz0__ryp1__seed20,1006,0.8996023856858847,0.10039761431411531,0.8996023856858847,0.10039761431411531,0.10337972166998012,0.10337972166998012,9.929787926067377,1.9158228039741516,50.01000213623047,22.95919609069824,0.14142562407839643,0.12546296296296294,0.15374143738377946,0.1392405063291139,0.7494671247917297,0.6883042189073773,0.5551192793016579
level2_status_skip_vertical_blur_bss0p05__rot_only_1p0__xyz0__ryp1__seed28,1006,0.9055666003976143,0.09443339960238573,0.9055666003976143,0.09443339960238568,0.05765407554671968,0.05765407554671968,7.345307667515276,1.3002156019210815,50.01000213623047,10.962991714477539,0.25694909673613486,0.2769230769230769,0.27861706200287495,0.2923076923076923,0.863215918354821,0.8468841258102054,0.7442747508102618
level2_status_skip_vertical_blur_bss0p05__rot_only_1p0__xyz0__ryp1__seed42,1006,0.9025844930417495,0.09741550695825052,0.9025844930417495,0.09741550695825049,0.055666003976143144,0.055666003976143144,7.989082226232434,1.4692038893699646,50.01000213623047,10.717571401596066,0.2410826488796343,0.2547782185358817,0.2608032723478961,0.2682926829268293,0.8573728826035887,0.8359615223247578,0.717706732952603
level2_status_skip_vertical_blur_bss0p05__rot_only_2p0__xyz0__ryp2__seed20,1006,0.8906560636182903,0.1093439363817097,0.8906560636182903,0.10934393638170974,0.13618290258449303,0.13618290258449303,12.405726416291998,2.9652509689331055,50.01000213623047,30.480022430419922,0.0672370920779306,0.0490999678559948,0.07225967686338065,0.0526315789473684,0.6522626975599417,0.6231367677184695,0.5461114850786786
level2_status_skip_vertical_blur_bss0p05__rot_only_2p0__xyz0__ryp2__seed28,1006,0.9035785288270378,0.09642147117296218,0.9035785288270378,0.09642147117296222,0.04473161033797217,0.04473161033797217,7.570998382186082,1.2029297351837158,50.01000213623047,9.622335243225097,0.2549818839316609,0.2769230769230769,0.27653893197662777,0.2929292929292929,0.8635837340950565,0.8448556308306057,0.7366019067659695
level2_status_skip_vertical_blur_bss0p05__rot_only_2p0__xyz0__ryp2__seed42,1006,0.9015904572564613,0.09840954274353875,0.9015904572564613,0.09840954274353876,0.0536779324055666,0.0536779324055666,7.713085129873826,1.3005379438400269,50.01000213623047,10.945673465728753,0.20696673123524903,0.217129387113672,0.223970615491419,0.2291666666666666,0.8421136734798033,0.7989233642328325,0.637548216832559
level2_status_skip_vertical_blur_bss0p05__rot_only_4p0__xyz0__ryp4__seed20,1006,0.8876739562624254,0.1123260437375746,0.8876739562624254,0.11232604373757456,0.36182902584493043,0.36182902584493043,33.60786317355531,8.609549522399902,107.25610160827637,116.36609954833968,0.026124425921020916,0.0170215848181949,0.02746463919392484,0.0198019801980198,0.617842736425823,0.6036613431196892,0.540113131679375
level2_status_skip_vertical_blur_bss0p05__rot_only_4p0__xyz0__ryp4__seed28,1006,0.9055666003976143,0.09443339960238573,0.9055666003976143,0.09443339960238568,0.04970178926441352,0.04970178926441352,7.299627640842885,1.2114229798316956,50.01000213623047,10.343669414520264,0.24141314704414274,0.25987012987012986,0.2612871326998916,0.2727272727272727,0.8545249553763161,0.828456420843481,0.6944788233801801
level2_status_skip_vertical_blur_bss0p05__rot_only_4p0__xyz0__ryp4__seed42,1006,0.8936381709741551,0.1063618290258449,0.8936381709741551,0.10636182902584493,0.07654075546719682,0.07654075546719682,8.88377636375601,1.7302761673927307,50.01000213623047,15.096167278289792,0.15242786647248482,0.1450381679389313,0.16677399465113074,0.1566265060240964,0.774003851662912,0.703466243220156,0.554062062158709
level2_status_skip_vertical_blur_bss0p05__rot_only_6p0__xyz0__ryp6__seed20,1006,0.8807157057654076,0.11928429423459241,0.8807157057654076,0.11928429423459244,0.5178926441351889,0.5178926441351889,129.63276286155843,21.282204627990723,945.5657958984376,997.6307525634766,0.013713844299613719,0.0069447793585724,0.014147127433718095,0.008,0.5997582443729056,0.5885185478706497,0.5354838727288198
level2_status_skip_vertical_blur_bss0p05__rot_only_6p0__xyz0__ryp6__seed28,1006,0.8996023856858847,0.10039761431411531,0.8996023856858847,0.10039761431411531,0.039761431411530816,0.039761431411530816,7.388164644527551,1.3169183731079102,50.01000213623047,9.503724098205565,0.22436681297748906,0.240253164556962,0.24390701280331098,0.253012048192771,0.8479618680389774,0.8124889249487931,0.6475542053942965
level2_status_skip_vertical_blur_bss0p05__rot_only_6p0__xyz0__ryp6__seed42,1006,0.8946322067594433,0.10536779324055667,0.8946322067594433,0.10536779324055666,0.10934393638170974,0.10934393638170974,12.433465956078905,2.2852803468704224,50.01000213623047,25.234331893920892,0.11172461527641733,0.0930232558139534,0.1212029496580285,0.1012658227848101,0.7052548717028676,0.6475441713610756,0.5419988898204471
level2_status_skip_vertical_blur_bss0p05__rot_only_8p0__xyz0__ryp8__seed20,1006,0.8479125248508946,0.15208747514910537,0.8479125248508946,0.15208747514910537,0.6003976143141153,0.6003976143141153,106.6131007728976,39.31009864807129,305.3104248046875,366.4914245605466,0.013505920186666315,0.0,0.013503619139763244,0.0,0.6096666955231083,0.5982912703467342,0.5421951090840175
level2_status_skip_vertical_blur_bss0p05__rot_only_8p0__xyz0__ryp8__seed28,1006,0.8976143141153081,0.10238568588469188,0.8976143141153081,0.10238568588469185,0.040755467196819085,0.040755467196819085,8.005330094861383,1.366667926311493,50.01000213623047,9.50536422729492,0.20272573641719305,0.2131481481481481,0.22082124239713166,0.225,0.8392233916587588,0.7875475430739866,0.6080468842687249
level2_status_skip_vertical_blur_bss0p05__rot_only_8p0__xyz0__ryp8__seed42,1006,0.8916500994035785,0.10834990059642147,0.8916500994035785,0.10834990059642147,0.11332007952286283,0.11332007952286283,181.16700477428518,2.686350107192993,50.01000213623047,27.800687789916964,0.07571076694317305,0.059322033898305,0.08200619278453178,0.0642201834862385,0.6706404285022999,0.6289943186989984,0.5426173835662236
mc_status_skip_full_k3__clean__xyz0__ryp0__seed20,1006,0.9025844930417495,0.09741550695825052,0.9025844930417495,0.09741550695825049,0.0,0.0,8.49449834340489,1.2560988664627075,50.01000213623047,9.609709930419918,0.25610070688028247,0.27529583831937243,0.2776436170770992,0.29008567931456547,0.863457395069848,0.8482062869254269,0.7506995971718287
mc_status_skip_full_k3__clean__xyz0__ryp0__seed28,1006,0.9025844930417495,0.09741550695825052,0.9025844930417495,0.09741550695825049,0.0,0.0,8.482524480157272,1.2401468753814697,50.01000213623047,10.094717407226561,0.2561075751351188,0.27486958085986685,0.2777105224100563,0.2894736842105263,0.8632563602404777,0.8486748096131215,0.7505997862933085
mc_status_skip_full_k3__clean__xyz0__ryp0__seed42,1006,0.9025844930417495,0.09741550695825052,0.9025844930417495,0.09741550695825049,0.0,0.0,8.539328666157404,1.2562817931175232,50.01000213623047,10.138614892959595,0.2554895749095308,0.2736345580933466,0.2770410055475248,0.2888888888888888,0.8627645421507043,0.847431484585526,0.7495145672869695
mc_status_skip_full_k3__pos_0p2_rot_10p0__xyz0p2__ryp10__seed20,1006,0.8101391650099403,0.18986083499005968,0.8101391650099403,0.18986083499005965,0.0,0.0,99.38390773220755,50.01000213623047,311.3261489868164,376.15328369140616,0.004162864503210355,0.0,0.0025810154378976763,0.0,0.612737811506166,0.6083338499073546,0.5617260438175534
mc_status_skip_full_k3__pos_0p2_rot_10p0__xyz0p2__ryp10__seed28,1006,0.8936381709741551,0.1063618290258449,0.8936381709741551,0.10636182902584493,0.0,0.0,8.811265547058099,1.524035394191742,50.01000213623047,14.962907981872545,0.17496242057957412,0.1780919617385467,0.1911718679985381,0.1888888888888888,0.8218524881761794,0.753928355071609,0.5878450182642709
mc_status_skip_full_k3__pos_0p2_rot_10p0__xyz0p2__ryp10__seed42,1006,0.8817097415506958,0.11829025844930419,0.8817097415506958,0.11829025844930417,0.0,0.0,17.040742846211298,3.262298107147217,50.01000213623047,45.13724861145016,0.052447930943566395,0.0359712230215827,0.05652728477612059,0.0384615384615384,0.6508424049193016,0.6294457638987697,0.5573811408019071
mc_status_skip_full_k3__pos_0p2_rot_14p0__xyz0p2__ryp14__seed20,1006,0.7157057654075547,0.2842942345924453,0.7157057654075547,0.28429423459244535,0.0,0.0,185.75802191527595,50.01000213623047,576.2931518554688,670.8405822753905,0.004548815131491928,0.0,0.0013565990206353185,0.0,0.6368957948860772,0.630504401334536,0.5801038747539609
mc_status_skip_full_k3__pos_0p2_rot_14p0__xyz0p2__ryp14__seed28,1006,0.8976143141153081,0.10238568588469188,0.8976143141153081,0.10238568588469185,0.0,0.0,9.460950010206188,1.5996497869491577,50.01000213623047,16.14930915832519,0.1479595238696846,0.1463414634146341,0.16043814325450412,0.1578947368421052,0.78279024484722,0.6952832208826947,0.5451570305499818
mc_status_skip_full_k3__pos_0p2_rot_14p0__xyz0p2__ryp14__seed42,1006,0.889662027833002,0.11033797216699803,0.889662027833002,0.110337972166998,0.0,0.0,20.50135556922459,5.388235807418823,64.80721092224121,70.32193984985352,0.03409196762634248,0.0210526315789473,0.03628201636189765,0.0224719101123595,0.6254250275146588,0.6088517962964135,0.5531890364920259
mc_status_skip_full_k3__pos_0p2_rot_18p0__xyz0p2__ryp18__seed20,1006,0.5616302186878728,0.4383697813121272,0.5616302186878728,0.4383697813121272,0.0,0.0,245.97081752681353,50.01000213623047,889.5561218261719,1251.5700683593732,0.00693699722097452,0.0,0.0009472153949834593,0.0,0.6486858554615506,0.6433727189505152,0.5888251812227477
mc_status_skip_full_k3__pos_0p2_rot_18p0__xyz0p2__ryp18__seed28,1006,0.8916500994035785,0.10834990059642147,0.8916500994035785,0.10834990059642147,0.0,0.0,10.870355702349716,1.7613410949707031,50.01000213623047,15.580648422241199,0.12914004301536408,0.1216803760282021,0.14108070506197695,0.1325301204819277,0.7426349516951285,0.6735890777818385,0.5418065377198596
mc_status_skip_full_k3__pos_0p2_rot_18p0__xyz0p2__ryp18__seed42,1006,0.882703777335984,0.11729622266401596,0.882703777335984,0.1172962226640159,0.0,0.0,29.345848533889615,8.409643650054932,92.81760597229004,95.71268997192381,0.019496997436882914,0.008695652173913,0.02001992657456417,0.0095238095238095,0.6116239258981602,0.6029882487306307,0.5511651374690614
mc_status_skip_full_k3__pos_0p2_rot_1p0__xyz0p2__ryp1__seed20,1006,0.8886679920477137,0.11133200795228626,0.8886679920477137,0.11133200795228629,0.0,0.0,10.789305584859024,1.7850590944290161,50.01000213623047,22.87077140808105,0.12193012312149526,0.1111111111111111,0.13296574264910593,0.1224489795918367,0.7477283054612843,0.6872347138669438,0.557801348089559
mc_status_skip_full_k3__pos_0p2_rot_1p0__xyz0p2__ryp1__seed28,1006,0.8956262425447317,0.10437375745526833,0.8956262425447317,0.10437375745526839,0.0,0.0,9.093769155097348,1.2759636640548706,50.01000213623047,15.831805229187012,0.2113149348881799,0.2307692307692307,0.22980147472567197,0.2424242424242424,0.8464184233002646,0.8288763815833904,0.7279651300863793
mc_status_skip_full_k3__pos_0p2_rot_1p0__xyz0p2__ryp1__seed42,1006,0.8916500994035785,0.10834990059642147,0.8916500994035785,0.10834990059642147,0.0,0.0,8.456910441694369,1.3819195628166199,50.01000213623047,11.666941261291504,0.21385092894155908,0.2222222222222222,0.2336901847321531,0.237410071942446,0.8548170527791827,0.8367715504827145,0.7150619943669996
mc_status_skip_full_k3__pos_0p2_rot_2p0__xyz0p2__ryp2__seed20,1006,0.8916500994035785,0.10834990059642147,0.8916500994035785,0.10834990059642147,0.0,0.0,15.777304994205299,2.727993965148926,50.01000213623047,40.9870811462402,0.05953557578148456,0.0426441171122022,0.06386470068838723,0.0465116279069767,0.6498940883744055,0.6254329398961883,0.5542250021930143
mc_status_skip_full_k3__pos_0p2_rot_2p0__xyz0p2__ryp2__seed28,1006,0.8916500994035785,0.10834990059642147,0.8916500994035785,0.10834990059642147,0.0,0.0,8.568695601471886,1.1754791736602783,50.01000213623047,15.800925445556619,0.2108463754491804,0.22654088050314458,0.22949778499948598,0.2386363636363636,0.853249027237822,0.8360351359639806,0.7272035570786328
mc_status_skip_full_k3__pos_0p2_rot_2p0__xyz0p2__ryp2__seed42,1006,0.889662027833002,0.11033797216699803,0.889662027833002,0.110337972166998,0.0,0.0,8.741421055537476,1.425820231437683,50.01000213623047,14.514214611053461,0.18875831996402076,0.19909909909909912,0.20750470933901474,0.2100840336134453,0.8379173057231524,0.7976877125511499,0.6468712811374894
mc_status_skip_full_k3__pos_0p2_rot_4p0__xyz0p2__ryp4__seed20,1006,0.8817097415506958,0.11829025844930419,0.8817097415506958,0.11829025844930417,0.0,0.0,35.51051463868106,8.693185806274414,110.84858322143555,120.55799331665011,0.01751302003286779,0.0087719298245614,0.018208485072921866,0.0097087378640776,0.6111236197804002,0.6031767443744173,0.5521411904742806
mc_status_skip_full_k3__pos_0p2_rot_4p0__xyz0p2__ryp4__seed28,1006,0.8946322067594433,0.10536779324055667,0.8946322067594433,0.10536779324055666,0.0,0.0,10.041240417238196,1.1965232491493225,50.01000213623047,13.893716764450073,0.2089757153726501,0.2211111111111111,0.22794284435979056,0.2328767123287671,0.8508478855890733,0.8300447557679759,0.6915242024958727
mc_status_skip_full_k3__pos_0p2_rot_4p0__xyz0p2__ryp4__seed42,1006,0.8886679920477137,0.11133200795228626,0.8886679920477137,0.11133200795228629,0.0,0.0,10.733438320490622,1.7852084040641785,50.01000213623047,24.859518623352,0.1339226159408318,0.125,0.14619478475437236,0.13660287081339711,0.7682724279849121,0.7101927910905433,0.568781945679363
mc_status_skip_full_k3__pos_0p2_rot_6p0__xyz0p2__ryp6__seed20,1006,0.8866799204771372,0.11332007952286283,0.8866799204771372,0.11332007952286283,0.0,0.0,120.67032257243102,19.86522388458252,890.0363922119141,957.5651123046874,0.0074428400003326645,0.0,0.006713725419061799,0.0,0.5911325658390797,0.5864969743416452,0.5434724003026982
mc_status_skip_full_k3__pos_0p2_rot_6p0__xyz0p2__ryp6__seed28,1006,0.8996023856858847,0.10039761431411531,0.8996023856858847,0.10039761431411531,0.0,0.0,8.928530268117445,1.3297783136367798,50.01000213623047,13.434467124938962,0.20358129575355685,0.20970017636684302,0.22127176138484553,0.2222222222222222,0.8367640015363972,0.8079447868530725,0.65356867359854
mc_status_skip_full_k3__pos_0p2_rot_6p0__xyz0p2__ryp6__seed42,1006,0.885685884691849,0.11431411530815105,0.885685884691849,0.1143141153081511,0.0,0.0,11.748581626298828,2.2673293352127075,50.01000213623047,27.578612327575684,0.0931638554436172,0.0820794969683359,0.1009617614451677,0.0897435897435897,0.6943390947953239,0.6498744109715336,0.5535066943628149
mc_status_skip_full_k3__pos_0p2_rot_8p0__xyz0p2__ryp8__seed20,1006,0.8369781312127237,0.16302186878727631,0.8369781312127237,0.16302186878727634,0.0,0.0,98.7447219007828,40.26516151428223,275.1055755615234,336.65109405517546,0.005390130677980931,0.0,0.0036073223695572724,0.0,0.6017454474156092,0.5959846816955633,0.5512355509113337
mc_status_skip_full_k3__pos_0p2_rot_8p0__xyz0p2__ryp8__seed28,1006,0.8936381709741551,0.1063618290258449,0.8936381709741551,0.10636182902584493,0.0,0.0,10.32247823434206,1.50249445438385,50.01000213623047,11.919540119171124,0.19039031674306156,0.19557044785877736,0.207713712222799,0.208695652173913,0.8355993596646275,0.7837461177196468,0.6157011919467622
mc_status_skip_full_k3__pos_0p2_rot_8p0__xyz0p2__ryp8__seed42,1006,0.8866799204771372,0.11332007952286283,0.8866799204771372,0.11332007952286283,0.0,0.0,12.242129951294615,2.657197952270508,50.01000213623047,31.307092285156227,0.0689215310623477,0.0526315789473684,0.07394425592779658,0.0571428571428571,0.6652388626001535,0.6346680740169373,0.5569313845587086
mc_status_skip_full_k3__pos_0p5_rot_10p0__xyz0p5__ryp10__seed20,1006,0.7922465208747514,0.20775347912524855,0.7922465208747514,0.2077534791252485,0.0,0.0,89.92347262374628,50.01000213623047,290.90564727783203,375.5115661621093,0.004127662987152991,0.0,0.001991513582881469,0.0,0.6075401964989873,0.6008600684125075,0.5556425740647821
mc_status_skip_full_k3__pos_0p5_rot_10p0__xyz0p5__ryp10__seed28,1006,0.889662027833002,0.11033797216699803,0.889662027833002,0.110337972166998,0.0,0.0,11.834844486987354,1.4016152024269104,50.01000213623047,19.213220214843744,0.17780301908109136,0.1800515748756677,0.19331636500228208,0.1929824561403508,0.8085796105719933,0.7514842832592624,0.5923470911145782
mc_status_skip_full_k3__pos_0p5_rot_10p0__xyz0p5__ryp10__seed42,1006,0.8618290258449304,0.13817097415506963,0.8618290258449304,0.13817097415506957,0.0,0.0,21.35427483692363,4.575188398361206,57.526333808898926,63.01972312927236,0.04376808868075448,0.0266076696165191,0.04697831188039758,0.02803738317757,0.6404718446260607,0.6240757845106579,0.5655904570224273
mc_status_skip_full_k3__pos_0p5_rot_14p0__xyz0p5__ryp14__seed20,1006,0.709741550695825,0.290258449304175,0.709741550695825,0.29025844930417494,0.0,0.0,224.20596876592333,52.613752365112305,636.0675659179688,725.9333099365235,0.0051085864005860045,0.0,0.0010023335023216966,0.0,0.622829243657206,0.6184798883814723,0.5684255632838509
mc_status_skip_full_k3__pos_0p5_rot_14p0__xyz0p5__ryp14__seed28,1006,0.8866799204771372,0.11332007952286283,0.8866799204771372,0.11332007952286283,0.0,0.0,10.002626130489753,1.5922647714614868,50.01000213623047,14.697958374023406,0.14526302156540308,0.1446287165695502,0.15933283222826114,0.15484515484515482,0.7835013147628435,0.7040546050655182,0.5550751141754025
mc_status_skip_full_k3__pos_0p5_rot_14p0__xyz0p5__ryp14__seed42,1006,0.8697813121272365,0.13021868787276347,0.8697813121272365,0.13021868787276342,0.0,0.0,24.369912923833958,6.48225474357605,90.89377975463869,97.58619308471678,0.02823560187825989,0.0143892339544513,0.029376143127980307,0.015625,0.6221580290578287,0.6126706342540489,0.5632443023645604
mc_status_skip_full_k3__pos_0p5_rot_18p0__xyz0p5__ryp18__seed20,1006,0.5497017892644135,0.4502982107355865,0.5497017892644135,0.45029821073558646,0.0,0.0,242.7711232878105,50.01000213623047,910.7462005615234,1211.2286621093742,0.008093292197001308,0.0,0.00115729707363441,0.0,0.6377285756946374,0.6324463850570939,0.5809695647330158
mc_status_skip_full_k3__pos_0p5_rot_18p0__xyz0p5__ryp18__seed28,1006,0.8886679920477137,0.11133200795228626,0.8886679920477137,0.11133200795228629,0.0,0.0,9.774834613656918,1.9805611968040466,50.01000213623047,18.378247642517078,0.12196133895610278,0.11787864752200089,0.13326444855297057,0.1272727272727272,0.7389909375937673,0.6697199200280625,0.5413625155286782
mc_status_skip_full_k3__pos_0p5_rot_18p0__xyz0p5__ryp18__seed42,1006,0.8618290258449304,0.13817097415506963,0.8618290258449304,0.13817097415506957,0.0,0.0,36.219066421906824,9.46613073348999,122.63240051269531,137.49937896728497,0.013978754205123782,0.0,0.014316064065576988,0.0,0.6084107879291566,0.601289864383835,0.5539190157145945
mc_status_skip_full_k3__pos_0p5_rot_1p0__xyz0p5__ryp1__seed20,1006,0.8886679920477137,0.11133200795228626,0.8886679920477137,0.11133200795228629,0.0,0.0,11.44117900629371,1.9319175481796265,50.01000213623047,25.88248043060297,0.12027376968084169,0.1085271317829457,0.13134659422060932,0.1212121212121212,0.7366279759932333,0.6820850882554025,0.5659384726615545
mc_status_skip_full_k3__pos_0p5_rot_1p0__xyz0p5__ryp1__seed28,1006,0.8926441351888668,0.10735586481113324,0.8926441351888668,0.1073558648111332,0.0,0.0,9.755590208154054,1.3702110648155212,50.01000213623047,17.260411071777337,0.21015583960243578,0.2204636091724825,0.22917826242652525,0.2352941176470588,0.8339938038142956,0.8185113632052795,0.7193143096270814
mc_status_skip_full_k3__pos_0p5_rot_1p0__xyz0p5__ryp1__seed42,1006,0.8727634194831014,0.12723658051689857,0.8727634194831014,0.1272365805168986,0.0,0.0,11.029331425190367,1.6595433950424194,50.01000213623047,16.708544158935528,0.1715444178432159,0.17179608585858586,0.19107139601961276,0.18942218080149115,0.8320430515116699,0.8129638503981076,0.7032064937500133
mc_status_skip_full_k3__pos_0p5_rot_2p0__xyz0p5__ryp2__seed20,1006,0.8817097415506958,0.11829025844930419,0.8817097415506958,0.11829025844930417,0.0,0.0,15.113674734506171,3.4875646829605103,50.01000213623047,46.16277961730949,0.05671386381695802,0.03780731846769575,0.06090523674602425,0.0416666666666666,0.6483537435036978,0.6240064859826905,0.5615425067023753
mc_status_skip_full_k3__pos_0p5_rot_2p0__xyz0p5__ryp2__seed28,1006,0.8846918489065606,0.11530815109343939,0.8846918489065606,0.11530815109343936,0.0,0.0,11.495607383079884,1.3842446208000183,50.01000213623047,15.525909709930406,0.21019259178973995,0.22068372803666914,0.23029974644885914,0.238095238095238,0.8360596800445119,0.8193492812494017,0.713409986163313
mc_status_skip_full_k3__pos_0p5_rot_2p0__xyz0p5__ryp2__seed42,1006,0.8717693836978131,0.1282306163021869,0.8717693836978131,0.12823061630218688,0.0,0.0,11.092516433074689,1.8374707102775574,50.01000213623047,18.328421401977494,0.1566543116934693,0.1521739130434782,0.17355251652795284,0.1666666666666666,0.8184199739303505,0.7815053036467549,0.6348443940595908
mc_status_skip_full_k3__pos_0p5_rot_4p0__xyz0p5__ryp4__seed20,1006,0.8767395626242545,0.12326043737574555,0.8767395626242545,0.12326043737574553,0.0,0.0,60.342598906534455,10.227432250976562,152.2639274597168,168.8329895019531,0.015772132257801764,0.0,0.015784701991889236,0.007326105624731599,0.6082524728960311,0.6024905196563988,0.5532772095103468
mc_status_skip_full_k3__pos_0p5_rot_4p0__xyz0p5__ryp4__seed28,1006,0.8836978131212724,0.11630218687872762,0.8836978131212724,0.11630218687872763,0.0,0.0,11.876193274616782,1.3267438411712646,50.01000213623047,18.333867645263666,0.20284121168661845,0.2127659574468085,0.2229699118218452,0.2289156626506024,0.8294497821555216,0.8083484430261907,0.6838450391618451
mc_status_skip_full_k3__pos_0p5_rot_4p0__xyz0p5__ryp4__seed42,1006,0.8757455268389662,0.12425447316103377,0.8757455268389662,0.1242544731610338,0.0,0.0,13.194564991961297,2.2087185382843018,50.01000213623047,27.845123291015625,0.11309638488314282,0.1016949152542373,0.1239450828778262,0.1111111111111111,0.7462645207934653,0.6951429924508342,0.5773879880253098
mc_status_skip_full_k3__pos_0p5_rot_6p0__xyz0p5__ryp6__seed20,1006,0.8846918489065606,0.11530815109343939,0.8846918489065606,0.11530815109343936,0.0,0.0,126.13891117973161,22.535727500915527,978.1539916992188,1019.7887023925772,0.005601361833252588,0.0,0.005440192908294467,0.0,0.5846488034616945,0.5796020333247465,0.5388721207774315
mc_status_skip_full_k3__pos_0p5_rot_6p0__xyz0p5__ryp6__seed28,1006,0.885685884691849,0.11431411530815105,0.885685884691849,0.1143141153081511,0.0,0.0,11.654249432561558,1.3643938899040222,50.01000213623047,20.819790840148926,0.1972856114704215,0.2,0.21583417688546166,0.2142857142857142,0.8211406126901393,0.7895681471453476,0.6456044310988913
mc_status_skip_full_k3__pos_0p5_rot_6p0__xyz0p5__ryp6__seed42,1006,0.8677932405566601,0.13220675944333993,0.8677932405566601,0.13220675944333996,0.0,0.0,18.056641053676195,2.7317605018615723,50.01000213623047,31.768068695068305,0.07622387622916305,0.06317710115178465,0.08349723544094649,0.0692307692307692,0.6882225797575642,0.6524368390578819,0.5665335575642578
mc_status_skip_full_k3__pos_0p5_rot_8p0__xyz0p5__ryp8__seed20,1006,0.8230616302186878,0.17693836978131217,0.8230616302186878,0.17693836978131214,0.0,0.0,93.58910086148124,45.72732734680176,219.72844696044922,270.8479339599608,0.0049747023174246405,0.0,0.003323750822159616,0.0,0.5907653378881595,0.5867963554677368,0.5453569883560083
mc_status_skip_full_k3__pos_0p5_rot_8p0__xyz0p5__ryp8__seed28,1006,0.8886679920477137,0.11133200795228626,0.8886679920477137,0.11133200795228629,0.0,0.0,10.537271397045918,1.258888602256775,50.01000213623047,18.23618192672723,0.189523138226674,0.1901748040988547,0.20686264740802301,0.203883495145631,0.8141026589220343,0.7715038015609966,0.6154898905214151
mc_status_skip_full_k3__pos_0p5_rot_8p0__xyz0p5__ryp8__seed42,1006,0.8717693836978131,0.1282306163021869,0.8717693836978131,0.12823061630218688,0.0,0.0,16.036771880992305,3.305405378341675,50.01000213623047,34.062677764892555,0.06055472327735468,0.0408163265306122,0.06656731282480141,0.0454545454545454,0.6576710567439574,0.6334000238094557,0.5673525865884902
mc_status_skip_full_k3__pos_1p0_rot_10p0__xyz1__ryp10__seed20,1006,0.7594433399602386,0.2405566600397614,0.7594433399602386,0.24055666003976142,0.0,0.0,131.3406374234684,50.01000213623047,420.9810943603516,554.1841186523442,0.003023066922574996,0.0,0.0012340434473629876,0.0,0.5938043877569978,0.5894919672347385,0.5457527019045213
mc_status_skip_full_k3__pos_1p0_rot_10p0__xyz1__ryp10__seed28,1006,0.8747514910536779,0.1252485089463221,0.8747514910536779,0.12524850894632206,0.0,0.0,13.301918284738251,1.5901713371276855,50.01000213623047,34.680117988586375,0.16026367656622703,0.16,0.17826449643130865,0.17839462517680335,0.7801816045010046,0.735626597751751,0.603503492136367
mc_status_skip_full_k3__pos_1p0_rot_10p0__xyz1__ryp10__seed42,1006,0.7952286282306164,0.20477137176938365,0.7952286282306164,0.2047713717693837,0.0,0.0,38.697872884761075,7.228300333023071,86.40037536621094,108.88137702941886,0.03689699187258535,0.015625,0.03777693088613312,0.0183501683501683,0.6320755680725285,0.6202881209895058,0.5618482697091911
mc_status_skip_full_k3__pos_1p0_rot_14p0__xyz1__ryp14__seed20,1006,0.6709741550695825,0.32902584493041753,0.6709741550695825,0.3290258449304175,0.0,0.0,216.86078069935263,50.01000213623047,767.0742340087891,943.0879272460935,0.004147312853957388,0.0,0.000745259412203443,0.0,0.6136266027197534,0.6083565248587472,0.5606700902238287
mc_status_skip_full_k3__pos_1p0_rot_14p0__xyz1__ryp14__seed28,1006,0.8777335984095428,0.12226640159045721,0.8777335984095428,0.12226640159045726,0.0,0.0,15.892731116797735,1.866493940353393,50.01000213623047,40.034619522094715,0.14221560994330998,0.1333333333333333,0.1567462460119811,0.1466666666666666,0.7576952690314611,0.7081483513600242,0.5749851732420631
mc_status_skip_full_k3__pos_1p0_rot_14p0__xyz1__ryp14__seed42,1006,0.7733598409542743,0.22664015904572565,0.7733598409542743,0.22664015904572565,0.0,0.0,37.748002347723634,12.570765018463135,131.31683349609375,162.61166687011712,0.02074224863525806,0.0,0.018307269193592653,0.0,0.6110227233571466,0.6033995527292486,0.5589583934413727
mc_status_skip_full_k3__pos_1p0_rot_18p0__xyz1__ryp18__seed20,1006,0.5178926441351889,0.4821073558648111,0.5178926441351889,0.4821073558648111,0.0,0.0,352.3124705048252,50.01000213623047,1062.2507629394531,1786.243896484375,0.006581956745040811,0.0,0.0005580107634594939,0.0,0.6259756697763847,0.6214459438589137,0.5714227578933359
mc_status_skip_full_k3__pos_1p0_rot_18p0__xyz1__ryp18__seed28,1006,0.878727634194831,0.12127236580516898,0.878727634194831,0.12127236580516898,0.0,0.0,15.159987994590967,2.2112579345703125,50.01000213623047,45.32875156402582,0.11161558053837399,0.1038348444008821,0.12257785772377984,0.1132075471698113,0.7306105606380825,0.6824991801852913,0.5541040957839176
mc_status_skip_full_k3__pos_1p0_rot_18p0__xyz1__ryp18__seed42,1006,0.7703777335984096,0.22962226640159045,0.7703777335984096,0.22962226640159045,0.0,0.0,60.78144148335409,18.94096565246582,202.45057678222656,296.6377502441404,0.011615762639916885,0.0,0.010176882938231133,0.0,0.6021375456855304,0.5961763282966169,0.5532860640626571
mc_status_skip_full_k3__pos_1p0_rot_1p0__xyz1__ryp1__seed20,1006,0.8588469184890656,0.14115308151093442,0.8588469184890656,0.1411530815109344,0.0,0.0,19.002497147318557,3.526167869567871,50.01000213623047,54.735962104797224,0.09184768081385575,0.0769230769230769,0.09932551743180261,0.0853658536585365,0.7099745418811935,0.668279005550233,0.5746737128331957
mc_status_skip_full_k3__pos_1p0_rot_1p0__xyz1__ryp1__seed28,1006,0.8717693836978131,0.1282306163021869,0.8717693836978131,0.12823061630218688,0.0,0.0,15.356016036258305,1.5303806066513062,50.01000213623047,46.59883422851562,0.17481998901663473,0.1891891891891892,0.19529823359734794,0.2093023255813953,0.7986812464388607,0.783065385386914,0.6971620987383714
mc_status_skip_full_k3__pos_1p0_rot_1p0__xyz1__ryp1__seed42,1006,0.8041749502982107,0.19582504970178927,0.8041749502982107,0.19582504970178927,0.0,0.0,27.001877139476093,4.160770893096924,50.01000213623047,53.14322128295894,0.10981714329778025,0.0940448113207547,0.12499465848246365,0.1129032258064516,0.7881190597006004,0.7722485114015105,0.6590640458924665
mc_status_skip_full_k3__pos_1p0_rot_2p0__xyz1__ryp2__seed20,1006,0.8638170974155069,0.13618290258449306,0.8638170974155069,0.13618290258449303,0.0,0.0,20.938309025086063,5.1084349155426025,70.44094276428223,77.12640228271476,0.044573221560375444,0.029126213592233,0.047253689544347985,0.0326086956521739,0.643279735334545,0.6246002115845939,0.5634003843766447
mc_status_skip_full_k3__pos_1p0_rot_2p0__xyz1__ryp2__seed28,1006,0.8777335984095428,0.12226640159045721,0.8777335984095428,0.12226640159045726,0.0,0.0,13.533626736354309,1.6087282299995422,50.01000213623047,41.438975143432614,0.17601876616659767,0.18879749314531918,0.1959656429030682,0.2083333333333333,0.799930533325743,0.7854215312037708,0.6868401186786218
mc_status_skip_full_k3__pos_1p0_rot_2p0__xyz1__ryp2__seed42,1006,0.7962226640159046,0.20377733598409542,0.7962226640159046,0.20377733598409542,0.0,0.0,23.637211984936375,4.449503421783447,50.01000213623047,56.3847885131836,0.09998493915384371,0.08523611831862996,0.11088336741183828,0.0987654320987654,0.7758690125100954,0.7447909936669468,0.6149949220739206
mc_status_skip_full_k3__pos_1p0_rot_4p0__xyz1__ryp4__seed20,1006,0.8677932405566601,0.13220675944333993,0.8677932405566601,0.13220675944333996,0.0,0.0,90.53767745747479,13.861281871795654,688.7333984375,720.9392456054683,0.010717643841640753,0.0,0.010323967567378136,0.0,0.5926086197930192,0.5879994700746323,0.5458676879804032
mc_status_skip_full_k3__pos_1p0_rot_4p0__xyz1__ryp4__seed28,1006,0.882703777335984,0.11729622266401596,0.882703777335984,0.1172962226640159,0.0,0.0,12.179189126957906,1.6367548108100891,50.01000213623047,35.40960445404052,0.17672603342437515,0.18433827286663257,0.19561517575482623,0.2,0.7997226613855155,0.7818158151859419,0.6730625566941486
mc_status_skip_full_k3__pos_1p0_rot_4p0__xyz1__ryp4__seed42,1006,0.8081510934393639,0.19184890656063613,0.8081510934393639,0.1918489065606362,0.0,0.0,25.23872331100013,5.376819610595703,60.760727882385254,75.57614593505858,0.07676718533259919,0.0558151609553478,0.0866344446382779,0.0707964601769911,0.7142779247757243,0.669976104384471,0.5716538337344582
mc_status_skip_full_k3__pos_1p0_rot_6p0__xyz1__ryp6__seed20,1006,0.856858846918489,0.14314115308151099,0.856858846918489,0.14314115308151093,0.0,0.0,155.37493774442976,28.73541259765625,709.9673767089844,837.1725677490227,0.004682331583307071,0.0,0.003967772402727639,0.0,0.5764268587395532,0.5729054612821449,0.5359362904003188
mc_status_skip_full_k3__pos_1p0_rot_6p0__xyz1__ryp6__seed28,1006,0.8747514910536779,0.1252485089463221,0.8747514910536779,0.12524850894632206,0.0,0.0,14.35199911213151,1.7700918316841125,50.01000213623047,43.15611095428464,0.17093333089536714,0.1794871794871795,0.18975022054557505,0.2,0.7926638752428208,0.7673355314684013,0.6404621025082493
mc_status_skip_full_k3__pos_1p0_rot_6p0__xyz1__ryp6__seed42,1006,0.7664015904572564,0.23359840954274358,0.7664015904572564,0.23359840954274355,0.0,0.0,27.29034120969615,6.43278694152832,50.01000213623047,61.332786560058594,0.05877078722389071,0.0333333333333333,0.06171057844195623,0.04,0.6712988199287198,0.6462654579828503,0.5687934381830619
mc_status_skip_full_k3__pos_1p0_rot_8p0__xyz1__ryp8__seed20,1006,0.7952286282306164,0.20477137176938365,0.7952286282306164,0.2047713717693837,0.0,0.0,100.35384647220847,50.01000213623047,324.4137954711914,418.99664154052726,0.003598392649718018,0.0,0.0019645611573188126,0.0,0.5811926041524629,0.5782088552278495,0.5384686072331215
mc_status_skip_full_k3__pos_1p0_rot_8p0__xyz1__ryp8__seed28,1006,0.8727634194831014,0.12723658051689857,0.8727634194831014,0.1272365805168986,0.0,0.0,13.93348006269844,1.747342586517334,50.01000213623047,38.641011810302736,0.16630940852349255,0.1744186046511628,0.18583485518256326,0.1935483870967742,0.7863469771185996,0.7550756685191987,0.6204422745691863
mc_status_skip_full_k3__pos_1p0_rot_8p0__xyz1__ryp8__seed42,1006,0.7922465208747514,0.20775347912524855,0.7922465208747514,0.2077534791252485,0.0,0.0,33.136618847164435,6.936941862106323,71.61250305175781,87.07528686523428,0.04413866955998133,0.0210526315789473,0.04840013483215705,0.027027027027027,0.6441830120025458,0.6262600889590484,0.5634129369780606
mc_status_skip_full_k3__pos_1p5_rot_10p0__xyz1p5__ryp10__seed20,1006,0.709741550695825,0.290258449304175,0.709741550695825,0.29025844930417494,0.0,0.0,167.85115721587752,50.01000213623047,589.9469757080078,817.7492065429695,0.0030209434325375556,0.0,0.0011301916784702511,0.0,0.5858277471822191,0.5813891034000984,0.5393521372799029
mc_status_skip_full_k3__pos_1p5_rot_10p0__xyz1p5__ryp10__seed28,1006,0.856858846918489,0.14314115308151099,0.856858846918489,0.14314115308151093,0.0,0.0,23.318174470104175,2.8851723670959473,108.07094764709471,114.99251174926755,0.1226562057584387,0.1240384615384615,0.1386097436455475,0.14564393939393933,0.7480211917475652,0.7204792734417494,0.6110275223489324
mc_status_skip_full_k3__pos_1p5_rot_10p0__xyz1p5__ryp10__seed42,1006,0.610337972166998,0.38966202783300197,0.610337972166998,0.38966202783300197,0.0,0.0,127.36802640990739,50.01000213623047,375.93115234375,834.2490570068362,0.0198967980347994,0.0,0.01806211954270848,0.0,0.6339892880222342,0.6238357194337634,0.5654097026114322
mc_status_skip_full_k3__pos_1p5_rot_14p0__xyz1p5__ryp14__seed20,1006,0.6053677932405567,0.3946322067594433,0.6053677932405567,0.3946322067594433,0.0,0.0,204.17965920651648,50.01000213623047,725.2867431640625,1019.1390869140627,0.004422307131831073,0.0,0.0005415182568335596,0.0,0.6110819261892503,0.6061208305133889,0.5564843565060886
mc_status_skip_full_k3__pos_1p5_rot_14p0__xyz1p5__ryp14__seed28,1006,0.8508946322067594,0.14910536779324057,0.8508946322067594,0.14910536779324055,0.0,0.0,24.742195586290446,3.3144662380218506,89.07170867919922,99.897554397583,0.1029558777620029,0.0920296430732002,0.11659890834267948,0.107975622681505,0.7230473297358871,0.6907331088369002,0.5826444826536372
mc_status_skip_full_k3__pos_1p5_rot_14p0__xyz1p5__ryp14__seed42,1006,0.6123260437375746,0.3876739562624254,0.6123260437375746,0.38767395626242546,0.0,0.0,76.08399403404856,50.01000213623047,285.2683868408203,414.7912216186524,0.011839899363094963,0.0,0.008949612051857833,0.0,0.6184913274892769,0.6120996748513449,0.5649400359533765
mc_status_skip_full_k3__pos_1p5_rot_18p0__xyz1p5__ryp18__seed20,1006,0.47912524850894633,0.5208747514910537,0.47912524850894633,0.5208747514910537,0.0,0.0,333.15202356297266,50.01000213623047,1543.5813598632812,2616.043920898437,0.00629282316381529,0.0,0.0009249564857795356,0.0,0.6249376412402712,0.6205076712676955,0.5706701431492719
mc_status_skip_full_k3__pos_1p5_rot_18p0__xyz1p5__ryp18__seed28,1006,0.8459244532803181,0.15407554671968193,0.8459244532803181,0.1540755467196819,0.0,0.0,23.501936627940115,3.82232666015625,91.60898017883301,95.37725448608398,0.0896709178936065,0.07106782106782106,0.10002954099777304,0.087378640776699,0.7158412484206824,0.6816214274353289,0.5784448559660087
mc_status_skip_full_k3__pos_1p5_rot_18p0__xyz1p5__ryp18__seed42,1006,0.5864811133200796,0.4135188866799204,0.5864811133200796,0.4135188866799205,0.0,0.0,93.09114176201936,50.01000213623047,336.2699966430664,636.0642364501942,0.013441451915253703,0.0,0.0053335833612437045,0.0,0.614408506303708,0.6088333392063298,0.5612241331092075
mc_status_skip_full_k3__pos_1p5_rot_1p0__xyz1p5__ryp1__seed20,1006,0.8290258449304175,0.17097415506958247,0.8290258449304175,0.1709741550695825,0.0,0.0,29.724416094675,5.603850841522217,89.92514991760254,113.7334968566891,0.06925987386109325,0.0454545454545454,0.07788412307302396,0.05486978774650005,0.6893035630006521,0.656864213176001,0.5704995192393856
mc_status_skip_full_k3__pos_1p5_rot_1p0__xyz1p5__ryp1__seed28,1006,0.8588469184890656,0.14115308151093442,0.8588469184890656,0.1411530815109344,0.0,0.0,22.80708325299022,2.9522783756256104,83.51663589477539,102.4734226226805,0.15876473216160153,0.16016991504247868,0.179416829372875,0.18673992673992668,0.7615574484362987,0.7494243023866212,0.6656046327994348
mc_status_skip_full_k3__pos_1p5_rot_1p0__xyz1p5__ryp1__seed42,1006,0.5934393638170974,0.4065606361829026,0.5934393638170974,0.40656063618290256,0.0,0.0,85.202188020298,45.07242774963379,198.52536392211914,574.5003784179661,0.059789184989367174,0.0364745011086474,0.07563565751929512,0.0603448275862069,0.744089126693597,0.7226665297675848,0.6157695333506427
mc_status_skip_full_k3__pos_1p5_rot_2p0__xyz1p5__ryp2__seed20,1006,0.831013916500994,0.168986083499006,0.831013916500994,0.16898608349900596,0.0,0.0,39.74138761622827,9.548654556274414,119.8365077972412,140.20331192016602,0.03249051335941594,0.0149253731343283,0.03370473522714966,0.0157568238213399,0.6283667870270797,0.6175926232446233,0.5628852737781718
mc_status_skip_full_k3__pos_1p5_rot_2p0__xyz1p5__ryp2__seed28,1006,0.8548707753479126,0.14512922465208744,0.8548707753479126,0.14512922465208747,0.0,0.0,24.0930777978342,2.9247164726257324,85.35043334960938,102.34946289062476,0.1555898042554877,0.1612903225806451,0.17671355749374593,0.1844293272864701,0.7553910348076692,0.7436238020538983,0.664786941050094
mc_status_skip_full_k3__pos_1p5_rot_2p0__xyz1p5__ryp2__seed42,1006,0.6083499005964215,0.39165009940357853,0.6083499005964215,0.39165009940357853,0.0,0.0,82.54307177512803,39.71406364440918,177.93815231323242,398.2431671142546,0.05504084710217541,0.029631255487269498,0.06501474661587654,0.0482899339292654,0.7269779629245563,0.7012280256541047,0.5943253710270665
mc_status_skip_full_k3__pos_1p5_rot_4p0__xyz1p5__ryp4__seed20,1006,0.8349900596421471,0.16500994035785288,0.8349900596421471,0.16500994035785288,0.0,0.0,131.87312304546202,24.6932315826416,746.9464263916016,783.5200042724609,0.008487701651523221,0.0,0.006772161468482416,0.0,0.5836333203551496,0.5793187480006663,0.538242145962146
mc_status_skip_full_k3__pos_1p5_rot_4p0__xyz1p5__ryp4__seed28,1006,0.8508946322067594,0.14910536779324057,0.8508946322067594,0.14910536779324055,0.0,0.0,24.01114173532532,2.8819847106933594,93.98792076110838,99.23871612548828,0.14671107073223047,0.1486486486486486,0.1674154476312268,0.18052538020936199,0.7588345450814027,0.7441648847089485,0.6525829546977326
mc_status_skip_full_k3__pos_1p5_rot_4p0__xyz1p5__ryp4__seed42,1006,0.614314115308151,0.38568588469184895,0.614314115308151,0.3856858846918489,0.0,0.0,52.91928955004779,35.19118690490723,149.95502853393555,258.55417633056624,0.04514690687783334,0.0212765957446808,0.05171990241726424,0.0377358490566037,0.6844213202862037,0.6555532684841675,0.5699530624667893
mc_status_skip_full_k3__pos_1p5_rot_6p0__xyz1p5__ryp6__seed20,1006,0.8121272365805169,0.1878727634194831,0.8121272365805169,0.1878727634194831,0.0,0.0,124.158954608393,50.01000213623047,733.6260986328125,762.7635498046875,0.003063489787795129,0.0,0.002510981268092344,0.0,0.570144248027525,0.5667384364346527,0.5307478393873837
mc_status_skip_full_k3__pos_1p5_rot_6p0__xyz1p5__ryp6__seed28,1006,0.8558648111332008,0.1441351888667992,0.8558648111332008,0.1441351888667992,0.0,0.0,25.50681807579066,2.9637011289596558,92.00925827026366,110.83526611328124,0.1379923586610348,0.13660287081339711,0.15686500905692627,0.1666666666666666,0.756912222618908,0.7381432566419568,0.6409826569217686
mc_status_skip_full_k3__pos_1p5_rot_6p0__xyz1p5__ryp6__seed42,1006,0.6232604373757455,0.37673956262425445,0.6232604373757455,0.37673956262425445,0.0,0.0,71.28901093938937,45.280643463134766,168.16890335083008,299.1245117187494,0.0340141269933067,0.01227040048178255,0.03469685381937907,0.0178571428571428,0.6476709937890014,0.6267857820791463,0.5560543101760137
mc_status_skip_full_k3__pos_1p5_rot_8p0__xyz1p5__ryp8__seed20,1006,0.7584493041749503,0.24155069582504973,0.7584493041749503,0.2415506958250497,0.0,0.0,121.10879765973088,50.01000213623047,457.2688903808594,585.3700622558589,0.003376354415504096,0.0,0.001278597175017642,0.0,0.5732847682381353,0.5694715507688077,0.5309129013480607
mc_status_skip_full_k3__pos_1p5_rot_8p0__xyz1p5__ryp8__seed28,1006,0.8578528827037774,0.14214711729622265,0.8578528827037774,0.14214711729622267,0.0,0.0,23.588600438909467,2.9198848009109497,83.10500144958496,93.60307769775389,0.12811075531755003,0.1290322580645161,0.14549109959937945,0.1511627906976744,0.7555861697992099,0.7331030369861715,0.6211205157047457
mc_status_skip_full_k3__pos_1p5_rot_8p0__xyz1p5__ryp8__seed42,1006,0.610337972166998,0.38966202783300197,0.610337972166998,0.38966202783300197,0.0,0.0,116.89168261582013,50.01000213623047,140.15330123901367,356.1437637329104,0.023693242347659505,0.0,0.02416125826675362,0.0112359550561797,0.6420789212348768,0.6251499683917451,0.5608630157724488
mc_status_skip_full_k3__pos_2p0_rot_10p0__xyz2__ryp10__seed20,1006,0.6182902584493042,0.3817097415506958,0.6182902584493042,0.3817097415506958,0.0,0.0,228.0514406434614,50.01000213623047,927.9661254882811,1362.2409790039046,0.004788192864187705,0.0,0.0004446632498171844,0.0,0.5948683777869913,0.5900505476241199,0.5469477241675745
mc_status_skip_full_k3__pos_2p0_rot_10p0__xyz2__ryp10__seed28,1006,0.8220675944333996,0.1779324055666004,0.8220675944333996,0.1779324055666004,0.0,0.0,45.024098047431515,6.167370557785034,168.76970672607422,192.14856414794912,0.0950430452517804,0.07294900221729485,0.10785805415990413,0.09375,0.7285406354958978,0.708260085875799,0.6090913030009312
mc_status_skip_full_k3__pos_2p0_rot_10p0__xyz2__ryp10__seed42,1006,0.1988071570576541,0.8011928429423459,0.1988071570576541,0.8011928429423459,0.0,0.0,127.88064720461527,50.01000213623047,264.7625274658203,1524.6749023437485,0.010038632510828706,0.0,0.004272820304921936,0.0,0.6780746682617182,0.6714434672544793,0.6108905824062458
mc_status_skip_full_k3__pos_2p0_rot_14p0__xyz2__ryp14__seed20,1006,0.5069582504970179,0.4930417495029821,0.5069582504970179,0.49304174950298213,0.0,0.0,251.60781766098015,50.01000213623047,1047.2559509277344,1885.376977539062,0.004216823832623036,0.0,0.00023367249583287767,0.0,0.6157201931342994,0.6103339296548373,0.5602921897934975
mc_status_skip_full_k3__pos_2p0_rot_14p0__xyz2__ryp14__seed28,1006,0.8180914512922465,0.18190854870775353,0.8180914512922465,0.18190854870775347,0.0,0.0,34.726177160552226,6.582356929779053,139.16032028198242,158.3720962524414,0.07972857433692732,0.0598507462686567,0.09062767372824568,0.0804597701149425,0.7154612446360709,0.6922745670334007,0.5979873656455126
mc_status_skip_full_k3__pos_2p0_rot_14p0__xyz2__ryp14__seed42,1006,0.19681908548707752,0.8031809145129225,0.19681908548707752,0.8031809145129225,0.0,0.0,86.62473016731427,50.01000213623047,207.2407341003418,780.4509002685535,0.007862740286176225,0.0,0.0023676529935624815,0.0,0.6779857972890121,0.6729725140424387,0.613258923742357
mc_status_skip_full_k3__pos_2p0_rot_18p0__xyz2__ryp18__seed20,1006,0.40755467196819084,0.5924453280318092,0.40755467196819084,0.5924453280318092,0.0,0.0,411.0029199393559,50.01000213623047,1811.1608581542969,3201.884411621089,0.004346218827042103,0.0,0.00046115678344603336,0.0,0.6340651911691367,0.6276292085862645,0.5743373587280219
mc_status_skip_full_k3__pos_2p0_rot_18p0__xyz2__ryp18__seed28,1006,0.8240556660039762,0.17594433399602383,0.8240556660039762,0.17594433399602386,0.0,0.0,42.665063319440115,7.659636735916138,172.80543899536133,202.0044921874997,0.06887561369715009,0.044610281923714704,0.07758514029689043,0.0588235294117647,0.6997725421178782,0.6772942390894208,0.5883092190883754
mc_status_skip_full_k3__pos_2p0_rot_18p0__xyz2__ryp18__seed42,1006,0.18986083499005965,0.8101391650099403,0.18986083499005965,0.8101391650099403,0.0,0.0,120.21392471291436,50.01000213623047,216.27570343017578,1187.3656616210938,0.00636372485658158,0.0,0.0016958521223921802,0.0,0.676750416356826,0.6712112226278542,0.6113031642888546
mc_status_skip_full_k3__pos_2p0_rot_1p0__xyz2__ryp1__seed20,1006,0.76441351888668,0.23558648111332003,0.76441351888668,0.2355864811133201,0.0,0.0,53.09324062105165,13.716235637664795,220.77145767211914,257.2130493164061,0.051416386553652896,0.024243314722303802,0.05541136272972702,0.0333333333333333,0.6677374451458625,0.6429603156414545,0.5644705932673604
mc_status_skip_full_k3__pos_2p0_rot_1p0__xyz2__ryp1__seed28,1006,0.8250497017892644,0.1749502982107356,0.8250497017892644,0.1749502982107356,0.0,0.0,37.127074930682795,6.294963598251343,134.86063385009766,162.26759262084954,0.1253586749422263,0.1052631578947368,0.14036922629506485,0.1333333333333333,0.7330003769333523,0.7209069273656655,0.6453278838783822
mc_status_skip_full_k3__pos_2p0_rot_1p0__xyz2__ryp1__seed42,1006,0.1908548707753479,0.8091451292246521,0.1908548707753479,0.8091451292246521,0.0,0.0,102.69253378305103,50.01000213623047,175.87221145629883,998.6850311279296,0.013561564865934485,0.0,0.01459521154722085,0.0,0.6965226867399171,0.6863665268933725,0.6161382921513536
mc_status_skip_full_k3__pos_2p0_rot_2p0__xyz2__ryp2__seed20,1006,0.7544731610337972,0.24552683896620275,0.7544731610337972,0.24552683896620278,0.0,0.0,77.66242971645174,28.59146022796631,495.96973419189453,593.048992919922,0.022869251164677588,0.0,0.02165994594370322,0.0,0.6201395410788417,0.6078073586522745,0.5562937205223143
mc_status_skip_full_k3__pos_2p0_rot_2p0__xyz2__ryp2__seed28,1006,0.8320079522862823,0.16799204771371767,0.8320079522862823,0.1679920477137177,0.0,0.0,38.73308422453056,5.827406406402588,162.9296875,181.6534301757812,0.12256205605924952,0.10084745762711865,0.1367886834784843,0.1269841269841269,0.7357935142417105,0.7229252970086215,0.6432343011414866
mc_status_skip_full_k3__pos_2p0_rot_2p0__xyz2__ryp2__seed42,1006,0.1908548707753479,0.8091451292246521,0.1908548707753479,0.8091451292246521,0.0,0.0,85.96429429573506,50.01000213623047,183.85332107543945,1124.800622558593,0.012893014257643071,0.0,0.010957973775658747,0.0,0.6934523677443548,0.6832237201622096,0.6165768861148753
mc_status_skip_full_k3__pos_2p0_rot_4p0__xyz2__ryp4__seed20,1006,0.7584493041749503,0.24155069582504973,0.7584493041749503,0.2415506958250497,0.0,0.0,132.17161933725208,50.01000213623047,689.2677001953125,730.170257568359,0.006474246127723522,0.0,0.0049521967196539994,0.0,0.5929193689257269,0.5873809868052328,0.5459865322342071
mc_status_skip_full_k3__pos_2p0_rot_4p0__xyz2__ryp4__seed28,1006,0.831013916500994,0.168986083499006,0.831013916500994,0.16898608349900596,0.0,0.0,40.17591526145117,6.1299333572387695,162.36433029174805,182.85140228271487,0.12106641119667447,0.09820881812614815,0.13502381181183543,0.12251461988304091,0.7284827851294879,0.7178275414318933,0.6350621448051602
mc_status_skip_full_k3__pos_2p0_rot_4p0__xyz2__ryp4__seed42,1006,0.18986083499005965,0.8101391650099403,0.18986083499005965,0.8101391650099403,0.0,0.0,165.34069207300308,50.01000213623047,190.9299659729004,1031.9989624023438,0.012920072337500194,0.0,0.010104008370004842,0.0,0.6909136738983599,0.6800556381885643,0.6147740444951778
mc_status_skip_full_k3__pos_2p0_rot_6p0__xyz2__ryp6__seed20,1006,0.7246520874751491,0.2753479125248509,0.7246520874751491,0.2753479125248509,0.0,0.0,152.90680824510503,50.01000213623047,737.9072265625,840.7358276367191,0.005842154820456135,0.0,0.002186871430593895,0.0,0.5794086458802857,0.5760762164213431,0.5357734152329389
mc_status_skip_full_k3__pos_2p0_rot_6p0__xyz2__ryp6__seed28,1006,0.8320079522862823,0.16799204771371767,0.8320079522862823,0.1679920477137177,0.0,0.0,36.27504387878822,6.086293458938599,146.54442596435547,168.09271545410124,0.11143419873038769,0.0909090909090909,0.12308348401951602,0.1132075471698113,0.7318545527179315,0.7170146974763459,0.6329791826615997
mc_status_skip_full_k3__pos_2p0_rot_6p0__xyz2__ryp6__seed42,1006,0.20377733598409542,0.7962226640159046,0.20377733598409542,0.7962226640159046,0.0,0.0,111.8886336731145,50.01000213623047,192.08963775634766,1534.6714599609372,0.011998227370164113,0.0,0.00711787921502739,0.0,0.6781966371857935,0.6700454131214932,0.6065697251083967
mc_status_skip_full_k3__pos_2p0_rot_8p0__xyz2__ryp8__seed20,1006,0.6769383697813122,0.32306163021868783,0.6769383697813122,0.3230616302186879,0.0,0.0,135.29139537933037,50.01000213623047,547.4763793945312,679.1590576171875,0.003383460937104406,0.0,0.0013431004451058656,0.0,0.5837923026715043,0.5799717513047481,0.5369411919973152
mc_status_skip_full_k3__pos_2p0_rot_8p0__xyz2__ryp8__seed28,1006,0.8349900596421471,0.16500994035785288,0.8349900596421471,0.16500994035785288,0.0,0.0,38.424327687067716,6.094393491744995,167.63312530517578,182.7068618774412,0.10087068070509422,0.0789473684210526,0.11290387106517519,0.1009174311926605,0.7341225145129715,0.7168024059430256,0.6243132107291602
mc_status_skip_full_k3__pos_2p0_rot_8p0__xyz2__ryp8__seed42,1006,0.20079522862823063,0.7992047713717694,0.20079522862823063,0.7992047713717694,0.0,0.0,130.24827931566574,50.01000213623047,193.57313919067383,999.0980041503902,0.012531361358907561,0.0,0.004936524132543299,0.0,0.6837189911487451,0.6747757353138005,0.6097741747742016
mc_status_skip_full_k3__pos_3p0_rot_10p0__xyz3__ryp10__seed20,1006,0.3538767395626243,0.6461232604373757,0.3538767395626243,0.6461232604373758,0.0,0.0,245.73010812388736,50.01000213623047,873.2979583740234,2243.8098754882812,0.004610350195920948,0.0,0.00043580515510519246,0.0,0.6439288085308068,0.6381476801019038,0.5877125386177711
mc_status_skip_full_k3__pos_3p0_rot_10p0__xyz3__ryp10__seed28,1006,0.6391650099403579,0.36083499005964215,0.6391650099403579,0.36083499005964215,0.0,0.0,142.3076233612625,50.01000213623047,562.5090789794922,856.6302734374992,0.047124788378251306,0.0148156277436347,0.048270598291250376,0.0138888888888888,0.6976152757408707,0.6888861937356587,0.6174678949130596
mc_status_skip_full_k3__pos_3p0_rot_10p0__xyz3__ryp10__seed42,1006,0.0,1.0,0.0,1.0,0.0,0.0,50.01000213623047,50.01000213623047,50.01000213623047,N/A,0.0011051485225457229,0.0,N/A,N/A,0.7180052157793363,0.7105139603381313,0.6435507411815025
mc_status_skip_full_k3__pos_3p0_rot_14p0__xyz3__ryp14__seed20,1006,0.27236580516898606,0.7276341948310139,0.27236580516898606,0.7276341948310139,0.0,0.0,382.7085605551661,50.01000213623047,1197.7391967773438,4570.826757812494,0.0051462419662550996,0.0,0.00028112090896463066,0.0,0.6601291604098537,0.6541157121635313,0.6001930555870968
mc_status_skip_full_k3__pos_3p0_rot_14p0__xyz3__ryp14__seed28,1006,0.6351888667992047,0.3648111332007953,0.6351888667992047,0.3648111332007952,0.0,0.0,130.71075405455076,50.01000213623047,555.7430572509766,887.952636718751,0.040905240419325375,0.012739370334306999,0.039629765548933375,0.0,0.6913164634429848,0.6816462068249196,0.6098769381962893
mc_status_skip_full_k3__pos_3p0_rot_14p0__xyz3__ryp14__seed42,1006,0.0,1.0,0.0,1.0,0.0,0.0,50.01000213623047,50.01000213623047,50.01000213623047,N/A,0.0011018987115018922,0.0,N/A,N/A,0.7180052157793363,0.7105139603381313,0.6435507411815025
mc_status_skip_full_k3__pos_3p0_rot_18p0__xyz3__ryp18__seed20,1006,0.18389662027833,0.81610337972167,0.18389662027833,0.81610337972167,0.0,0.0,540.4253879053218,50.01000213623047,1038.1351318359375,6438.666992187485,0.005159591461782426,0.0,0.0002594393088335303,0.0,0.6815054395931549,0.6744145903646254,0.6108451016621843
mc_status_skip_full_k3__pos_3p0_rot_18p0__xyz3__ryp18__seed28,1006,0.6351888667992047,0.3648111332007953,0.6351888667992047,0.3648111332007952,0.0,0.0,127.83409834526404,50.01000213623047,585.0203552246094,856.1933654785167,0.03760297212261153,0.0117647058823529,0.03645240714096376,0.0119047619047619,0.6883347659533993,0.6780472430107709,0.6063684115072829
mc_status_skip_full_k3__pos_3p0_rot_18p0__xyz3__ryp18__seed42,1006,0.0,1.0,0.0,1.0,0.0,0.0,50.01000213623047,50.01000213623047,50.01000213623047,N/A,0.0012443778137702503,0.0,N/A,N/A,0.7180052157793363,0.7105139603381313,0.6435507411815025
mc_status_skip_full_k3__pos_3p0_rot_1p0__xyz3__ryp1__seed20,1006,0.47713717693836977,0.5228628230616302,0.47713717693836977,0.5228628230616302,0.0,0.0,134.48254431653805,50.01000213623047,590.9066772460938,1033.770184326171,0.019013444678971224,0.0,0.01630963927282627,0.0,0.6464691681660635,0.6326551889957469,0.5661514802500978
mc_status_skip_full_k3__pos_3p0_rot_1p0__xyz3__ryp1__seed28,1006,0.6461232604373758,0.3538767395626242,0.6461232604373758,0.3538767395626243,0.0,0.0,159.10834619489353,50.01000213623047,643.3819885253906,806.1665374755856,0.05268440310655287,0.0168079096045197,0.054771939361554334,0.0148156277436347,0.7059001069011672,0.6998312714828226,0.6314551108073471
mc_status_skip_full_k3__pos_3p0_rot_1p0__xyz3__ryp1__seed42,1006,0.0,1.0,0.0,1.0,0.0,0.0,50.01000213623047,50.01000213623047,50.01000213623047,N/A,0.0015805859960984743,0.0,N/A,N/A,0.7180052157793363,0.7105139603381313,0.6435507411815025
mc_status_skip_full_k3__pos_3p0_rot_2p0__xyz3__ryp2__seed20,1006,0.4711729622266402,0.5288270377733598,0.4711729622266402,0.5288270377733598,0.0,0.0,385.76473620163637,50.01000213623047,731.9608612060547,1226.4495483398402,0.013428399722870089,0.0,0.006106996126884222,0.0,0.6400651343439636,0.6323820359001785,0.5751605072245157
mc_status_skip_full_k3__pos_3p0_rot_2p0__xyz3__ryp2__seed28,1006,0.6351888667992047,0.3648111332007953,0.6351888667992047,0.3648111332007952,0.0,0.0,142.04980797176296,50.01000213623047,547.9529571533203,749.0489685058598,0.052996284815013485,0.019419306184012053,0.05494355350828215,0.0188679245283018,0.7068655473835368,0.6999572064415155,0.6276260085292744
mc_status_skip_full_k3__pos_3p0_rot_2p0__xyz3__ryp2__seed42,1006,0.0,1.0,0.0,1.0,0.0,0.0,50.01000213623047,50.01000213623047,50.01000213623047,N/A,0.0017835633063845548,0.0,N/A,N/A,0.7180052157793363,0.7105139603381313,0.6435507411815025
mc_status_skip_full_k3__pos_3p0_rot_4p0__xyz3__ryp4__seed20,1006,0.4761431411530815,0.5238568588469186,0.4761431411530815,0.5238568588469185,0.0,0.0,168.31126024508868,50.01000213623047,738.9870910644531,1548.3466186523438,0.007780301293731256,0.0,0.001762944826880613,0.0,0.619471254344959,0.6154471238108904,0.5670419282957933
mc_status_skip_full_k3__pos_3p0_rot_4p0__xyz3__ryp4__seed28,1006,0.6322067594433399,0.3677932405566601,0.6322067594433399,0.36779324055666,0.0,0.0,163.5248373560913,50.01000213623047,757.4955749511719,1101.5791625976562,0.05043517344536546,0.0169491525423728,0.053780534747538175,0.0144927536231884,0.7045088406959658,0.6975427954150157,0.6253431704869691
mc_status_skip_full_k3__pos_3p0_rot_4p0__xyz3__ryp4__seed42,1006,0.0,1.0,0.0,1.0,0.0,0.0,50.01000213623047,50.01000213623047,50.01000213623047,N/A,0.0014369240514345604,0.0,N/A,N/A,0.7180052157793363,0.7105139603381313,0.6435507411815025
mc_status_skip_full_k3__pos_3p0_rot_6p0__xyz3__ryp6__seed20,1006,0.43240556660039764,0.5675944333996024,0.43240556660039764,0.5675944333996024,0.0,0.0,177.0425358643648,50.01000213623047,751.6310119628906,1708.494201660149,0.004775118802742071,0.0,0.0007745036015186571,0.0,0.6222443176965573,0.6179683846549956,0.5703261398531074
mc_status_skip_full_k3__pos_3p0_rot_6p0__xyz3__ryp6__seed28,1006,0.6312127236580517,0.3687872763419483,0.6312127236580517,0.3687872763419483,0.0,0.0,192.49311414035904,50.01000213623047,644.7008819580078,868.3774597167967,0.049912752200968954,0.0183501683501683,0.05179090558062436,0.0169491525423728,0.7022300785772457,0.6936402189521987,0.624857473680254
mc_status_skip_full_k3__pos_3p0_rot_6p0__xyz3__ryp6__seed42,1006,0.0,1.0,0.0,1.0,0.0,0.0,50.01000213623047,50.01000213623047,50.01000213623047,N/A,0.0011218150421838018,0.0,N/A,N/A,0.7180052157793363,0.7105139603381313,0.6435507411815025
mc_status_skip_full_k3__pos_3p0_rot_8p0__xyz3__ryp8__seed20,1006,0.3996023856858847,0.6003976143141153,0.3996023856858847,0.6003976143141153,0.0,0.0,201.83751654773062,50.01000213623047,858.0186920166016,2112.137292480468,0.00701049857639324,0.0,0.0004595646907439074,0.0,0.6259625986296945,0.6205702981274567,0.5746650149742156
mc_status_skip_full_k3__pos_3p0_rot_8p0__xyz3__ryp8__seed28,1006,0.6441351888667992,0.3558648111332008,0.6441351888667992,0.3558648111332008,0.0,0.0,153.60317220961852,50.01000213623047,624.8405609130859,1023.0904205322254,0.04799954634996063,0.0149253731343283,0.04998770058433493,0.0116279069767441,0.7031386838795947,0.6937248982360253,0.6188527784849348
mc_status_skip_full_k3__pos_3p0_rot_8p0__xyz3__ryp8__seed42,1006,0.0,1.0,0.0,1.0,0.0,0.0,50.01000213623047,50.01000213623047,50.01000213623047,N/A,0.0012194007582507738,0.0,N/A,N/A,0.7180052157793363,0.7105139603381313,0.6435507411815025
mc_status_skip_full_k3__pos_only_0p2__xyz0p2__ryp0__seed20,1006,0.8956262425447317,0.10437375745526833,0.8956262425447317,0.10437375745526839,0.0,0.0,8.609704857901463,1.519823133945465,50.01000213623047,12.529291152954102,0.2181693664064631,0.22406896551724137,0.23679438060612784,0.238095238095238,0.8599687660337735,0.8436186925710599,0.7478535746239753
mc_status_skip_full_k3__pos_only_0p2__xyz0p2__ryp0__seed28,1006,0.8986083499005965,0.10139165009940354,0.8986083499005965,0.10139165009940358,0.0,0.0,8.536548510706469,1.2273282408714294,50.01000213623047,15.15196280479423,0.21362547199004497,0.2307692307692307,0.23206418276629248,0.2433607520564042,0.8501252772381586,0.8361424527414839,0.7418544949946413
mc_status_skip_full_k3__pos_only_0p2__xyz0p2__ryp0__seed42,1006,0.889662027833002,0.11033797216699803,0.889662027833002,0.110337972166998,0.0,0.0,8.830442382600909,1.5418868660926819,50.01000213623047,12.319624614715572,0.22572498743134894,0.23647660818713445,0.24643176959002525,0.253012048192771,0.8566514510637001,0.8418780822053813,0.743221211951939
mc_status_skip_full_k3__pos_only_0p5__xyz0p5__ryp0__seed20,1006,0.8916500994035785,0.10834990059642147,0.8916500994035785,0.10834990059642147,0.0,0.0,11.13621000466285,1.4270992279052734,50.01000213623047,19.003850936889645,0.18983537949881696,0.1978021978021978,0.20751173327812986,0.2105263157894736,0.851757379743124,0.837844643424,0.7365620433482817
mc_status_skip_full_k3__pos_only_0p5__xyz0p5__ryp0__seed28,1006,0.8906560636182903,0.1093439363817097,0.8906560636182903,0.10934393638170974,0.0,0.0,11.445767723186895,1.4043434858322144,50.01000213623047,20.614202976226803,0.2076186454101613,0.21778656126482204,0.2268808964201884,0.2307692307692307,0.8292150689064839,0.8182987188551833,0.7249410978215426
mc_status_skip_full_k3__pos_only_0p5__xyz0p5__ryp0__seed42,1006,0.8618290258449304,0.13817097415506963,0.8618290258449304,0.13817097415506957,0.0,0.0,11.19504152766775,1.749625325202942,50.01000213623047,21.375645446777344,0.1678361474054754,0.1666666666666666,0.1878465291523423,0.1857142857142857,0.8386188741262967,0.8209645428656892,0.7211378084775351
mc_status_skip_full_k3__pos_only_1p0__xyz1__ryp0__seed20,1006,0.8648111332007953,0.13518886679920472,0.8648111332007953,0.13518886679920478,0.0,0.0,14.630450358958926,2.563423275947571,50.01000213623047,33.208467292785606,0.15852444876433025,0.1612903225806451,0.17553241329682345,0.1785714285714285,0.819437811303009,0.8048253175012425,0.7032598153319117
mc_status_skip_full_k3__pos_only_1p0__xyz1__ryp0__seed28,1006,0.8737574552683897,0.12624254473161034,0.8737574552683897,0.12624254473161034,0.0,0.0,15.121506869532288,1.5833998918533325,50.37782955169678,57.85901222228977,0.17287405085779337,0.1928767702388501,0.19261770519210314,0.2063492063492063,0.7937712092016593,0.7802516420666156,0.6935663486996855
mc_status_skip_full_k3__pos_only_1p0__xyz1__ryp0__seed42,1006,0.8111332007952287,0.18886679920477134,0.8111332007952287,0.18886679920477137,0.0,0.0,28.598438023806438,3.878854632377625,50.01000213623047,69.89791297912598,0.11214116567851631,0.0963323022536456,0.12691139730529064,0.117334167709637,0.7919111121311714,0.7766096173575374,0.6753361968117083
mc_status_skip_full_k3__pos_only_1p5__xyz1p5__ryp0__seed20,1006,0.8399602385685885,0.16003976143141152,0.8399602385685885,0.16003976143141152,0.0,0.0,24.893639946726665,4.53366756439209,68.88529014587402,94.39046936035149,0.11341693936307984,0.10690476190476185,0.12838149659248635,0.1267605633802817,0.7785707267587164,0.7651756012734814,0.6749353066987102
mc_status_skip_full_k3__pos_only_1p5__xyz1p5__ryp0__seed28,1006,0.852882703777336,0.147117296222664,0.852882703777336,0.147117296222664,0.0,0.0,22.016334198005236,2.855322003364563,83.36498641967773,89.88656120300291,0.16164318511847117,0.160865617433414,0.18217480212697681,0.19174208144796373,0.7608118360680008,0.7520225827359676,0.6732169842758243
mc_status_skip_full_k3__pos_only_1p5__xyz1p5__ryp0__seed42,1006,0.6272365805168986,0.37276341948310143,0.6272365805168986,0.3727634194831014,0.0,0.0,83.79482366116247,24.32704448699951,219.74294662475586,424.4299621582031,0.06316989929080587,0.03761792452830185,0.07620550534015774,0.0632911392405063,0.7464705943400033,0.7271641669852197,0.6267943772497994
mc_status_skip_full_k3__pos_only_2p0__xyz2__ryp0__seed20,1006,0.7534791252485089,0.2465208747514911,0.7534791252485089,0.24652087475149106,0.0,0.0,41.421895068977264,11.343296527862549,123.75873374938965,176.02798614501927,0.07688175059264338,0.0544466403162055,0.09035954625410006,0.081081081081081,0.744736373499204,0.7283467081898184,0.6361230577159251
mc_status_skip_full_k3__pos_only_2p0__xyz2__ryp0__seed28,1006,0.8280318091451292,0.1719681908548708,0.8280318091451292,0.17196819085487078,0.0,0.0,41.36126520311584,6.060925722122192,147.4933319091797,172.7893646240234,0.12429427839258034,0.1062217923920051,0.13976581886499476,0.1343283582089552,0.7354284088489649,0.7240277132146299,0.6487894441308899
mc_status_skip_full_k3__pos_only_2p0__xyz2__ryp0__seed42,1006,0.20874751491053678,0.7912524850894632,0.20874751491053678,0.7912524850894632,0.0,0.0,124.94853665257143,50.01000213623047,243.74917602539062,1307.5116394042918,0.013313380820941549,0.0,0.013314946731095064,0.0,0.697707545802312,0.6878715973008044,0.6181252758919399
mc_status_skip_full_k3__pos_only_3p0__xyz3__ryp0__seed20,1006,0.4662027833001988,0.5337972166998012,0.4662027833001988,0.5337972166998012,0.0,0.0,89.15666224072255,50.01000213623047,318.4172897338867,650.6411499023429,0.030810279438208337,0.0,0.033189467247875436,0.0,0.688067338076024,0.6764776126401005,0.5932332964965822
mc_status_skip_full_k3__pos_only_3p0__xyz3__ryp0__seed28,1006,0.6481113320079522,0.35188866799204777,0.6481113320079522,0.3518886679920477,0.0,0.0,164.24422347041485,50.01000213623047,652.4918975830078,874.2636169433562,0.054229678495915166,0.0204081632653061,0.056015482756218433,0.0170952659263588,0.7064062069902923,0.6986167067353058,0.6300318417731642
mc_status_skip_full_k3__pos_only_3p0__xyz3__ryp0__seed42,1006,0.0,1.0,0.0,1.0,0.0,0.0,50.01000213623047,50.01000213623047,50.01000213623047,N/A,0.0014068240163806625,0.0,N/A,N/A,0.7180052157793363,0.7105139603381313,0.6435507411815025
mc_status_skip_full_k3__rot_only_10p0__xyz0__ryp10__seed20,1006,0.8131212723658051,0.18687872763419489,0.8131212723658051,0.18687872763419483,0.0,0.0,116.38954461943618,50.01000213623047,318.00120544433594,387.20552368164033,0.004016285553674614,0.0,0.0024445235030560765,0.0,0.6215777486243271,0.6160988882092792,0.5668205394296726
mc_status_skip_full_k3__rot_only_10p0__xyz0__ryp10__seed28,1006,0.8966202783300199,0.1033797216699801,0.8966202783300199,0.10337972166998012,0.0,0.0,10.331450925731938,1.4049353003501892,50.01000213623047,13.764696264266908,0.18230655433412216,0.1814602720114531,0.19852913835908223,0.1970891744548286,0.8231889579231305,0.743164979303209,0.5811841304387182
mc_status_skip_full_k3__rot_only_10p0__xyz0__ryp10__seed42,1006,0.8836978131212724,0.11630218687872762,0.8836978131212724,0.11630218687872763,0.0,0.0,13.063278461863874,3.086414337158203,50.01000213623047,33.68712081909175,0.0533536675657168,0.0386106141920095,0.05795735486298803,0.043859649122807,0.64403059733508,0.6215540359946021,0.5519691181724602
mc_status_skip_full_k3__rot_only_14p0__xyz0__ryp14__seed20,1006,0.7206759443339961,0.27932405566600393,0.7206759443339961,0.279324055666004,0.0,0.0,252.1005075190579,50.01000213623047,533.8640289306641,605.6534057617184,0.004498897950879225,0.0,0.0018730921759890268,0.0,0.6464606489441741,0.6412904679812808,0.5873517158649297
mc_status_skip_full_k3__rot_only_14p0__xyz0__ryp14__seed28,1006,0.8946322067594433,0.10536779324055667,0.8946322067594433,0.10536779324055666,0.0,0.0,8.76333068433786,1.627765715122223,50.01000213623047,10.500293636322022,0.15475500331181635,0.15272476675148428,0.16969268258778963,0.1626453488372093,0.7895840651931322,0.690679468268249,0.540786360314515
mc_status_skip_full_k3__rot_only_14p0__xyz0__ryp14__seed42,1006,0.8936381709741551,0.1063618290258449,0.8936381709741551,0.10636182902584493,0.0,0.0,19.054025789811675,4.815016984939575,56.04127311706543,65.50528564453121,0.03509797547748306,0.021505376344086,0.03778237532429252,0.0240963855421686,0.6242163265016462,0.608785406260732,0.5455592478056943
mc_status_skip_full_k3__rot_only_18p0__xyz0__ryp18__seed20,1006,0.5785288270377733,0.4214711729622267,0.5785288270377733,0.42147117296222664,0.0,0.0,241.23696730710995,50.01000213623047,895.1299591064453,1241.1962524414037,0.006804292207821058,0.0,0.0010218714423655046,0.0,0.6555604430224788,0.6491816582907258,0.5940782506182464
mc_status_skip_full_k3__rot_only_18p0__xyz0__ryp18__seed28,1006,0.8956262425447317,0.10437375745526833,0.8956262425447317,0.10437375745526839,0.0,0.0,8.49654943403412,1.725358009338379,50.01000213623047,10.786054611206056,0.1340763798323822,0.11791443850267375,0.14646393326428733,0.1333333333333333,0.7412740515265377,0.6650145269385531,0.5341940618908065
mc_status_skip_full_k3__rot_only_18p0__xyz0__ryp18__seed42,1006,0.8846918489065606,0.11530815109343939,0.8846918489065606,0.11530815109343936,0.0,0.0,26.412891984700593,7.631058216094971,95.7595043182373,103.78567352294912,0.021789099519681977,0.0120481927710843,0.022533219188642817,0.0129870129870129,0.6143800095341628,0.6062003809485481,0.5523710943560768
mc_status_skip_full_k3__rot_only_1p0__xyz0__ryp1__seed20,1006,0.8996023856858847,0.10039761431411531,0.8996023856858847,0.10039761431411531,0.0,0.0,9.929787926067377,1.9158228039741516,50.01000213623047,22.95919609069824,0.13449067044968097,0.12053001277139205,0.14603252760423496,0.1326530612244898,0.7450739750056696,0.6851016983751069,0.5538272225724117
mc_status_skip_full_k3__rot_only_1p0__xyz0__ryp1__seed28,1006,0.9055666003976143,0.09443339960238573,0.9055666003976143,0.09443339960238568,0.0,0.0,7.345307667515276,1.3002156019210815,50.01000213623047,10.962991714477539,0.2539906025120674,0.2758620689655172,0.2753500530133999,0.2916666666666667,0.8599861022588102,0.8433579839855053,0.7444707475471639
mc_status_skip_full_k3__rot_only_1p0__xyz0__ryp1__seed42,1006,0.9025844930417495,0.09741550695825052,0.9025844930417495,0.09741550695825049,0.0,0.0,7.989082226232434,1.4692038893699646,50.01000213623047,10.717571401596066,0.23847963658780122,0.2529428057055809,0.25791931820077707,0.2673087164921001,0.8548774064830313,0.8340554043656366,0.7179600940805118
mc_status_skip_full_k3__rot_only_2p0__xyz0__ryp2__seed20,1006,0.8906560636182903,0.1093439363817097,0.8906560636182903,0.10934393638170974,0.0,0.0,12.405726416291998,2.9652509689331055,50.01000213623047,30.480022430419922,0.06204010755097687,0.04640396210163645,0.06642466968244821,0.0493827160493827,0.650503577662651,0.6252757329093288,0.5496352456163436
mc_status_skip_full_k3__rot_only_2p0__xyz0__ryp2__seed28,1006,0.9035785288270378,0.09642147117296218,0.9035785288270378,0.09642147117296222,0.0,0.0,7.570998382186082,1.2029297351837158,50.01000213623047,9.622335243225097,0.253103986983869,0.2765957446808511,0.2744606433853421,0.2916666666666667,0.8619583651304817,0.8446184557733329,0.7374346077353073
mc_status_skip_full_k3__rot_only_2p0__xyz0__ryp2__seed42,1006,0.9015904572564613,0.09840954274353875,0.9015904572564613,0.09840954274353876,0.0,0.0,7.713085129873826,1.3005379438400269,50.01000213623047,10.945673465728753,0.20399714500378527,0.21595124536301005,0.2206768958124195,0.2272727272727272,0.837698697001865,0.7961181548513138,0.63715007942244
mc_status_skip_full_k3__rot_only_4p0__xyz0__ryp4__seed20,1006,0.8876739562624254,0.1123260437375746,0.8876739562624254,0.11232604373757456,0.0,0.0,33.60786317355531,8.609549522399902,107.25610160827637,116.36609954833968,0.01960295947530273,0.0092600531595644,0.020117947990797747,0.010204081632653,0.6155201956174237,0.6067022616736175,0.5515632094006547
mc_status_skip_full_k3__rot_only_4p0__xyz0__ryp4__seed28,1006,0.9055666003976143,0.09443339960238573,0.9055666003976143,0.09443339960238568,0.0,0.0,7.299627640842885,1.2114229798316956,50.01000213623047,10.343669414520264,0.23818794738252552,0.2572842998585573,0.25772560596049876,0.2708333333333333,0.8517554252346209,0.8287159151363347,0.6958817863947812
mc_status_skip_full_k3__rot_only_4p0__xyz0__ryp4__seed42,1006,0.8936381709741551,0.1063618290258449,0.8936381709741551,0.10636182902584493,0.0,0.0,8.88377636375601,1.7302761673927307,50.01000213623047,15.096167278289792,0.147372083735526,0.1403508771929824,0.16111646691655837,0.1538461538461538,0.7732870480063228,0.7032985768811836,0.5543948898274511
mc_status_skip_full_k3__rot_only_6p0__xyz0__ryp6__seed20,1006,0.8807157057654076,0.11928429423459241,0.8807157057654076,0.11928429423459244,0.0,0.0,129.63276286155843,21.282204627990723,945.5657958984376,997.6307525634766,0.006686092011023151,0.0,0.0061675351060407725,0.0,0.6027571752489854,0.5972054156048894,0.5491356686628239
mc_status_skip_full_k3__rot_only_6p0__xyz0__ryp6__seed28,1006,0.8996023856858847,0.10039761431411531,0.8996023856858847,0.10039761431411531,0.0,0.0,7.388164644527551,1.3169183731079102,50.01000213623047,9.503724098205565,0.222491416012512,0.2390611047327465,0.24182231739251878,0.25,0.8467877179122506,0.811971141426851,0.6490771115013604
mc_status_skip_full_k3__rot_only_6p0__xyz0__ryp6__seed42,1006,0.8946322067594433,0.10536779324055667,0.8946322067594433,0.10536779324055666,0.0,0.0,12.433465956078905,2.2852803468704224,50.01000213623047,25.234331893920892,0.10406371210145224,0.0863133248190719,0.1126397623313453,0.0952380952380952,0.7027858174334286,0.6478514216679014,0.5440419080327507
mc_status_skip_full_k3__rot_only_8p0__xyz0__ryp8__seed20,1006,0.8479125248508946,0.15208747514910537,0.8479125248508946,0.15208747514910537,0.0,0.0,106.6131007728976,39.31009864807129,305.3104248046875,366.4914245605466,0.005482048022843879,0.0,0.004040529577271604,0.0,0.6077641557645892,0.6032639912274562,0.5578593367233555
mc_status_skip_full_k3__rot_only_8p0__xyz0__ryp8__seed28,1006,0.8976143141153081,0.10238568588469188,0.8976143141153081,0.10238568588469185,0.0,0.0,8.005330094861383,1.366667926311493,50.01000213623047,9.50536422729492,0.20092786663450277,0.2118298368298368,0.21881829998142135,0.2236842105263158,0.8367893319383933,0.7860307924415312,0.6087238389336362
mc_status_skip_full_k3__rot_only_8p0__xyz0__ryp8__seed42,1006,0.8916500994035785,0.10834990059642147,0.8916500994035785,0.10834990059642147,0.0,0.0,181.16700477428518,2.686350107192993,50.01000213623047,27.800687789916964,0.07093508829617351,0.0555555555555555,0.07665019198310306,0.0602409638554216,0.6669568319172811,0.6287680306076102,0.5447287379896524
