Run name,Collab pairs,Status ok ratio,Non-ok ratio,Fused ratio,Skipped ratio,Selected for blur ratio,Blurred ratio,Mean cov trace,Median cov trace,p95 cov trace all,p95 cov trace ok-only,Mean mask IoU after warp,Median mask IoU after warp,Mean mask IoU after warp ok-only,Median mask IoU after warp ok-only,AP@0.3,AP@0.5,AP@0.7
uncertainty_fusion_attbias_a0p05_b0p5__clean__xyz0__ryp0__seed20,1006,0.9025844930417495,0.09741550695825052,N/A,N/A,N/A,N/A,8.51897044095264,1.2462151050567627,50.01000213623047,10.094717407226561,0.25866730977595165,0.27735042735042736,0.28057679571337807,0.2916666666666667,0.8695905688179051,0.8528122398873046,0.7521289514101467
uncertainty_fusion_attbias_a0p05_b0p5__clean__xyz0__ryp0__seed28,1006,0.9025844930417495,0.09741550695825052,N/A,N/A,N/A,N/A,8.583398306188442,1.2625359892845154,50.01000213623047,9.751113319396971,0.25884217117828173,0.27543626146110617,0.2807994871134381,0.2916666666666667,0.8697334264448419,0.8532012422912114,0.75176962057655
uncertainty_fusion_attbias_a0p05_b0p5__clean__xyz0__ryp0__seed42,1006,0.9025844930417495,0.09741550695825052,N/A,N/A,N/A,N/A,8.487405761540009,1.2401468753814697,50.01000213623047,9.848594951629638,0.25896826634774706,0.2777777777777778,0.2808189894816265,0.29224411420938384,0.8692244810805013,0.8525725191554498,0.7534680788273356
uncertainty_fusion_attbias_a0p05_b0p5__pos_0p2_rot_14p0__xyz0p2__ryp14__seed20,1006,0.7157057654075547,0.2842942345924453,N/A,N/A,N/A,N/A,185.75802191527595,50.01000213623047,576.2931518554688,670.8405822753905,0.008742743555554844,0.0,0.007216449013145448,0.0,0.6407771144452474,0.6300941280719692,0.5758242265217226
uncertainty_fusion_attbias_a0p05_b0p5__pos_0p2_rot_14p0__xyz0p2__ryp14__seed28,1006,0.8976143141153081,0.10238568588469188,N/A,N/A,N/A,N/A,9.460950010206188,1.5996497869491577,50.01000213623047,16.14930915832519,0.1517749690989014,0.14962686567164174,0.16468879430720854,0.1621621621621621,0.789004275416292,0.7010541559087683,0.5479628193286602
uncertainty_fusion_attbias_a0p05_b0p5__pos_0p2_rot_14p0__xyz0p2__ryp14__seed42,1006,0.889662027833002,0.11033797216699803,N/A,N/A,N/A,N/A,20.50135556922459,5.388235807418823,64.80721092224121,70.32193984985352,0.04041920562569851,0.025370092254880898,0.043393973263967114,0.0267857142857142,0.6305000169442726,0.609549335210326,0.5503224692782389
uncertainty_fusion_attbias_a0p05_b0p5__pos_0p2_rot_4p0__xyz0p2__ryp4__seed20,1006,0.8817097415506958,0.11829025844930419,N/A,N/A,N/A,N/A,35.51051463868106,8.693185806274414,110.84858322143555,120.55799331665011,0.024094505074173087,0.0175438596491228,0.02567294274096372,0.0188679245283018,0.6195077519502971,0.6069820545874193,0.5489178051236692
uncertainty_fusion_attbias_a0p05_b0p5__pos_0p2_rot_4p0__xyz0p2__ryp4__seed28,1006,0.8946322067594433,0.10536779324055667,N/A,N/A,N/A,N/A,10.041240417238196,1.1965232491493225,50.01000213623047,13.893716764450073,0.21311617132984123,0.2222222222222222,0.23257095401860647,0.2333333333333333,0.8585176280731117,0.8341788128515432,0.6941289339546263
uncertainty_fusion_attbias_a0p05_b0p5__pos_0p2_rot_4p0__xyz0p2__ryp4__seed42,1006,0.8886679920477137,0.11133200795228626,N/A,N/A,N/A,N/A,10.733438320490622,1.7852084040641785,50.01000213623047,24.859518623352,0.14281250628441045,0.1313131313131313,0.1561983973781309,0.13998593106220475,0.7780586914756188,0.7173743432804176,0.5710307328121561
uncertainty_fusion_attbias_a0p05_b0p5__pos_0p2_rot_8p0__xyz0p2__ryp8__seed20,1006,0.8369781312127237,0.16302186878727631,N/A,N/A,N/A,N/A,98.7447219007828,40.26516151428223,275.1055755615234,336.65109405517546,0.013892940081158375,0.0,0.013766260920146947,0.0,0.606758083660937,0.5966199132332259,0.5493619401093949
uncertainty_fusion_attbias_a0p05_b0p5__pos_0p2_rot_8p0__xyz0p2__ryp8__seed28,1006,0.8936381709741551,0.1063618290258449,N/A,N/A,N/A,N/A,10.32247823434206,1.50249445438385,50.01000213623047,11.919540119171124,0.19269419745185293,0.19617005680776978,0.2102918034275199,0.2087912087912088,0.8427946778346832,0.7880432299468793,0.6161690164475172
uncertainty_fusion_attbias_a0p05_b0p5__pos_0p2_rot_8p0__xyz0p2__ryp8__seed42,1006,0.8866799204771372,0.11332007952286283,N/A,N/A,N/A,N/A,12.242129951294615,2.657197952270508,50.01000213623047,31.307092285156227,0.07479223481504843,0.0564709008769598,0.08056525141570794,0.0602409638554216,0.6703609939896875,0.6365211146666293,0.5571621699047841
uncertainty_fusion_attbias_a0p05_b0p5__pos_0p5_rot_14p0__xyz0p5__ryp14__seed20,1006,0.709741550695825,0.290258449304175,N/A,N/A,N/A,N/A,224.20596876592333,52.613752365112305,636.0675659179688,725.9333099365235,0.00922437485662122,0.0,0.006801329562225657,0.0,0.6278874782674111,0.620157509807875,0.5682431657899397
uncertainty_fusion_attbias_a0p05_b0p5__pos_0p5_rot_14p0__xyz0p5__ryp14__seed28,1006,0.8866799204771372,0.11332007952286283,N/A,N/A,N/A,N/A,10.002626130489753,1.5922647714614868,50.01000213623047,14.697958374023406,0.1477399730969238,0.1470588235294117,0.16212634482995375,0.1570838252656434,0.7904512274073338,0.7067330229146176,0.5558275666525399
uncertainty_fusion_attbias_a0p05_b0p5__pos_0p5_rot_14p0__xyz0p5__ryp14__seed42,1006,0.8697813121272365,0.13021868787276347,N/A,N/A,N/A,N/A,24.369912923833958,6.48225474357605,90.89377975463869,97.58619308471678,0.03485332234792857,0.0192307692307692,0.036984630890822226,0.021505376344086,0.6281032901005692,0.6156500960649627,0.5639233330339838
uncertainty_fusion_attbias_a0p05_b0p5__pos_0p5_rot_4p0__xyz0p5__ryp4__seed20,1006,0.8767395626242545,0.12326043737574555,N/A,N/A,N/A,N/A,60.342598906534455,10.227432250976562,152.2639274597168,168.8329895019531,0.022448028564295685,0.013891568589619901,0.02339915968387663,0.015625,0.6189359869602369,0.604688637329177,0.5492036692252015
uncertainty_fusion_attbias_a0p05_b0p5__pos_0p5_rot_4p0__xyz0p5__ryp4__seed28,1006,0.8836978131212724,0.11630218687872762,N/A,N/A,N/A,N/A,11.876193274616782,1.3267438411712646,50.01000213623047,18.333867645263666,0.20618008903017782,0.21461949265687574,0.2267482139676503,0.2291666666666666,0.841452262881501,0.8164207880344964,0.6863794550085011
uncertainty_fusion_attbias_a0p05_b0p5__pos_0p5_rot_4p0__xyz0p5__ryp4__seed42,1006,0.8757455268389662,0.12425447316103377,N/A,N/A,N/A,N/A,13.194564991961297,2.2087185382843018,50.01000213623047,27.845123291015625,0.12254210612718977,0.108893280632411,0.13473100293629522,0.1176470588235294,0.7602296882563252,0.7033813175375982,0.5808417058196209
uncertainty_fusion_attbias_a0p05_b0p5__pos_0p5_rot_8p0__xyz0p5__ryp8__seed20,1006,0.8230616302186878,0.17693836978131217,N/A,N/A,N/A,N/A,93.58910086148124,45.72732734680176,219.72844696044922,270.8479339599608,0.012495835051904642,0.0,0.012461745424680006,0.0,0.6012253523161101,0.5921863803907209,0.5471639094814293
uncertainty_fusion_attbias_a0p05_b0p5__pos_0p5_rot_8p0__xyz0p5__ryp8__seed28,1006,0.8886679920477137,0.11133200795228626,N/A,N/A,N/A,N/A,10.537271397045918,1.258888602256775,50.01000213623047,18.23618192672723,0.1919979827794982,0.19139602893643215,0.2096475396005746,0.2043010752688172,0.8220004899058756,0.7765732230002432,0.6150482001810511
uncertainty_fusion_attbias_a0p05_b0p5__pos_0p5_rot_8p0__xyz0p5__ryp8__seed42,1006,0.8717693836978131,0.1282306163021869,N/A,N/A,N/A,N/A,16.036771880992305,3.305405378341675,50.01000213623047,34.062677764892555,0.06604399379687323,0.0449438202247191,0.07286401310146697,0.050632911392405,0.6675809567410949,0.6404976129537217,0.5693577684745883
uncertainty_fusion_attbias_a0p05_b0p5__pos_1p0_rot_14p0__xyz1__ryp14__seed20,1006,0.6709741550695825,0.32902584493041753,N/A,N/A,N/A,N/A,216.86078069935263,50.01000213623047,767.0742340087891,943.0879272460935,0.007550588871566411,0.0,0.0058174011510400015,0.0,0.6166849901598178,0.6087820111482793,0.5579366785428301
uncertainty_fusion_attbias_a0p05_b0p5__pos_1p0_rot_14p0__xyz1__ryp14__seed28,1006,0.8777335984095428,0.12226640159045721,N/A,N/A,N/A,N/A,15.892731116797735,1.866493940353393,50.01000213623047,40.034619522094715,0.14692365607069854,0.13537750626566408,0.16211011283435128,0.1492537313432835,0.7663877686309817,0.7104230698384176,0.5754214893842705
uncertainty_fusion_attbias_a0p05_b0p5__pos_1p0_rot_14p0__xyz1__ryp14__seed42,1006,0.7733598409542743,0.22664015904572565,N/A,N/A,N/A,N/A,37.748002347723634,12.570765018463135,131.31683349609375,162.61166687011712,0.026977046549581565,0.011237373737373699,0.02636923153525003,0.0128205128205128,0.6158582705933081,0.6055377146631088,0.5576078403239162
uncertainty_fusion_attbias_a0p05_b0p5__pos_1p0_rot_4p0__xyz1__ryp4__seed20,1006,0.8677932405566601,0.13220675944333993,N/A,N/A,N/A,N/A,90.53767745747479,13.861281871795654,688.7333984375,720.9392456054683,0.018620429488424493,0.00956959706959705,0.01943072857615756,0.010204081632653,0.6092390226055997,0.5990788953637768,0.5466455649873805
uncertainty_fusion_attbias_a0p05_b0p5__pos_1p0_rot_4p0__xyz1__ryp4__seed28,1006,0.882703777335984,0.11729622266401596,N/A,N/A,N/A,N/A,12.179189126957906,1.6367548108100891,50.01000213623047,35.40960445404052,0.18163063398438375,0.1875,0.20117151377663775,0.203125,0.814097655649674,0.7876158121158516,0.6719587574979745
uncertainty_fusion_attbias_a0p05_b0p5__pos_1p0_rot_4p0__xyz1__ryp4__seed42,1006,0.8081510934393639,0.19184890656063613,N/A,N/A,N/A,N/A,25.23872331100013,5.376819610595703,60.760727882385254,75.57614593505858,0.08801883053024141,0.06988372093023255,0.10055714459993605,0.0821917808219178,0.7332294529733343,0.6849530155862951,0.5749713597362058
uncertainty_fusion_attbias_a0p05_b0p5__pos_1p0_rot_8p0__xyz1__ryp8__seed20,1006,0.7952286282306164,0.20477137176938365,N/A,N/A,N/A,N/A,100.35384647220847,50.01000213623047,324.4137954711914,418.99664154052726,0.012217512412893433,0.0,0.012803104259511897,0.0,0.5962210216211415,0.589473399430249,0.5392240429369545
uncertainty_fusion_attbias_a0p05_b0p5__pos_1p0_rot_8p0__xyz1__ryp8__seed28,1006,0.8727634194831014,0.12723658051689857,N/A,N/A,N/A,N/A,13.93348006269844,1.747342586517334,50.01000213623047,38.641011810302736,0.17052348898736167,0.1785714285714285,0.19066328906257732,0.19549911993965302,0.798827424067469,0.7615072147213354,0.624199968593299
uncertainty_fusion_attbias_a0p05_b0p5__pos_1p0_rot_8p0__xyz1__ryp8__seed42,1006,0.7922465208747514,0.20775347912524855,N/A,N/A,N/A,N/A,33.136618847164435,6.936941862106323,71.61250305175781,87.07528686523428,0.05456501794451465,0.0294117647058823,0.06156061974412758,0.0347826086956521,0.6533432234058695,0.6324249811981656,0.566011217947524
uncertainty_fusion_attbias_a0p05_b0p5__pos_1p5_rot_14p0__xyz1p5__ryp14__seed20,1006,0.6053677932405567,0.3946322067594433,N/A,N/A,N/A,N/A,204.17965920651648,50.01000213623047,725.2867431640625,1019.1390869140627,0.007045010776425572,0.0,0.004873931830662896,0.0,0.6153348282819593,0.6083502421351762,0.5558790382319561
uncertainty_fusion_attbias_a0p05_b0p5__pos_1p5_rot_14p0__xyz1p5__ryp14__seed28,1006,0.8508946322067594,0.14910536779324057,N/A,N/A,N/A,N/A,24.742195586290446,3.3144662380218506,89.07170867919922,99.897554397583,0.11367786870386797,0.1036721898790864,0.12919975283744145,0.125,0.744664404013137,0.7016914570149605,0.5814876193383556
uncertainty_fusion_attbias_a0p05_b0p5__pos_1p5_rot_14p0__xyz1p5__ryp14__seed42,1006,0.6123260437375746,0.3876739562624254,N/A,N/A,N/A,N/A,76.08399403404856,50.01000213623047,285.2683868408203,414.7912216186524,0.014923283233287395,0.0,0.01398513830739937,0.0,0.6268667730619077,0.6167640374502666,0.5665289434234073
uncertainty_fusion_attbias_a0p05_b0p5__pos_1p5_rot_4p0__xyz1p5__ryp4__seed20,1006,0.8349900596421471,0.16500994035785288,N/A,N/A,N/A,N/A,131.87312304546202,24.6932315826416,746.9464263916016,783.5200042724609,0.017379469782729966,0.009090909090909,0.01742111234942764,0.0095238095238095,0.6011360813244536,0.5913772120100743,0.5424609250167753
uncertainty_fusion_attbias_a0p05_b0p5__pos_1p5_rot_4p0__xyz1p5__ryp4__seed28,1006,0.8508946322067594,0.14910536779324057,N/A,N/A,N/A,N/A,24.01114173532532,2.8819847106933594,93.98792076110838,99.23871612548828,0.15535046303447508,0.1555555555555555,0.17756875213596754,0.18469899665551837,0.7762770528097862,0.7547538281254605,0.6536937009945414
uncertainty_fusion_attbias_a0p05_b0p5__pos_1p5_rot_4p0__xyz1p5__ryp4__seed42,1006,0.614314115308151,0.38568588469184895,N/A,N/A,N/A,N/A,52.91928955004779,35.19118690490723,149.95502853393555,258.55417633056624,0.05173440358502345,0.0307692307692307,0.06244323848107208,0.0465116279069767,0.7102952591667289,0.673416289574808,0.576845891182627
uncertainty_fusion_attbias_a0p05_b0p5__pos_1p5_rot_8p0__xyz1p5__ryp8__seed20,1006,0.7584493041749503,0.24155069582504973,N/A,N/A,N/A,N/A,121.10879765973088,50.01000213623047,457.2688903808594,585.3700622558589,0.008599873988909943,0.0,0.008165701619114996,0.0,0.5873789955219014,0.5781744565424362,0.5335598238515464
uncertainty_fusion_attbias_a0p05_b0p5__pos_1p5_rot_8p0__xyz1p5__ryp8__seed28,1006,0.8578528827037774,0.14214711729622265,N/A,N/A,N/A,N/A,23.588600438909467,2.9198848009109497,83.10500144958496,93.60307769775389,0.13700543931664994,0.1346153846153846,0.15585964201316224,0.1545454545454545,0.7729453487680669,0.7416974701446266,0.6183485679307639
uncertainty_fusion_attbias_a0p05_b0p5__pos_1p5_rot_8p0__xyz1p5__ryp8__seed42,1006,0.610337972166998,0.38966202783300197,N/A,N/A,N/A,N/A,116.89168261582013,50.01000213623047,140.15330123901367,356.1437637329104,0.02875439568637886,0.0135135135135135,0.032453636538336154,0.01914270012822855,0.6556447322740634,0.6337515410970757,0.5634288966341615
uncertainty_fusion_attbias_a0p05_b0p5__pos_2p0_rot_14p0__xyz2__ryp14__seed20,1006,0.5069582504970179,0.4930417495029821,N/A,N/A,N/A,N/A,251.60781766098015,50.01000213623047,1047.2559509277344,1885.376977539062,0.006195623154938648,0.0,0.004136951159067201,0.0,0.6061085658846577,0.5987019786081247,0.5511139955926543
uncertainty_fusion_attbias_a0p05_b0p5__pos_2p0_rot_14p0__xyz2__ryp14__seed28,1006,0.8180914512922465,0.18190854870775353,N/A,N/A,N/A,N/A,34.726177160552226,6.582356929779053,139.16032028198242,158.3720962524414,0.0876954934928682,0.0751344086021505,0.10036609495652818,0.0930232558139534,0.7260425459772358,0.69414643078954,0.5867582210777121
uncertainty_fusion_attbias_a0p05_b0p5__pos_2p0_rot_14p0__xyz2__ryp14__seed42,1006,0.19681908548707752,0.8031809145129225,N/A,N/A,N/A,N/A,86.62473016731427,50.01000213623047,207.2407341003418,780.4509002685535,0.008690208358792412,0.0,0.006571859463521499,0.0,0.6703021793370094,0.6627636696521717,0.6042868403067234
uncertainty_fusion_attbias_a0p05_b0p5__pos_2p0_rot_4p0__xyz2__ryp4__seed20,1006,0.7584493041749503,0.24155069582504973,N/A,N/A,N/A,N/A,132.17161933725208,50.01000213623047,689.2677001953125,730.170257568359,0.014996906883125537,0.0,0.01618915179165194,0.0,0.6011008693463799,0.5909430074938911,0.5420790381129564
uncertainty_fusion_attbias_a0p05_b0p5__pos_2p0_rot_4p0__xyz2__ryp4__seed28,1006,0.831013916500994,0.168986083499006,N/A,N/A,N/A,N/A,40.17591526145117,6.1299333572387695,162.36433029174805,182.85140228271487,0.13060645777399585,0.11305538648813145,0.14650382001373174,0.13383084577114424,0.7484065960901843,0.7312072731680205,0.6311007210895682
uncertainty_fusion_attbias_a0p05_b0p5__pos_2p0_rot_4p0__xyz2__ryp4__seed42,1006,0.18986083499005965,0.8101391650099403,N/A,N/A,N/A,N/A,165.34069207300308,50.01000213623047,190.9299659729004,1031.9989624023438,0.013872199011648286,0.0,0.015118874517612077,0.0,0.6944638711447247,0.679384490497806,0.6057466513469391
uncertainty_fusion_attbias_a0p05_b0p5__pos_2p0_rot_8p0__xyz2__ryp8__seed20,1006,0.6769383697813122,0.32306163021868783,N/A,N/A,N/A,N/A,135.29139537933037,50.01000213623047,547.4763793945312,679.1590576171875,0.00782313774750244,0.0,0.007901565747984602,0.0,0.5897306325026812,0.5815547785190709,0.5355793898342587
uncertainty_fusion_attbias_a0p05_b0p5__pos_2p0_rot_8p0__xyz2__ryp8__seed28,1006,0.8349900596421471,0.16500994035785288,N/A,N/A,N/A,N/A,38.424327687067716,6.094393491744995,167.63312530517578,182.7068618774412,0.11165312006296306,0.0967741935483871,0.1258171258199562,0.11242977528089884,0.7506187022366831,0.7250101368518016,0.6181775749526585
uncertainty_fusion_attbias_a0p05_b0p5__pos_2p0_rot_8p0__xyz2__ryp8__seed42,1006,0.20079522862823063,0.7992047713717694,N/A,N/A,N/A,N/A,130.24827931566574,50.01000213623047,193.57313919067383,999.0980041503902,0.013515452138652951,0.0,0.009837491085136665,0.0,0.6855873186922654,0.6732634473407886,0.6057846809192843
uncertainty_fusion_attbias_a0p05_b0p5__pos_only_0p2__xyz0p2__ryp0__seed20,1006,0.8956262425447317,0.10437375745526833,N/A,N/A,N/A,N/A,8.609704857901463,1.519823133945465,50.01000213623047,12.529291152954102,0.22222842746139118,0.2258064516129032,0.2413264731935392,0.2395833333333333,0.8653338213580251,0.8469802609566601,0.7510232556406807
uncertainty_fusion_attbias_a0p05_b0p5__pos_only_0p2__xyz0p2__ryp0__seed28,1006,0.8986083499005965,0.10139165009940354,N/A,N/A,N/A,N/A,8.536548510706469,1.2273282408714294,50.01000213623047,15.15196280479423,0.21794855333545074,0.23360215053763433,0.23687504541394533,0.2448979591836734,0.8570080693725192,0.8410453235732134,0.7440421428109344
uncertainty_fusion_attbias_a0p05_b0p5__pos_only_0p2__xyz0p2__ryp0__seed42,1006,0.889662027833002,0.11033797216699803,N/A,N/A,N/A,N/A,8.830442382600909,1.5418868660926819,50.01000213623047,12.319624614715572,0.2296465467441402,0.2389682024659312,0.250839689890213,0.2555555555555555,0.8646213186734731,0.8478476464113933,0.7453637138214206
uncertainty_fusion_attbias_a0p05_b0p5__pos_only_1p0__xyz1__ryp0__seed20,1006,0.8648111332007953,0.13518886679920472,N/A,N/A,N/A,N/A,14.630450358958926,2.563423275947571,50.01000213623047,33.208467292785606,0.16912514705115597,0.17124060150375936,0.18779023223538285,0.1888888888888888,0.8377927239333001,0.8167232563668293,0.7089492282278508
uncertainty_fusion_attbias_a0p05_b0p5__pos_only_1p0__xyz1__ryp0__seed28,1006,0.8737574552683897,0.12624254473161034,N/A,N/A,N/A,N/A,15.121506869532288,1.5833998918533325,50.37782955169678,57.85901222228977,0.1781994819756362,0.1962535014005602,0.1987125671995547,0.2073170731707317,0.8090329308120591,0.7887194618840105,0.6926575054962749
uncertainty_fusion_attbias_a0p05_b0p5__pos_only_1p0__xyz1__ryp0__seed42,1006,0.8111332007952287,0.18886679920477134,N/A,N/A,N/A,N/A,28.598438023806438,3.878854632377625,50.01000213623047,69.89791297912598,0.12134888550971877,0.1081081081081081,0.13826307150895445,0.125,0.8087102428315279,0.7900805588310519,0.6803459000644032
uncertainty_fusion_attbias_a0p05_b0p5__pos_only_2p0__xyz2__ryp0__seed20,1006,0.7534791252485089,0.2465208747514911,N/A,N/A,N/A,N/A,41.421895068977264,11.343296527862549,123.75873374938965,176.02798614501927,0.0845963970198723,0.0683374844333748,0.10059824586596323,0.0884214445271779,0.7665101449709109,0.7428416829711277,0.6380122418201392
uncertainty_fusion_attbias_a0p05_b0p5__pos_only_2p0__xyz2__ryp0__seed28,1006,0.8280318091451292,0.1719681908548708,N/A,N/A,N/A,N/A,41.36126520311584,6.060925722122192,147.4933319091797,172.7893646240234,0.13478844334783258,0.11948410123296554,0.15243944424912892,0.1454545454545454,0.7537490615542018,0.7308421846553825,0.6433449007880835
uncertainty_fusion_attbias_a0p05_b0p5__pos_only_2p0__xyz2__ryp0__seed42,1006,0.20874751491053678,0.7912524850894632,N/A,N/A,N/A,N/A,124.94853665257143,50.01000213623047,243.74917602539062,1307.5116394042918,0.014241999040969266,0.0,0.017763470204180218,0.0,0.7024002346662594,0.6871720895220952,0.6136751753547723
uncertainty_fusion_attbias_a0p05_b0p5__rot_only_14p0__xyz0__ryp14__seed20,1006,0.7206759443339961,0.27932405566600393,N/A,N/A,N/A,N/A,252.1005075190579,50.01000213623047,533.8640289306641,605.6534057617184,0.009192412060479764,0.0,0.008385747616345085,0.0,0.646795486732185,0.6355667275667355,0.5798554724716428
uncertainty_fusion_attbias_a0p05_b0p5__rot_only_14p0__xyz0__ryp14__seed28,1006,0.8946322067594433,0.10536779324055667,N/A,N/A,N/A,N/A,8.76333068433786,1.627765715122223,50.01000213623047,10.500293636322022,0.15731978198740582,0.15490579452541764,0.17255953519628184,0.1642230308219178,0.7927723429166723,0.6937665978972001,0.5417554961324225
uncertainty_fusion_attbias_a0p05_b0p5__rot_only_14p0__xyz0__ryp14__seed42,1006,0.8936381709741551,0.1063618290258449,N/A,N/A,N/A,N/A,19.054025789811675,4.815016984939575,56.04127311706543,65.50528564453121,0.04099289914019334,0.027027027027027,0.04437891948968356,0.032520325203252,0.6288399404070342,0.6082087928001823,0.5403668613891944
uncertainty_fusion_attbias_a0p05_b0p5__rot_only_4p0__xyz0__ryp4__seed20,1006,0.8876739562624254,0.1123260437375746,N/A,N/A,N/A,N/A,33.60786317355531,8.609549522399902,107.25610160827637,116.36609954833968,0.026124425921020916,0.0170215848181949,0.02746463919392484,0.0198019801980198,0.6204213326351753,0.6065494706519308,0.5447046848739572
uncertainty_fusion_attbias_a0p05_b0p5__rot_only_4p0__xyz0__ryp4__seed28,1006,0.9055666003976143,0.09443339960238573,N/A,N/A,N/A,N/A,7.299627640842885,1.2114229798316956,50.01000213623047,10.343669414520264,0.24141314704414274,0.25987012987012986,0.2612871326998916,0.2727272727272727,0.8575088812689952,0.8315008422279302,0.6982023436974768
uncertainty_fusion_attbias_a0p05_b0p5__rot_only_4p0__xyz0__ryp4__seed42,1006,0.8936381709741551,0.1063618290258449,N/A,N/A,N/A,N/A,8.88377636375601,1.7302761673927307,50.01000213623047,15.096167278289792,0.15242786647248482,0.1450381679389313,0.16677399465113074,0.1566265060240964,0.7763287090079235,0.7065113765457808,0.5560349713425943
uncertainty_fusion_attbias_a0p05_b0p5__rot_only_8p0__xyz0__ryp8__seed20,1006,0.8479125248508946,0.15208747514910537,N/A,N/A,N/A,N/A,106.6131007728976,39.31009864807129,305.3104248046875,366.4914245605466,0.013505920186666315,0.0,0.013503619139763244,0.0,0.6136537154684689,0.6021411989880772,0.546643295398759
uncertainty_fusion_attbias_a0p05_b0p5__rot_only_8p0__xyz0__ryp8__seed28,1006,0.8976143141153081,0.10238568588469188,N/A,N/A,N/A,N/A,8.005330094861383,1.366667926311493,50.01000213623047,9.50536422729492,0.20272573641719305,0.2131481481481481,0.22082124239713166,0.225,0.840882444341665,0.7908476874328597,0.6109763206711318
uncertainty_fusion_attbias_a0p05_b0p5__rot_only_8p0__xyz0__ryp8__seed42,1006,0.8916500994035785,0.10834990059642147,N/A,N/A,N/A,N/A,181.16700477428518,2.686350107192993,50.01000213623047,27.800687789916964,0.07571076694317305,0.059322033898305,0.08200619278453178,0.0642201834862385,0.6747075868100988,0.6329591315280986,0.5469275608768264
uncertainty_fusion_attbias_a0p05_b1p0__clean__xyz0__ryp0__seed20,1006,0.9025844930417495,0.09741550695825052,N/A,N/A,N/A,N/A,8.499069876069484,1.2401468753814697,50.01000213623047,9.977220535278319,0.25878769086136244,0.27866531850353893,0.2808749824091613,0.2924953095684803,0.8690071713298559,0.8524211444062648,0.7516718953765031
uncertainty_fusion_attbias_a0p05_b1p0__clean__xyz0__ryp0__seed28,1006,0.9025844930417495,0.09741550695825052,N/A,N/A,N/A,N/A,8.504487959427811,1.2652661800384521,50.01000213623047,9.848594951629638,0.2587314548684338,0.2777777777777778,0.2807120471510485,0.29146440129449835,0.869136969081144,0.8525660459265044,0.7525878146535055
uncertainty_fusion_attbias_a0p05_b1p0__clean__xyz0__ryp0__seed42,1006,0.9025844930417495,0.09741550695825052,N/A,N/A,N/A,N/A,8.610367674446637,1.2562817931175232,50.01000213623047,10.138614892959595,0.25870889670988295,0.27661943319838056,0.28074684462907457,0.29146440129449835,0.8691918382916152,0.8539019808787163,0.7541622506999215
uncertainty_fusion_attbias_a0p05_b1p0__pos_0p2_rot_14p0__xyz0p2__ryp14__seed20,1006,0.7157057654075547,0.2842942345924453,N/A,N/A,N/A,N/A,185.75802191527595,50.01000213623047,576.2931518554688,670.8405822753905,0.008742743555554844,0.0,0.007216449013145448,0.0,0.6503848127238405,0.6400549215523574,0.584099853935001
uncertainty_fusion_attbias_a0p05_b1p0__pos_0p2_rot_14p0__xyz0p2__ryp14__seed28,1006,0.8976143141153081,0.10238568588469188,N/A,N/A,N/A,N/A,9.460950010206188,1.5996497869491577,50.01000213623047,16.14930915832519,0.1517749690989014,0.14962686567164174,0.16468879430720854,0.1621621621621621,0.7893860156998295,0.7017202734069842,0.5509649013510499
uncertainty_fusion_attbias_a0p05_b1p0__pos_0p2_rot_14p0__xyz0p2__ryp14__seed42,1006,0.889662027833002,0.11033797216699803,N/A,N/A,N/A,N/A,20.50135556922459,5.388235807418823,64.80721092224121,70.32193984985352,0.04041920562569851,0.025370092254880898,0.043393973263967114,0.0267857142857142,0.6369155392937867,0.6161569914258745,0.5571165789754507
uncertainty_fusion_attbias_a0p05_b1p0__pos_0p2_rot_4p0__xyz0p2__ryp4__seed20,1006,0.8817097415506958,0.11829025844930419,N/A,N/A,N/A,N/A,35.51051463868106,8.693185806274414,110.84858322143555,120.55799331665011,0.024094505074173087,0.0175438596491228,0.02567294274096372,0.0188679245283018,0.6269559431523648,0.6145700055648236,0.5556999787707889
uncertainty_fusion_attbias_a0p05_b1p0__pos_0p2_rot_4p0__xyz0p2__ryp4__seed28,1006,0.8946322067594433,0.10536779324055667,N/A,N/A,N/A,N/A,10.041240417238196,1.1965232491493225,50.01000213623047,13.893716764450073,0.21311617132984123,0.2222222222222222,0.23257095401860647,0.2333333333333333,0.858278907408708,0.8351621036117562,0.695569846383777
uncertainty_fusion_attbias_a0p05_b1p0__pos_0p2_rot_4p0__xyz0p2__ryp4__seed42,1006,0.8886679920477137,0.11133200795228626,N/A,N/A,N/A,N/A,10.733438320490622,1.7852084040641785,50.01000213623047,24.859518623352,0.14281250628441045,0.1313131313131313,0.1561983973781309,0.13998593106220475,0.7765928143022508,0.7174130717174523,0.5742829304026883
uncertainty_fusion_attbias_a0p05_b1p0__pos_0p2_rot_8p0__xyz0p2__ryp8__seed20,1006,0.8369781312127237,0.16302186878727631,N/A,N/A,N/A,N/A,98.7447219007828,40.26516151428223,275.1055755615234,336.65109405517546,0.013892940081158375,0.0,0.013766260920146947,0.0,0.6176767738134004,0.6077502821031897,0.5581833397580563
uncertainty_fusion_attbias_a0p05_b1p0__pos_0p2_rot_8p0__xyz0p2__ryp8__seed28,1006,0.8936381709741551,0.1063618290258449,N/A,N/A,N/A,N/A,10.32247823434206,1.50249445438385,50.01000213623047,11.919540119171124,0.19269419745185293,0.19617005680776978,0.2102918034275199,0.2087912087912088,0.8426886775530971,0.7891864743257976,0.6189679337833084
uncertainty_fusion_attbias_a0p05_b1p0__pos_0p2_rot_8p0__xyz0p2__ryp8__seed42,1006,0.8866799204771372,0.11332007952286283,N/A,N/A,N/A,N/A,12.242129951294615,2.657197952270508,50.01000213623047,31.307092285156227,0.07479223481504843,0.0564709008769598,0.08056525141570794,0.0602409638554216,0.673168584819004,0.6401682805180761,0.5607967173604321
uncertainty_fusion_attbias_a0p05_b1p0__pos_0p5_rot_14p0__xyz0p5__ryp14__seed20,1006,0.709741550695825,0.290258449304175,N/A,N/A,N/A,N/A,224.20596876592333,52.613752365112305,636.0675659179688,725.9333099365235,0.00922437485662122,0.0,0.006801329562225657,0.0,0.6372478664141411,0.6292061072806694,0.5763321027051244
uncertainty_fusion_attbias_a0p05_b1p0__pos_0p5_rot_14p0__xyz0p5__ryp14__seed28,1006,0.8866799204771372,0.11332007952286283,N/A,N/A,N/A,N/A,10.002626130489753,1.5922647714614868,50.01000213623047,14.697958374023406,0.1477399730969238,0.1470588235294117,0.16212634482995375,0.1570838252656434,0.7930792743813797,0.7090976866965776,0.5588930983146873
uncertainty_fusion_attbias_a0p05_b1p0__pos_0p5_rot_14p0__xyz0p5__ryp14__seed42,1006,0.8697813121272365,0.13021868787276347,N/A,N/A,N/A,N/A,24.369912923833958,6.48225474357605,90.89377975463869,97.58619308471678,0.03485332234792857,0.0192307692307692,0.036984630890822226,0.021505376344086,0.6344832139460787,0.6222523025337446,0.5692136455406327
uncertainty_fusion_attbias_a0p05_b1p0__pos_0p5_rot_4p0__xyz0p5__ryp4__seed20,1006,0.8767395626242545,0.12326043737574555,N/A,N/A,N/A,N/A,60.342598906534455,10.227432250976562,152.2639274597168,168.8329895019531,0.022448028564295685,0.013891568589619901,0.02339915968387663,0.015625,0.6261034104410766,0.6128053293166748,0.555932036277148
uncertainty_fusion_attbias_a0p05_b1p0__pos_0p5_rot_4p0__xyz0p5__ryp4__seed28,1006,0.8836978131212724,0.11630218687872762,N/A,N/A,N/A,N/A,11.876193274616782,1.3267438411712646,50.01000213623047,18.333867645263666,0.20618008903017782,0.21461949265687574,0.2267482139676503,0.2291666666666666,0.8412916805520922,0.8170151980037332,0.6883610122578119
uncertainty_fusion_attbias_a0p05_b1p0__pos_0p5_rot_4p0__xyz0p5__ryp4__seed42,1006,0.8757455268389662,0.12425447316103377,N/A,N/A,N/A,N/A,13.194564991961297,2.2087185382843018,50.01000213623047,27.845123291015625,0.12254210612718977,0.108893280632411,0.13473100293629522,0.1176470588235294,0.7596935385333472,0.7041614926869526,0.5836639688552819
uncertainty_fusion_attbias_a0p05_b1p0__pos_0p5_rot_8p0__xyz0p5__ryp8__seed20,1006,0.8230616302186878,0.17693836978131217,N/A,N/A,N/A,N/A,93.58910086148124,45.72732734680176,219.72844696044922,270.8479339599608,0.012495835051904642,0.0,0.012461745424680006,0.0,0.6112072217682125,0.6027405426963458,0.5563387242441392
uncertainty_fusion_attbias_a0p05_b1p0__pos_0p5_rot_8p0__xyz0p5__ryp8__seed28,1006,0.8886679920477137,0.11133200795228626,N/A,N/A,N/A,N/A,10.537271397045918,1.258888602256775,50.01000213623047,18.23618192672723,0.1919979827794982,0.19139602893643215,0.2096475396005746,0.2043010752688172,0.8228672123219349,0.7774751922956414,0.6181245628814416
uncertainty_fusion_attbias_a0p05_b1p0__pos_0p5_rot_8p0__xyz0p5__ryp8__seed42,1006,0.8717693836978131,0.1282306163021869,N/A,N/A,N/A,N/A,16.036771880992305,3.305405378341675,50.01000213623047,34.062677764892555,0.06604399379687323,0.0449438202247191,0.07286401310146697,0.050632911392405,0.6711019083534417,0.6444430287025268,0.5738296596068029
uncertainty_fusion_attbias_a0p05_b1p0__pos_1p0_rot_14p0__xyz1__ryp14__seed20,1006,0.6709741550695825,0.32902584493041753,N/A,N/A,N/A,N/A,216.86078069935263,50.01000213623047,767.0742340087891,943.0879272460935,0.007550588871566411,0.0,0.0058174011510400015,0.0,0.6303649269240501,0.622598679061517,0.5689177304156028
uncertainty_fusion_attbias_a0p05_b1p0__pos_1p0_rot_14p0__xyz1__ryp14__seed28,1006,0.8777335984095428,0.12226640159045721,N/A,N/A,N/A,N/A,15.892731116797735,1.866493940353393,50.01000213623047,40.034619522094715,0.14692365607069854,0.13537750626566408,0.16211011283435128,0.1492537313432835,0.7693278367445806,0.7147184911250146,0.5797482649380125
uncertainty_fusion_attbias_a0p05_b1p0__pos_1p0_rot_14p0__xyz1__ryp14__seed42,1006,0.7733598409542743,0.22664015904572565,N/A,N/A,N/A,N/A,37.748002347723634,12.570765018463135,131.31683349609375,162.61166687011712,0.026977046549581565,0.011237373737373699,0.02636923153525003,0.0128205128205128,0.6250821021854616,0.6151565994796178,0.5657925938171648
uncertainty_fusion_attbias_a0p05_b1p0__pos_1p0_rot_4p0__xyz1__ryp4__seed20,1006,0.8677932405566601,0.13220675944333993,N/A,N/A,N/A,N/A,90.53767745747479,13.861281871795654,688.7333984375,720.9392456054683,0.018620429488424493,0.00956959706959705,0.01943072857615756,0.010204081632653,0.6177611609216156,0.6076562503909123,0.5558608824865328
uncertainty_fusion_attbias_a0p05_b1p0__pos_1p0_rot_4p0__xyz1__ryp4__seed28,1006,0.882703777335984,0.11729622266401596,N/A,N/A,N/A,N/A,12.179189126957906,1.6367548108100891,50.01000213623047,35.40960445404052,0.18163063398438375,0.1875,0.20117151377663775,0.203125,0.8143823656451543,0.78861322614884,0.6738459807558371
uncertainty_fusion_attbias_a0p05_b1p0__pos_1p0_rot_4p0__xyz1__ryp4__seed42,1006,0.8081510934393639,0.19184890656063613,N/A,N/A,N/A,N/A,25.23872331100013,5.376819610595703,60.760727882385254,75.57614593505858,0.08801883053024141,0.06988372093023255,0.10055714459993605,0.0821917808219178,0.7333328433680186,0.6863493645053117,0.578013336646178
uncertainty_fusion_attbias_a0p05_b1p0__pos_1p0_rot_8p0__xyz1__ryp8__seed20,1006,0.7952286282306164,0.20477137176938365,N/A,N/A,N/A,N/A,100.35384647220847,50.01000213623047,324.4137954711914,418.99664154052726,0.012217512412893433,0.0,0.012803104259511897,0.0,0.6065962223987212,0.5998043495327341,0.5501769954816619
uncertainty_fusion_attbias_a0p05_b1p0__pos_1p0_rot_8p0__xyz1__ryp8__seed28,1006,0.8727634194831014,0.12723658051689857,N/A,N/A,N/A,N/A,13.93348006269844,1.747342586517334,50.01000213623047,38.641011810302736,0.17052348898736167,0.1785714285714285,0.19066328906257732,0.19549911993965302,0.8003471772847791,0.7638964314413256,0.6261660140333287
uncertainty_fusion_attbias_a0p05_b1p0__pos_1p0_rot_8p0__xyz1__ryp8__seed42,1006,0.7922465208747514,0.20775347912524855,N/A,N/A,N/A,N/A,33.136618847164435,6.936941862106323,71.61250305175781,87.07528686523428,0.05456501794451465,0.0294117647058823,0.06156061974412758,0.0347826086956521,0.6583715956873535,0.6374969253958911,0.5707524501850779
uncertainty_fusion_attbias_a0p05_b1p0__pos_1p5_rot_14p0__xyz1p5__ryp14__seed20,1006,0.6053677932405567,0.3946322067594433,N/A,N/A,N/A,N/A,204.17965920651648,50.01000213623047,725.2867431640625,1019.1390869140627,0.007045010776425572,0.0,0.004873931830662896,0.0,0.6291950549731841,0.6223912653229128,0.566264783863334
uncertainty_fusion_attbias_a0p05_b1p0__pos_1p5_rot_14p0__xyz1p5__ryp14__seed28,1006,0.8508946322067594,0.14910536779324057,N/A,N/A,N/A,N/A,24.742195586290446,3.3144662380218506,89.07170867919922,99.897554397583,0.11367786870386797,0.1036721898790864,0.12919975283744145,0.125,0.7481642215049178,0.7067577203798339,0.5888317533608661
uncertainty_fusion_attbias_a0p05_b1p0__pos_1p5_rot_14p0__xyz1p5__ryp14__seed42,1006,0.6123260437375746,0.3876739562624254,N/A,N/A,N/A,N/A,76.08399403404856,50.01000213623047,285.2683868408203,414.7912216186524,0.014923283233287395,0.0,0.01398513830739937,0.0,0.6347924087686463,0.6248304939652016,0.5737794978992542
uncertainty_fusion_attbias_a0p05_b1p0__pos_1p5_rot_4p0__xyz1p5__ryp4__seed20,1006,0.8349900596421471,0.16500994035785288,N/A,N/A,N/A,N/A,131.87312304546202,24.6932315826416,746.9464263916016,783.5200042724609,0.017379469782729966,0.009090909090909,0.01742111234942764,0.0095238095238095,0.6112264382417227,0.6011865665165286,0.5530430576416769
uncertainty_fusion_attbias_a0p05_b1p0__pos_1p5_rot_4p0__xyz1p5__ryp4__seed28,1006,0.8508946322067594,0.14910536779324057,N/A,N/A,N/A,N/A,24.01114173532532,2.8819847106933594,93.98792076110838,99.23871612548828,0.15535046303447508,0.1555555555555555,0.17756875213596754,0.18469899665551837,0.7792770574556578,0.7581992368771913,0.6561032733126143
uncertainty_fusion_attbias_a0p05_b1p0__pos_1p5_rot_4p0__xyz1p5__ryp4__seed42,1006,0.614314115308151,0.38568588469184895,N/A,N/A,N/A,N/A,52.91928955004779,35.19118690490723,149.95502853393555,258.55417633056624,0.05173440358502345,0.0307692307692307,0.06244323848107208,0.0465116279069767,0.7101318039917814,0.6741686200906463,0.5785136425153762
uncertainty_fusion_attbias_a0p05_b1p0__pos_1p5_rot_8p0__xyz1p5__ryp8__seed20,1006,0.7584493041749503,0.24155069582504973,N/A,N/A,N/A,N/A,121.10879765973088,50.01000213623047,457.2688903808594,585.3700622558589,0.008599873988909943,0.0,0.008165701619114996,0.0,0.6003176250961294,0.5914917893516287,0.5441700515469428
uncertainty_fusion_attbias_a0p05_b1p0__pos_1p5_rot_8p0__xyz1p5__ryp8__seed28,1006,0.8578528827037774,0.14214711729622265,N/A,N/A,N/A,N/A,23.588600438909467,2.9198848009109497,83.10500144958496,93.60307769775389,0.13700543931664994,0.1346153846153846,0.15585964201316224,0.1545454545454545,0.7745177874565705,0.7444647165098417,0.621992783242426
uncertainty_fusion_attbias_a0p05_b1p0__pos_1p5_rot_8p0__xyz1p5__ryp8__seed42,1006,0.610337972166998,0.38966202783300197,N/A,N/A,N/A,N/A,116.89168261582013,50.01000213623047,140.15330123901367,356.1437637329104,0.02875439568637886,0.0135135135135135,0.032453636538336154,0.01914270012822855,0.6575411595073178,0.636147401338837,0.5670747883233624
uncertainty_fusion_attbias_a0p05_b1p0__pos_2p0_rot_14p0__xyz2__ryp14__seed20,1006,0.5069582504970179,0.4930417495029821,N/A,N/A,N/A,N/A,251.60781766098015,50.01000213623047,1047.2559509277344,1885.376977539062,0.006195623154938648,0.0,0.004136951159067201,0.0,0.6228060589151047,0.6158591800198105,0.5637902064957588
uncertainty_fusion_attbias_a0p05_b1p0__pos_2p0_rot_14p0__xyz2__ryp14__seed28,1006,0.8180914512922465,0.18190854870775353,N/A,N/A,N/A,N/A,34.726177160552226,6.582356929779053,139.16032028198242,158.3720962524414,0.0876954934928682,0.0751344086021505,0.10036609495652818,0.0930232558139534,0.7294104955001668,0.6986285471156044,0.5925126455325314
uncertainty_fusion_attbias_a0p05_b1p0__pos_2p0_rot_14p0__xyz2__ryp14__seed42,1006,0.19681908548707752,0.8031809145129225,N/A,N/A,N/A,N/A,86.62473016731427,50.01000213623047,207.2407341003418,780.4509002685535,0.008690208358792412,0.0,0.006571859463521499,0.0,0.6791168644575971,0.6717874925001017,0.607218334840282
uncertainty_fusion_attbias_a0p05_b1p0__pos_2p0_rot_4p0__xyz2__ryp4__seed20,1006,0.7584493041749503,0.24155069582504973,N/A,N/A,N/A,N/A,132.17161933725208,50.01000213623047,689.2677001953125,730.170257568359,0.014996906883125537,0.0,0.01618915179165194,0.0,0.6129142029799466,0.6031870193843002,0.5540800406944385
uncertainty_fusion_attbias_a0p05_b1p0__pos_2p0_rot_4p0__xyz2__ryp4__seed28,1006,0.831013916500994,0.168986083499006,N/A,N/A,N/A,N/A,40.17591526145117,6.1299333572387695,162.36433029174805,182.85140228271487,0.13060645777399585,0.11305538648813145,0.14650382001373174,0.13383084577114424,0.7520723033461989,0.7357028823207189,0.6355916321062354
uncertainty_fusion_attbias_a0p05_b1p0__pos_2p0_rot_4p0__xyz2__ryp4__seed42,1006,0.18986083499005965,0.8101391650099403,N/A,N/A,N/A,N/A,165.34069207300308,50.01000213623047,190.9299659729004,1031.9989624023438,0.013872199011648286,0.0,0.015118874517612077,0.0,0.6945152392403767,0.6796909900744557,0.6105843366685754
uncertainty_fusion_attbias_a0p05_b1p0__pos_2p0_rot_8p0__xyz2__ryp8__seed20,1006,0.6769383697813122,0.32306163021868783,N/A,N/A,N/A,N/A,135.29139537933037,50.01000213623047,547.4763793945312,679.1590576171875,0.00782313774750244,0.0,0.007901565747984602,0.0,0.6037946980524663,0.5956081753234275,0.5485639245747722
uncertainty_fusion_attbias_a0p05_b1p0__pos_2p0_rot_8p0__xyz2__ryp8__seed28,1006,0.8349900596421471,0.16500994035785288,N/A,N/A,N/A,N/A,38.424327687067716,6.094393491744995,167.63312530517578,182.7068618774412,0.11165312006296306,0.0967741935483871,0.1258171258199562,0.11242977528089884,0.7547426896013446,0.7298033784508622,0.6249712772321477
uncertainty_fusion_attbias_a0p05_b1p0__pos_2p0_rot_8p0__xyz2__ryp8__seed42,1006,0.20079522862823063,0.7992047713717694,N/A,N/A,N/A,N/A,130.24827931566574,50.01000213623047,193.57313919067383,999.0980041503902,0.013515452138652951,0.0,0.009837491085136665,0.0,0.6875484428122264,0.6760873744864018,0.6080600243793063
uncertainty_fusion_attbias_a0p05_b1p0__pos_only_0p2__xyz0p2__ryp0__seed20,1006,0.8956262425447317,0.10437375745526833,N/A,N/A,N/A,N/A,8.609704857901463,1.519823133945465,50.01000213623047,12.529291152954102,0.22222842746139118,0.2258064516129032,0.2413264731935392,0.2395833333333333,0.8647606869826968,0.8468896611199094,0.7505352613831221
uncertainty_fusion_attbias_a0p05_b1p0__pos_only_0p2__xyz0p2__ryp0__seed28,1006,0.8986083499005965,0.10139165009940354,N/A,N/A,N/A,N/A,8.536548510706469,1.2273282408714294,50.01000213623047,15.15196280479423,0.21794855333545074,0.23360215053763433,0.23687504541394533,0.2448979591836734,0.8586736843669681,0.8430385445293334,0.7458268436733696
uncertainty_fusion_attbias_a0p05_b1p0__pos_only_0p2__xyz0p2__ryp0__seed42,1006,0.889662027833002,0.11033797216699803,N/A,N/A,N/A,N/A,8.830442382600909,1.5418868660926819,50.01000213623047,12.319624614715572,0.2296465467441402,0.2389682024659312,0.250839689890213,0.2555555555555555,0.8636335871038039,0.8476415520527222,0.7465752576186143
uncertainty_fusion_attbias_a0p05_b1p0__pos_only_1p0__xyz1__ryp0__seed20,1006,0.8648111332007953,0.13518886679920472,N/A,N/A,N/A,N/A,14.630450358958926,2.563423275947571,50.01000213623047,33.208467292785606,0.16912514705115597,0.17124060150375936,0.18779023223538285,0.1888888888888888,0.8373402932344247,0.8169432762286023,0.7105960396779307
uncertainty_fusion_attbias_a0p05_b1p0__pos_only_1p0__xyz1__ryp0__seed28,1006,0.8737574552683897,0.12624254473161034,N/A,N/A,N/A,N/A,15.121506869532288,1.5833998918533325,50.37782955169678,57.85901222228977,0.1781994819756362,0.1962535014005602,0.1987125671995547,0.2073170731707317,0.8095905074009991,0.790889293287619,0.6956723709325091
uncertainty_fusion_attbias_a0p05_b1p0__pos_only_1p0__xyz1__ryp0__seed42,1006,0.8111332007952287,0.18886679920477134,N/A,N/A,N/A,N/A,28.598438023806438,3.878854632377625,50.01000213623047,69.89791297912598,0.12134888550971877,0.1081081081081081,0.13826307150895445,0.125,0.8097049234574446,0.7909697780810331,0.6809703886486588
uncertainty_fusion_attbias_a0p05_b1p0__pos_only_2p0__xyz2__ryp0__seed20,1006,0.7534791252485089,0.2465208747514911,N/A,N/A,N/A,N/A,41.421895068977264,11.343296527862549,123.75873374938965,176.02798614501927,0.0845963970198723,0.0683374844333748,0.10059824586596323,0.0884214445271779,0.7725477528546155,0.7497055046423913,0.6452832549182298
uncertainty_fusion_attbias_a0p05_b1p0__pos_only_2p0__xyz2__ryp0__seed28,1006,0.8280318091451292,0.1719681908548708,N/A,N/A,N/A,N/A,41.36126520311584,6.060925722122192,147.4933319091797,172.7893646240234,0.13478844334783258,0.11948410123296554,0.15243944424912892,0.1454545454545454,0.7582734433018989,0.7369109930227362,0.6497571848746511
uncertainty_fusion_attbias_a0p05_b1p0__pos_only_2p0__xyz2__ryp0__seed42,1006,0.20874751491053678,0.7912524850894632,N/A,N/A,N/A,N/A,124.94853665257143,50.01000213623047,243.74917602539062,1307.5116394042918,0.014241999040969266,0.0,0.017763470204180218,0.0,0.7035102072866698,0.6889599149582749,0.6153893234229233
uncertainty_fusion_attbias_a0p05_b1p0__rot_only_14p0__xyz0__ryp14__seed20,1006,0.7206759443339961,0.27932405566600393,N/A,N/A,N/A,N/A,252.1005075190579,50.01000213623047,533.8640289306641,605.6534057617184,0.009192412060479764,0.0,0.008385747616345085,0.0,0.6547728964304902,0.6436165857994157,0.5847527217898905
uncertainty_fusion_attbias_a0p05_b1p0__rot_only_14p0__xyz0__ryp14__seed28,1006,0.8946322067594433,0.10536779324055667,N/A,N/A,N/A,N/A,8.76333068433786,1.627765715122223,50.01000213623047,10.500293636322022,0.15731978198740582,0.15490579452541764,0.17255953519628184,0.1642230308219178,0.7935234429125874,0.6950010389904075,0.5458831158619242
uncertainty_fusion_attbias_a0p05_b1p0__rot_only_14p0__xyz0__ryp14__seed42,1006,0.8936381709741551,0.1063618290258449,N/A,N/A,N/A,N/A,19.054025789811675,4.815016984939575,56.04127311706543,65.50528564453121,0.04099289914019334,0.027027027027027,0.04437891948968356,0.032520325203252,0.636218734886752,0.6148081922877707,0.5474635940089237
uncertainty_fusion_attbias_a0p05_b1p0__rot_only_4p0__xyz0__ryp4__seed20,1006,0.8876739562624254,0.1123260437375746,N/A,N/A,N/A,N/A,33.60786317355531,8.609549522399902,107.25610160827637,116.36609954833968,0.026124425921020916,0.0170215848181949,0.02746463919392484,0.0198019801980198,0.627174920470487,0.6137533039153145,0.5515405143280765
uncertainty_fusion_attbias_a0p05_b1p0__rot_only_4p0__xyz0__ryp4__seed28,1006,0.9055666003976143,0.09443339960238573,N/A,N/A,N/A,N/A,7.299627640842885,1.2114229798316956,50.01000213623047,10.343669414520264,0.24141314704414274,0.25987012987012986,0.2612871326998916,0.2727272727272727,0.8566867478085011,0.8308633283617723,0.7003395455913799
uncertainty_fusion_attbias_a0p05_b1p0__rot_only_4p0__xyz0__ryp4__seed42,1006,0.8936381709741551,0.1063618290258449,N/A,N/A,N/A,N/A,8.88377636375601,1.7302761673927307,50.01000213623047,15.096167278289792,0.15242786647248482,0.1450381679389313,0.16677399465113074,0.1566265060240964,0.7757045052785654,0.7066535819339368,0.5595397490034494
uncertainty_fusion_attbias_a0p05_b1p0__rot_only_8p0__xyz0__ryp8__seed20,1006,0.8479125248508946,0.15208747514910537,N/A,N/A,N/A,N/A,106.6131007728976,39.31009864807129,305.3104248046875,366.4914245605466,0.013505920186666315,0.0,0.013503619139763244,0.0,0.6232259733094861,0.612623800373195,0.5571267721822656
uncertainty_fusion_attbias_a0p05_b1p0__rot_only_8p0__xyz0__ryp8__seed28,1006,0.8976143141153081,0.10238568588469188,N/A,N/A,N/A,N/A,8.005330094861383,1.366667926311493,50.01000213623047,9.50536422729492,0.20272573641719305,0.2131481481481481,0.22082124239713166,0.225,0.8412275308554847,0.791976603275936,0.612268698581553
uncertainty_fusion_attbias_a0p05_b1p0__rot_only_8p0__xyz0__ryp8__seed42,1006,0.8916500994035785,0.10834990059642147,N/A,N/A,N/A,N/A,181.16700477428518,2.686350107192993,50.01000213623047,27.800687789916964,0.07571076694317305,0.059322033898305,0.08200619278453178,0.0642201834862385,0.6774726381899918,0.6372580637044274,0.5519658961189767
uncertainty_fusion_attbias_a0p05_b2p0__clean__xyz0__ryp0__seed20,1006,0.9025844930417495,0.09741550695825052,N/A,N/A,N/A,N/A,8.59484606586785,1.2420369386672974,50.01000213623047,10.134770965576172,0.2584392236107779,0.2753623188405797,0.2802489527117916,0.2918510324483776,0.8685386561477751,0.8536414177814658,0.7558425352711435
uncertainty_fusion_attbias_a0p05_b2p0__clean__xyz0__ryp0__seed28,1006,0.9025844930417495,0.09741550695825052,N/A,N/A,N/A,N/A,8.529787360331616,1.2425799369812012,50.01000213623047,9.453762054443356,0.2587220173552636,0.27661943319838056,0.28060228736025483,0.29146440129449835,0.8687628696771224,0.8529083288205203,0.7546896221453114
uncertainty_fusion_attbias_a0p05_b2p0__clean__xyz0__ryp0__seed42,1006,0.9025844930417495,0.09741550695825052,N/A,N/A,N/A,N/A,8.486614277666037,1.2313730716705322,50.01000213623047,9.977220535278319,0.25825433525843633,0.2760889292196007,0.28004763918434866,0.2912006882143296,0.8681894196261484,0.8528577253909362,0.7528727664093802
uncertainty_fusion_attbias_a0p05_b2p0__pos_0p2_rot_14p0__xyz0p2__ryp14__seed20,1006,0.7157057654075547,0.2842942345924453,N/A,N/A,N/A,N/A,185.75802191527595,50.01000213623047,576.2931518554688,670.8405822753905,0.008742743555554844,0.0,0.007216449013145448,0.0,0.665979077613825,0.6556519324193448,0.5982122984811666
uncertainty_fusion_attbias_a0p05_b2p0__pos_0p2_rot_14p0__xyz0p2__ryp14__seed28,1006,0.8976143141153081,0.10238568588469188,N/A,N/A,N/A,N/A,9.460950010206188,1.5996497869491577,50.01000213623047,16.14930915832519,0.1517749690989014,0.14962686567164174,0.16468879430720854,0.1621621621621621,0.7929988488770554,0.706110809180998,0.5586038838937444
uncertainty_fusion_attbias_a0p05_b2p0__pos_0p2_rot_14p0__xyz0p2__ryp14__seed42,1006,0.889662027833002,0.11033797216699803,N/A,N/A,N/A,N/A,20.50135556922459,5.388235807418823,64.80721092224121,70.32193984985352,0.04041920562569851,0.025370092254880898,0.043393973263967114,0.0267857142857142,0.6460500283347437,0.6262991160977371,0.5676071905830843
uncertainty_fusion_attbias_a0p05_b2p0__pos_0p2_rot_4p0__xyz0p2__ryp4__seed20,1006,0.8817097415506958,0.11829025844930419,N/A,N/A,N/A,N/A,35.51051463868106,8.693185806274414,110.84858322143555,120.55799331665011,0.024094505074173087,0.0175438596491228,0.02567294274096372,0.0188679245283018,0.6373354821847593,0.626343053097214,0.5664148025033218
uncertainty_fusion_attbias_a0p05_b2p0__pos_0p2_rot_4p0__xyz0p2__ryp4__seed28,1006,0.8946322067594433,0.10536779324055667,N/A,N/A,N/A,N/A,10.041240417238196,1.1965232491493225,50.01000213623047,13.893716764450073,0.21311617132984123,0.2222222222222222,0.23257095401860647,0.2333333333333333,0.8586036302712214,0.8353845435864659,0.6981422510634374
uncertainty_fusion_attbias_a0p05_b2p0__pos_0p2_rot_4p0__xyz0p2__ryp4__seed42,1006,0.8886679920477137,0.11133200795228626,N/A,N/A,N/A,N/A,10.733438320490622,1.7852084040641785,50.01000213623047,24.859518623352,0.14281250628441045,0.1313131313131313,0.1561983973781309,0.13998593106220475,0.7773626136821685,0.7193331838436531,0.5792078347654909
uncertainty_fusion_attbias_a0p05_b2p0__pos_0p2_rot_8p0__xyz0p2__ryp8__seed20,1006,0.8369781312127237,0.16302186878727631,N/A,N/A,N/A,N/A,98.7447219007828,40.26516151428223,275.1055755615234,336.65109405517546,0.013892940081158375,0.0,0.013766260920146947,0.0,0.6333806063364209,0.6234530856950589,0.5713754885224115
uncertainty_fusion_attbias_a0p05_b2p0__pos_0p2_rot_8p0__xyz0p2__ryp8__seed28,1006,0.8936381709741551,0.1063618290258449,N/A,N/A,N/A,N/A,10.32247823434206,1.50249445438385,50.01000213623047,11.919540119171124,0.19269419745185293,0.19617005680776978,0.2102918034275199,0.2087912087912088,0.8438906144820671,0.7909654036264617,0.6239913784215906
uncertainty_fusion_attbias_a0p05_b2p0__pos_0p2_rot_8p0__xyz0p2__ryp8__seed42,1006,0.8866799204771372,0.11332007952286283,N/A,N/A,N/A,N/A,12.242129951294615,2.657197952270508,50.01000213623047,31.307092285156227,0.07479223481504843,0.0564709008769598,0.08056525141570794,0.0602409638554216,0.6774227178941841,0.6467654538804316,0.5676432237770723
uncertainty_fusion_attbias_a0p05_b2p0__pos_0p5_rot_14p0__xyz0p5__ryp14__seed20,1006,0.709741550695825,0.290258449304175,N/A,N/A,N/A,N/A,224.20596876592333,52.613752365112305,636.0675659179688,725.9333099365235,0.00922437485662122,0.0,0.006801329562225657,0.0,0.6552361021150519,0.6469782378649519,0.5919217756766662
uncertainty_fusion_attbias_a0p05_b2p0__pos_0p5_rot_14p0__xyz0p5__ryp14__seed28,1006,0.8866799204771372,0.11332007952286283,N/A,N/A,N/A,N/A,10.002626130489753,1.5922647714614868,50.01000213623047,14.697958374023406,0.1477399730969238,0.1470588235294117,0.16212634482995375,0.1570838252656434,0.795605155424781,0.7137106281823762,0.5652976839713937
uncertainty_fusion_attbias_a0p05_b2p0__pos_0p5_rot_14p0__xyz0p5__ryp14__seed42,1006,0.8697813121272365,0.13021868787276347,N/A,N/A,N/A,N/A,24.369912923833958,6.48225474357605,90.89377975463869,97.58619308471678,0.03485332234792857,0.0192307692307692,0.036984630890822226,0.021505376344086,0.6440282887778905,0.6327566819177437,0.5785850906402641
uncertainty_fusion_attbias_a0p05_b2p0__pos_0p5_rot_4p0__xyz0p5__ryp4__seed20,1006,0.8767395626242545,0.12326043737574555,N/A,N/A,N/A,N/A,60.342598906534455,10.227432250976562,152.2639274597168,168.8329895019531,0.022448028564295685,0.013891568589619901,0.02339915968387663,0.015625,0.6369435456694011,0.6250096527371599,0.567551315891179
uncertainty_fusion_attbias_a0p05_b2p0__pos_0p5_rot_4p0__xyz0p5__ryp4__seed28,1006,0.8836978131212724,0.11630218687872762,N/A,N/A,N/A,N/A,11.876193274616782,1.3267438411712646,50.01000213623047,18.333867645263666,0.20618008903017782,0.21461949265687574,0.2267482139676503,0.2291666666666666,0.8405818495949805,0.8167644818287286,0.6898962657408275
uncertainty_fusion_attbias_a0p05_b2p0__pos_0p5_rot_4p0__xyz0p5__ryp4__seed42,1006,0.8757455268389662,0.12425447316103377,N/A,N/A,N/A,N/A,13.194564991961297,2.2087185382843018,50.01000213623047,27.845123291015625,0.12254210612718977,0.108893280632411,0.13473100293629522,0.1176470588235294,0.7611973880915902,0.7080222071060576,0.5875149139029947
uncertainty_fusion_attbias_a0p05_b2p0__pos_0p5_rot_8p0__xyz0p5__ryp8__seed20,1006,0.8230616302186878,0.17693836978131217,N/A,N/A,N/A,N/A,93.58910086148124,45.72732734680176,219.72844696044922,270.8479339599608,0.012495835051904642,0.0,0.012461745424680006,0.0,0.6274849885538885,0.619911886969653,0.5705749592023338
uncertainty_fusion_attbias_a0p05_b2p0__pos_0p5_rot_8p0__xyz0p5__ryp8__seed28,1006,0.8886679920477137,0.11133200795228626,N/A,N/A,N/A,N/A,10.537271397045918,1.258888602256775,50.01000213623047,18.23618192672723,0.1919979827794982,0.19139602893643215,0.2096475396005746,0.2043010752688172,0.8229307431924672,0.7783495846519999,0.6216805691768834
uncertainty_fusion_attbias_a0p05_b2p0__pos_0p5_rot_8p0__xyz0p5__ryp8__seed42,1006,0.8717693836978131,0.1282306163021869,N/A,N/A,N/A,N/A,16.036771880992305,3.305405378341675,50.01000213623047,34.062677764892555,0.06604399379687323,0.0449438202247191,0.07286401310146697,0.050632911392405,0.67644354022565,0.6511109810266427,0.5821063344980666
uncertainty_fusion_attbias_a0p05_b2p0__pos_1p0_rot_14p0__xyz1__ryp14__seed20,1006,0.6709741550695825,0.32902584493041753,N/A,N/A,N/A,N/A,216.86078069935263,50.01000213623047,767.0742340087891,943.0879272460935,0.007550588871566411,0.0,0.0058174011510400015,0.0,0.6488095585095699,0.6413455548486712,0.5853375827253432
uncertainty_fusion_attbias_a0p05_b2p0__pos_1p0_rot_14p0__xyz1__ryp14__seed28,1006,0.8777335984095428,0.12226640159045721,N/A,N/A,N/A,N/A,15.892731116797735,1.866493940353393,50.01000213623047,40.034619522094715,0.14692365607069854,0.13537750626566408,0.16211011283435128,0.1492537313432835,0.7707362965964717,0.7176205947037397,0.5854068496485882
uncertainty_fusion_attbias_a0p05_b2p0__pos_1p0_rot_14p0__xyz1__ryp14__seed42,1006,0.7733598409542743,0.22664015904572565,N/A,N/A,N/A,N/A,37.748002347723634,12.570765018463135,131.31683349609375,162.61166687011712,0.026977046549581565,0.011237373737373699,0.02636923153525003,0.0128205128205128,0.6365384633256733,0.626284497881169,0.5760313723845796
uncertainty_fusion_attbias_a0p05_b2p0__pos_1p0_rot_4p0__xyz1__ryp4__seed20,1006,0.8677932405566601,0.13220675944333993,N/A,N/A,N/A,N/A,90.53767745747479,13.861281871795654,688.7333984375,720.9392456054683,0.018620429488424493,0.00956959706959705,0.01943072857615756,0.010204081632653,0.627484707613977,0.6177606927885755,0.5671305687693836
uncertainty_fusion_attbias_a0p05_b2p0__pos_1p0_rot_4p0__xyz1__ryp4__seed28,1006,0.882703777335984,0.11729622266401596,N/A,N/A,N/A,N/A,12.179189126957906,1.6367548108100891,50.01000213623047,35.40960445404052,0.18163063398438375,0.1875,0.20117151377663775,0.203125,0.815427767409907,0.7908647456536669,0.6792032116267614
uncertainty_fusion_attbias_a0p05_b2p0__pos_1p0_rot_4p0__xyz1__ryp4__seed42,1006,0.8081510934393639,0.19184890656063613,N/A,N/A,N/A,N/A,25.23872331100013,5.376819610595703,60.760727882385254,75.57614593505858,0.08801883053024141,0.06988372093023255,0.10055714459993605,0.0821917808219178,0.7380009101428554,0.6912975931860623,0.5853510505585217
uncertainty_fusion_attbias_a0p05_b2p0__pos_1p0_rot_8p0__xyz1__ryp8__seed20,1006,0.7952286282306164,0.20477137176938365,N/A,N/A,N/A,N/A,100.35384647220847,50.01000213623047,324.4137954711914,418.99664154052726,0.012217512412893433,0.0,0.012803104259511897,0.0,0.6210589061534751,0.6143788884407504,0.5652814138049604
uncertainty_fusion_attbias_a0p05_b2p0__pos_1p0_rot_8p0__xyz1__ryp8__seed28,1006,0.8727634194831014,0.12723658051689857,N/A,N/A,N/A,N/A,13.93348006269844,1.747342586517334,50.01000213623047,38.641011810302736,0.17052348898736167,0.1785714285714285,0.19066328906257732,0.19549911993965302,0.799074000499802,0.7656247956746212,0.629385212673721
uncertainty_fusion_attbias_a0p05_b2p0__pos_1p0_rot_8p0__xyz1__ryp8__seed42,1006,0.7922465208747514,0.20775347912524855,N/A,N/A,N/A,N/A,33.136618847164435,6.936941862106323,71.61250305175781,87.07528686523428,0.05456501794451465,0.0294117647058823,0.06156061974412758,0.0347826086956521,0.6649918530891933,0.645418609100696,0.5783080251338315
uncertainty_fusion_attbias_a0p05_b2p0__pos_1p5_rot_14p0__xyz1p5__ryp14__seed20,1006,0.6053677932405567,0.3946322067594433,N/A,N/A,N/A,N/A,204.17965920651648,50.01000213623047,725.2867431640625,1019.1390869140627,0.007045010776425572,0.0,0.004873931830662896,0.0,0.6478111517335248,0.6409250143574794,0.58348593675897
uncertainty_fusion_attbias_a0p05_b2p0__pos_1p5_rot_14p0__xyz1p5__ryp14__seed28,1006,0.8508946322067594,0.14910536779324057,N/A,N/A,N/A,N/A,24.742195586290446,3.3144662380218506,89.07170867919922,99.897554397583,0.11367786870386797,0.1036721898790864,0.12919975283744145,0.125,0.7528973935570514,0.7140578066770987,0.5973715412354288
uncertainty_fusion_attbias_a0p05_b2p0__pos_1p5_rot_14p0__xyz1p5__ryp14__seed42,1006,0.6123260437375746,0.3876739562624254,N/A,N/A,N/A,N/A,76.08399403404856,50.01000213623047,285.2683868408203,414.7912216186524,0.014923283233287395,0.0,0.01398513830739937,0.0,0.6481170139872098,0.6386517093542801,0.5859629258040695
uncertainty_fusion_attbias_a0p05_b2p0__pos_1p5_rot_4p0__xyz1p5__ryp4__seed20,1006,0.8349900596421471,0.16500994035785288,N/A,N/A,N/A,N/A,131.87312304546202,24.6932315826416,746.9464263916016,783.5200042724609,0.017379469782729966,0.009090909090909,0.01742111234942764,0.0095238095238095,0.6238659718487559,0.6145467353481447,0.5660377009497745
uncertainty_fusion_attbias_a0p05_b2p0__pos_1p5_rot_4p0__xyz1p5__ryp4__seed28,1006,0.8508946322067594,0.14910536779324057,N/A,N/A,N/A,N/A,24.01114173532532,2.8819847106933594,93.98792076110838,99.23871612548828,0.15535046303447508,0.1555555555555555,0.17756875213596754,0.18469899665551837,0.7817205820105014,0.762268913783498,0.6640543108251987
uncertainty_fusion_attbias_a0p05_b2p0__pos_1p5_rot_4p0__xyz1p5__ryp4__seed42,1006,0.614314115308151,0.38568588469184895,N/A,N/A,N/A,N/A,52.91928955004779,35.19118690490723,149.95502853393555,258.55417633056624,0.05173440358502345,0.0307692307692307,0.06244323848107208,0.0465116279069767,0.7145887163036556,0.6799436633220163,0.586864407224691
uncertainty_fusion_attbias_a0p05_b2p0__pos_1p5_rot_8p0__xyz1p5__ryp8__seed20,1006,0.7584493041749503,0.24155069582504973,N/A,N/A,N/A,N/A,121.10879765973088,50.01000213623047,457.2688903808594,585.3700622558589,0.008599873988909943,0.0,0.008165701619114996,0.0,0.6191242342670215,0.6103803741798018,0.5606492545141045
uncertainty_fusion_attbias_a0p05_b2p0__pos_1p5_rot_8p0__xyz1p5__ryp8__seed28,1006,0.8578528827037774,0.14214711729622265,N/A,N/A,N/A,N/A,23.588600438909467,2.9198848009109497,83.10500144958496,93.60307769775389,0.13700543931664994,0.1346153846153846,0.15585964201316224,0.1545454545454545,0.7791957023191947,0.7512916545922617,0.6308001229570074
uncertainty_fusion_attbias_a0p05_b2p0__pos_1p5_rot_8p0__xyz1p5__ryp8__seed42,1006,0.610337972166998,0.38966202783300197,N/A,N/A,N/A,N/A,116.89168261582013,50.01000213623047,140.15330123901367,356.1437637329104,0.02875439568637886,0.0135135135135135,0.032453636538336154,0.01914270012822855,0.6641282161490315,0.6442025158950866,0.5747046153430416
uncertainty_fusion_attbias_a0p05_b2p0__pos_2p0_rot_14p0__xyz2__ryp14__seed20,1006,0.5069582504970179,0.4930417495029821,N/A,N/A,N/A,N/A,251.60781766098015,50.01000213623047,1047.2559509277344,1885.376977539062,0.006195623154938648,0.0,0.004136951159067201,0.0,0.6404961290741454,0.6332849484327733,0.5772283951768713
uncertainty_fusion_attbias_a0p05_b2p0__pos_2p0_rot_14p0__xyz2__ryp14__seed28,1006,0.8180914512922465,0.18190854870775353,N/A,N/A,N/A,N/A,34.726177160552226,6.582356929779053,139.16032028198242,158.3720962524414,0.0876954934928682,0.0751344086021505,0.10036609495652818,0.0930232558139534,0.7361815319924138,0.7064344341899723,0.603659034522697
uncertainty_fusion_attbias_a0p05_b2p0__pos_2p0_rot_14p0__xyz2__ryp14__seed42,1006,0.19681908548707752,0.8031809145129225,N/A,N/A,N/A,N/A,86.62473016731427,50.01000213623047,207.2407341003418,780.4509002685535,0.008690208358792412,0.0,0.006571859463521499,0.0,0.6878476026339087,0.6805835894480475,0.6151975284244277
uncertainty_fusion_attbias_a0p05_b2p0__pos_2p0_rot_4p0__xyz2__ryp4__seed20,1006,0.7584493041749503,0.24155069582504973,N/A,N/A,N/A,N/A,132.17161933725208,50.01000213623047,689.2677001953125,730.170257568359,0.014996906883125537,0.0,0.01618915179165194,0.0,0.6275012330977281,0.6178498108035879,0.5680691500488125
uncertainty_fusion_attbias_a0p05_b2p0__pos_2p0_rot_4p0__xyz2__ryp4__seed28,1006,0.831013916500994,0.168986083499006,N/A,N/A,N/A,N/A,40.17591526145117,6.1299333572387695,162.36433029174805,182.85140228271487,0.13060645777399585,0.11305538648813145,0.14650382001373174,0.13383084577114424,0.7555907157894366,0.7394076910090238,0.6431254447335216
uncertainty_fusion_attbias_a0p05_b2p0__pos_2p0_rot_4p0__xyz2__ryp4__seed42,1006,0.18986083499005965,0.8101391650099403,N/A,N/A,N/A,N/A,165.34069207300308,50.01000213623047,190.9299659729004,1031.9989624023438,0.013872199011648286,0.0,0.015118874517612077,0.0,0.6985671543147491,0.6836423684846366,0.6147996753168765
uncertainty_fusion_attbias_a0p05_b2p0__pos_2p0_rot_8p0__xyz2__ryp8__seed20,1006,0.6769383697813122,0.32306163021868783,N/A,N/A,N/A,N/A,135.29139537933037,50.01000213623047,547.4763793945312,679.1590576171875,0.00782313774750244,0.0,0.007901565747984602,0.0,0.6227996947860729,0.6148899547615274,0.5646013575415834
uncertainty_fusion_attbias_a0p05_b2p0__pos_2p0_rot_8p0__xyz2__ryp8__seed28,1006,0.8349900596421471,0.16500994035785288,N/A,N/A,N/A,N/A,38.424327687067716,6.094393491744995,167.63312530517578,182.7068618774412,0.11165312006296306,0.0967741935483871,0.1258171258199562,0.11242977528089884,0.7593353757329757,0.7363253279337233,0.6337932492605683
uncertainty_fusion_attbias_a0p05_b2p0__pos_2p0_rot_8p0__xyz2__ryp8__seed42,1006,0.20079522862823063,0.7992047713717694,N/A,N/A,N/A,N/A,130.24827931566574,50.01000213623047,193.57313919067383,999.0980041503902,0.013515452138652951,0.0,0.009837491085136665,0.0,0.694395422836751,0.6835314313091028,0.6146723288685153
uncertainty_fusion_attbias_a0p05_b2p0__pos_only_0p2__xyz0p2__ryp0__seed20,1006,0.8956262425447317,0.10437375745526833,N/A,N/A,N/A,N/A,8.609704857901463,1.519823133945465,50.01000213623047,12.529291152954102,0.22222842746139118,0.2258064516129032,0.2413264731935392,0.2395833333333333,0.8655487223077162,0.8487374095764443,0.7526409682752564
uncertainty_fusion_attbias_a0p05_b2p0__pos_only_0p2__xyz0p2__ryp0__seed28,1006,0.8986083499005965,0.10139165009940354,N/A,N/A,N/A,N/A,8.536548510706469,1.2273282408714294,50.01000213623047,15.15196280479423,0.21794855333545074,0.23360215053763433,0.23687504541394533,0.2448979591836734,0.8591411486107028,0.8443093942288169,0.7483081336007683
uncertainty_fusion_attbias_a0p05_b2p0__pos_only_0p2__xyz0p2__ryp0__seed42,1006,0.889662027833002,0.11033797216699803,N/A,N/A,N/A,N/A,8.830442382600909,1.5418868660926819,50.01000213623047,12.319624614715572,0.2296465467441402,0.2389682024659312,0.250839689890213,0.2555555555555555,0.8640118324717582,0.8480833630904145,0.7496956148120871
uncertainty_fusion_attbias_a0p05_b2p0__pos_only_1p0__xyz1__ryp0__seed20,1006,0.8648111332007953,0.13518886679920472,N/A,N/A,N/A,N/A,14.630450358958926,2.563423275947571,50.01000213623047,33.208467292785606,0.16912514705115597,0.17124060150375936,0.18779023223538285,0.1888888888888888,0.8382330575028891,0.8186409204612702,0.713722791007707
uncertainty_fusion_attbias_a0p05_b2p0__pos_only_1p0__xyz1__ryp0__seed28,1006,0.8737574552683897,0.12624254473161034,N/A,N/A,N/A,N/A,15.121506869532288,1.5833998918533325,50.37782955169678,57.85901222228977,0.1781994819756362,0.1962535014005602,0.1987125671995547,0.2073170731707317,0.8102810294103558,0.7929277030991849,0.699606021410203
uncertainty_fusion_attbias_a0p05_b2p0__pos_only_1p0__xyz1__ryp0__seed42,1006,0.8111332007952287,0.18886679920477134,N/A,N/A,N/A,N/A,28.598438023806438,3.878854632377625,50.01000213623047,69.89791297912598,0.12134888550971877,0.1081081081081081,0.13826307150895445,0.125,0.8134490837298177,0.7944822639867917,0.6852131767684551
uncertainty_fusion_attbias_a0p05_b2p0__pos_only_2p0__xyz2__ryp0__seed20,1006,0.7534791252485089,0.2465208747514911,N/A,N/A,N/A,N/A,41.421895068977264,11.343296527862549,123.75873374938965,176.02798614501927,0.0845963970198723,0.0683374844333748,0.10059824586596323,0.0884214445271779,0.7769488053395649,0.7553180826897168,0.6530221443442862
uncertainty_fusion_attbias_a0p05_b2p0__pos_only_2p0__xyz2__ryp0__seed28,1006,0.8280318091451292,0.1719681908548708,N/A,N/A,N/A,N/A,41.36126520311584,6.060925722122192,147.4933319091797,172.7893646240234,0.13478844334783258,0.11948410123296554,0.15243944424912892,0.1454545454545454,0.7620268052898808,0.7421654108016328,0.6568925065072354
uncertainty_fusion_attbias_a0p05_b2p0__pos_only_2p0__xyz2__ryp0__seed42,1006,0.20874751491053678,0.7912524850894632,N/A,N/A,N/A,N/A,124.94853665257143,50.01000213623047,243.74917602539062,1307.5116394042918,0.014241999040969266,0.0,0.017763470204180218,0.0,0.7085910752413328,0.6944733606188936,0.6201787022021586
uncertainty_fusion_attbias_a0p05_b2p0__rot_only_14p0__xyz0__ryp14__seed20,1006,0.7206759443339961,0.27932405566600393,N/A,N/A,N/A,N/A,252.1005075190579,50.01000213623047,533.8640289306641,605.6534057617184,0.009192412060479764,0.0,0.008385747616345085,0.0,0.6697251882324525,0.6593237699436205,0.5999150852086763
uncertainty_fusion_attbias_a0p05_b2p0__rot_only_14p0__xyz0__ryp14__seed28,1006,0.8946322067594433,0.10536779324055667,N/A,N/A,N/A,N/A,8.76333068433786,1.627765715122223,50.01000213623047,10.500293636322022,0.15731978198740582,0.15490579452541764,0.17255953519628184,0.1642230308219178,0.7952156115640966,0.6996902608084202,0.5520777208691401
uncertainty_fusion_attbias_a0p05_b2p0__rot_only_14p0__xyz0__ryp14__seed42,1006,0.8936381709741551,0.1063618290258449,N/A,N/A,N/A,N/A,19.054025789811675,4.815016984939575,56.04127311706543,65.50528564453121,0.04099289914019334,0.027027027027027,0.04437891948968356,0.032520325203252,0.6444162763008208,0.6236348949721776,0.5574861630461525
uncertainty_fusion_attbias_a0p05_b2p0__rot_only_4p0__xyz0__ryp4__seed20,1006,0.8876739562624254,0.1123260437375746,N/A,N/A,N/A,N/A,33.60786317355531,8.609549522399902,107.25610160827637,116.36609954833968,0.026124425921020916,0.0170215848181949,0.02746463919392484,0.0198019801980198,0.6349529941537969,0.6230058998225717,0.5614387855264091
uncertainty_fusion_attbias_a0p05_b2p0__rot_only_4p0__xyz0__ryp4__seed28,1006,0.9055666003976143,0.09443339960238573,N/A,N/A,N/A,N/A,7.299627640842885,1.2114229798316956,50.01000213623047,10.343669414520264,0.24141314704414274,0.25987012987012986,0.2612871326998916,0.2727272727272727,0.857150659795465,0.8327334842651415,0.7032923529085856
uncertainty_fusion_attbias_a0p05_b2p0__rot_only_4p0__xyz0__ryp4__seed42,1006,0.8936381709741551,0.1063618290258449,N/A,N/A,N/A,N/A,8.88377636375601,1.7302761673927307,50.01000213623047,15.096167278289792,0.15242786647248482,0.1450381679389313,0.16677399465113074,0.1566265060240964,0.7773788510605251,0.7101762715037583,0.5660081274220526
uncertainty_fusion_attbias_a0p05_b2p0__rot_only_8p0__xyz0__ryp8__seed20,1006,0.8479125248508946,0.15208747514910537,N/A,N/A,N/A,N/A,106.6131007728976,39.31009864807129,305.3104248046875,366.4914245605466,0.013505920186666315,0.0,0.013503619139763244,0.0,0.6388728003875427,0.6300871822869324,0.5728863112179265
uncertainty_fusion_attbias_a0p05_b2p0__rot_only_8p0__xyz0__ryp8__seed28,1006,0.8976143141153081,0.10238568588469188,N/A,N/A,N/A,N/A,8.005330094861383,1.366667926311493,50.01000213623047,9.50536422729492,0.20272573641719305,0.2131481481481481,0.22082124239713166,0.225,0.8415272977432278,0.7931752427845437,0.6165000596967206
uncertainty_fusion_attbias_a0p05_b2p0__rot_only_8p0__xyz0__ryp8__seed42,1006,0.8916500994035785,0.10834990059642147,N/A,N/A,N/A,N/A,181.16700477428518,2.686350107192993,50.01000213623047,27.800687789916964,0.07571076694317305,0.059322033898305,0.08200619278453178,0.0642201834862385,0.6826112340926564,0.643852661515779,0.5595566370332609
uncertainty_fusion_attbias_a0p10_b0p5__clean__xyz0__ryp0__seed20,1006,0.9025844930417495,0.09741550695825052,N/A,N/A,N/A,N/A,8.484048838250178,1.2380095720291138,50.01000213623047,10.094717407226561,0.25844232856552907,0.27735042735042736,0.28022611603829606,0.2920851148453813,0.8693718326225075,0.8525278136520892,0.7523762713248981
uncertainty_fusion_attbias_a0p10_b0p5__clean__xyz0__ryp0__seed28,1006,0.9025844930417495,0.09741550695825052,N/A,N/A,N/A,N/A,8.474685781659884,1.23260098695755,50.01000213623047,9.609709930419918,0.25877551632196777,0.2777777777777778,0.28080363784922374,0.2926829268292683,0.8698165223146896,0.8532693525787812,0.7528071129502892
uncertainty_fusion_attbias_a0p10_b0p5__clean__xyz0__ryp0__seed42,1006,0.9025844930417495,0.09741550695825052,N/A,N/A,N/A,N/A,8.587368683281014,1.2798920273780823,50.01000213623047,9.977220535278319,0.25841822608085546,0.2777777777777778,0.28040617077901003,0.2918510324483776,0.8700816362561935,0.8527691769081762,0.751026231564793
uncertainty_fusion_attbias_a0p10_b0p5__pos_0p2_rot_14p0__xyz0p2__ryp14__seed20,1006,0.7157057654075547,0.2842942345924453,N/A,N/A,N/A,N/A,185.75802191527595,50.01000213623047,576.2931518554688,670.8405822753905,0.008742743555554844,0.0,0.007216449013145448,0.0,0.6498240364880831,0.6394822693092879,0.5850953722309987
uncertainty_fusion_attbias_a0p10_b0p5__pos_0p2_rot_14p0__xyz0p2__ryp14__seed28,1006,0.8976143141153081,0.10238568588469188,N/A,N/A,N/A,N/A,9.460950010206188,1.5996497869491577,50.01000213623047,16.14930915832519,0.1517749690989014,0.14962686567164174,0.16468879430720854,0.1621621621621621,0.7895711226326374,0.7026484552775164,0.5511253410347309
uncertainty_fusion_attbias_a0p10_b0p5__pos_0p2_rot_14p0__xyz0p2__ryp14__seed42,1006,0.889662027833002,0.11033797216699803,N/A,N/A,N/A,N/A,20.50135556922459,5.388235807418823,64.80721092224121,70.32193984985352,0.04041920562569851,0.025370092254880898,0.043393973263967114,0.0267857142857142,0.6355286981498881,0.6145617099066178,0.5559056840913201
uncertainty_fusion_attbias_a0p10_b0p5__pos_0p2_rot_4p0__xyz0p2__ryp4__seed20,1006,0.8817097415506958,0.11829025844930419,N/A,N/A,N/A,N/A,35.51051463868106,8.693185806274414,110.84858322143555,120.55799331665011,0.024094505074173087,0.0175438596491228,0.02567294274096372,0.0188679245283018,0.6251329443044008,0.6132771373265093,0.5544177553978109
uncertainty_fusion_attbias_a0p10_b0p5__pos_0p2_rot_4p0__xyz0p2__ryp4__seed28,1006,0.8946322067594433,0.10536779324055667,N/A,N/A,N/A,N/A,10.041240417238196,1.1965232491493225,50.01000213623047,13.893716764450073,0.21311617132984123,0.2222222222222222,0.23257095401860647,0.2333333333333333,0.8590298396305796,0.8353253939143909,0.6964782234426291
uncertainty_fusion_attbias_a0p10_b0p5__pos_0p2_rot_4p0__xyz0p2__ryp4__seed42,1006,0.8886679920477137,0.11133200795228626,N/A,N/A,N/A,N/A,10.733438320490622,1.7852084040641785,50.01000213623047,24.859518623352,0.14281250628441045,0.1313131313131313,0.1561983973781309,0.13998593106220475,0.7786219807560246,0.7189447978955608,0.5739323802143134
uncertainty_fusion_attbias_a0p10_b0p5__pos_0p2_rot_8p0__xyz0p2__ryp8__seed20,1006,0.8369781312127237,0.16302186878727631,N/A,N/A,N/A,N/A,98.7447219007828,40.26516151428223,275.1055755615234,336.65109405517546,0.013892940081158375,0.0,0.013766260920146947,0.0,0.6155978011329798,0.6059047349433053,0.5569312135023541
uncertainty_fusion_attbias_a0p10_b0p5__pos_0p2_rot_8p0__xyz0p2__ryp8__seed28,1006,0.8936381709741551,0.1063618290258449,N/A,N/A,N/A,N/A,10.32247823434206,1.50249445438385,50.01000213623047,11.919540119171124,0.19269419745185293,0.19617005680776978,0.2102918034275199,0.2087912087912088,0.8428223992792253,0.7891540510397241,0.6183520212925994
uncertainty_fusion_attbias_a0p10_b0p5__pos_0p2_rot_8p0__xyz0p2__ryp8__seed42,1006,0.8866799204771372,0.11332007952286283,N/A,N/A,N/A,N/A,12.242129951294615,2.657197952270508,50.01000213623047,31.307092285156227,0.07479223481504843,0.0564709008769598,0.08056525141570794,0.0602409638554216,0.6731371866480814,0.640004358242591,0.5607656736386902
uncertainty_fusion_attbias_a0p10_b0p5__pos_0p5_rot_14p0__xyz0p5__ryp14__seed20,1006,0.709741550695825,0.290258449304175,N/A,N/A,N/A,N/A,224.20596876592333,52.613752365112305,636.0675659179688,725.9333099365235,0.00922437485662122,0.0,0.006801329562225657,0.0,0.6380106379524791,0.630433086795336,0.5786269795163859
uncertainty_fusion_attbias_a0p10_b0p5__pos_0p5_rot_14p0__xyz0p5__ryp14__seed28,1006,0.8866799204771372,0.11332007952286283,N/A,N/A,N/A,N/A,10.002626130489753,1.5922647714614868,50.01000213623047,14.697958374023406,0.1477399730969238,0.1470588235294117,0.16212634482995375,0.1570838252656434,0.7917191228269185,0.708847689497485,0.5592442947386016
uncertainty_fusion_attbias_a0p10_b0p5__pos_0p5_rot_14p0__xyz0p5__ryp14__seed42,1006,0.8697813121272365,0.13021868787276347,N/A,N/A,N/A,N/A,24.369912923833958,6.48225474357605,90.89377975463869,97.58619308471678,0.03485332234792857,0.0192307692307692,0.036984630890822226,0.021505376344086,0.6323769235794988,0.6200676704753892,0.567930908109417
uncertainty_fusion_attbias_a0p10_b0p5__pos_0p5_rot_4p0__xyz0p5__ryp4__seed20,1006,0.8767395626242545,0.12326043737574555,N/A,N/A,N/A,N/A,60.342598906534455,10.227432250976562,152.2639274597168,168.8329895019531,0.022448028564295685,0.013891568589619901,0.02339915968387663,0.015625,0.6237838780656203,0.6101980585957865,0.5542144048642736
uncertainty_fusion_attbias_a0p10_b0p5__pos_0p5_rot_4p0__xyz0p5__ryp4__seed28,1006,0.8836978131212724,0.11630218687872762,N/A,N/A,N/A,N/A,11.876193274616782,1.3267438411712646,50.01000213623047,18.333867645263666,0.20618008903017782,0.21461949265687574,0.2267482139676503,0.2291666666666666,0.842358653229857,0.8174996845861037,0.689292734597895
uncertainty_fusion_attbias_a0p10_b0p5__pos_0p5_rot_4p0__xyz0p5__ryp4__seed42,1006,0.8757455268389662,0.12425447316103377,N/A,N/A,N/A,N/A,13.194564991961297,2.2087185382843018,50.01000213623047,27.845123291015625,0.12254210612718977,0.108893280632411,0.13473100293629522,0.1176470588235294,0.7610058313547664,0.7050409593866648,0.5834226819891636
uncertainty_fusion_attbias_a0p10_b0p5__pos_0p5_rot_8p0__xyz0p5__ryp8__seed20,1006,0.8230616302186878,0.17693836978131217,N/A,N/A,N/A,N/A,93.58910086148124,45.72732734680176,219.72844696044922,270.8479339599608,0.012495835051904642,0.0,0.012461745424680006,0.0,0.6093530550905744,0.6009657234682684,0.5545816709856408
uncertainty_fusion_attbias_a0p10_b0p5__pos_0p5_rot_8p0__xyz0p5__ryp8__seed28,1006,0.8886679920477137,0.11133200795228626,N/A,N/A,N/A,N/A,10.537271397045918,1.258888602256775,50.01000213623047,18.23618192672723,0.1919979827794982,0.19139602893643215,0.2096475396005746,0.2043010752688172,0.8225856271508273,0.7773937045616228,0.6178699882101132
uncertainty_fusion_attbias_a0p10_b0p5__pos_0p5_rot_8p0__xyz0p5__ryp8__seed42,1006,0.8717693836978131,0.1282306163021869,N/A,N/A,N/A,N/A,16.036771880992305,3.305405378341675,50.01000213623047,34.062677764892555,0.06604399379687323,0.0449438202247191,0.07286401310146697,0.050632911392405,0.6702695559034014,0.6431881056889093,0.572896309372537
uncertainty_fusion_attbias_a0p10_b0p5__pos_1p0_rot_14p0__xyz1__ryp14__seed20,1006,0.6709741550695825,0.32902584493041753,N/A,N/A,N/A,N/A,216.86078069935263,50.01000213623047,767.0742340087891,943.0879272460935,0.007550588871566411,0.0,0.0058174011510400015,0.0,0.6266536935340182,0.6187429772134991,0.5671054115560824
uncertainty_fusion_attbias_a0p10_b0p5__pos_1p0_rot_14p0__xyz1__ryp14__seed28,1006,0.8777335984095428,0.12226640159045721,N/A,N/A,N/A,N/A,15.892731116797735,1.866493940353393,50.01000213623047,40.034619522094715,0.14692365607069854,0.13537750626566408,0.16211011283435128,0.1492537313432835,0.7678945265380955,0.7132434848956232,0.5791524358194328
uncertainty_fusion_attbias_a0p10_b0p5__pos_1p0_rot_14p0__xyz1__ryp14__seed42,1006,0.7733598409542743,0.22664015904572565,N/A,N/A,N/A,N/A,37.748002347723634,12.570765018463135,131.31683349609375,162.61166687011712,0.026977046549581565,0.011237373737373699,0.02636923153525003,0.0128205128205128,0.6212625773148988,0.611168962004883,0.5623082040583475
uncertainty_fusion_attbias_a0p10_b0p5__pos_1p0_rot_4p0__xyz1__ryp4__seed20,1006,0.8677932405566601,0.13220675944333993,N/A,N/A,N/A,N/A,90.53767745747479,13.861281871795654,688.7333984375,720.9392456054683,0.018620429488424493,0.00956959706959705,0.01943072857615756,0.010204081632653,0.6141140234757382,0.6041887918104176,0.5533302969201308
uncertainty_fusion_attbias_a0p10_b0p5__pos_1p0_rot_4p0__xyz1__ryp4__seed28,1006,0.882703777335984,0.11729622266401596,N/A,N/A,N/A,N/A,12.179189126957906,1.6367548108100891,50.01000213623047,35.40960445404052,0.18163063398438375,0.1875,0.20117151377663775,0.203125,0.8153967798350269,0.7897104056387022,0.6745978512466622
uncertainty_fusion_attbias_a0p10_b0p5__pos_1p0_rot_4p0__xyz1__ryp4__seed42,1006,0.8081510934393639,0.19184890656063613,N/A,N/A,N/A,N/A,25.23872331100013,5.376819610595703,60.760727882385254,75.57614593505858,0.08801883053024141,0.06988372093023255,0.10055714459993605,0.0821917808219178,0.734309096525021,0.6873473310036731,0.5781086806410939
uncertainty_fusion_attbias_a0p10_b0p5__pos_1p0_rot_8p0__xyz1__ryp8__seed20,1006,0.7952286282306164,0.20477137176938365,N/A,N/A,N/A,N/A,100.35384647220847,50.01000213623047,324.4137954711914,418.99664154052726,0.012217512412893433,0.0,0.012803104259511897,0.0,0.60473555893785,0.5982554025848402,0.5479712055699325
uncertainty_fusion_attbias_a0p10_b0p5__pos_1p0_rot_8p0__xyz1__ryp8__seed28,1006,0.8727634194831014,0.12723658051689857,N/A,N/A,N/A,N/A,13.93348006269844,1.747342586517334,50.01000213623047,38.641011810302736,0.17052348898736167,0.1785714285714285,0.19066328906257732,0.19549911993965302,0.8001066684863105,0.763993824827708,0.6266612145302618
uncertainty_fusion_attbias_a0p10_b0p5__pos_1p0_rot_8p0__xyz1__ryp8__seed42,1006,0.7922465208747514,0.20775347912524855,N/A,N/A,N/A,N/A,33.136618847164435,6.936941862106323,71.61250305175781,87.07528686523428,0.05456501794451465,0.0294117647058823,0.06156061974412758,0.0347826086956521,0.6579753439219906,0.6374920140146522,0.5710018084894245
uncertainty_fusion_attbias_a0p10_b0p5__pos_1p5_rot_14p0__xyz1p5__ryp14__seed20,1006,0.6053677932405567,0.3946322067594433,N/A,N/A,N/A,N/A,204.17965920651648,50.01000213623047,725.2867431640625,1019.1390869140627,0.007045010776425572,0.0,0.004873931830662896,0.0,0.6246990647787177,0.6180261354402581,0.5641739044258861
uncertainty_fusion_attbias_a0p10_b0p5__pos_1p5_rot_14p0__xyz1p5__ryp14__seed28,1006,0.8508946322067594,0.14910536779324057,N/A,N/A,N/A,N/A,24.742195586290446,3.3144662380218506,89.07170867919922,99.897554397583,0.11367786870386797,0.1036721898790864,0.12919975283744145,0.125,0.7472445086615467,0.7051273920974495,0.5872507966180234
uncertainty_fusion_attbias_a0p10_b0p5__pos_1p5_rot_14p0__xyz1p5__ryp14__seed42,1006,0.6123260437375746,0.3876739562624254,N/A,N/A,N/A,N/A,76.08399403404856,50.01000213623047,285.2683868408203,414.7912216186524,0.014923283233287395,0.0,0.01398513830739937,0.0,0.632853094086452,0.6230943048540073,0.5729463382376254
uncertainty_fusion_attbias_a0p10_b0p5__pos_1p5_rot_4p0__xyz1p5__ryp4__seed20,1006,0.8349900596421471,0.16500994035785288,N/A,N/A,N/A,N/A,131.87312304546202,24.6932315826416,746.9464263916016,783.5200042724609,0.017379469782729966,0.009090909090909,0.01742111234942764,0.0095238095238095,0.6075853814067197,0.5982034053442041,0.5498501383476454
uncertainty_fusion_attbias_a0p10_b0p5__pos_1p5_rot_4p0__xyz1p5__ryp4__seed28,1006,0.8508946322067594,0.14910536779324057,N/A,N/A,N/A,N/A,24.01114173532532,2.8819847106933594,93.98792076110838,99.23871612548828,0.15535046303447508,0.1555555555555555,0.17756875213596754,0.18469899665551837,0.7787495914374043,0.7574619209417032,0.656161204846783
uncertainty_fusion_attbias_a0p10_b0p5__pos_1p5_rot_4p0__xyz1p5__ryp4__seed42,1006,0.614314115308151,0.38568588469184895,N/A,N/A,N/A,N/A,52.91928955004779,35.19118690490723,149.95502853393555,258.55417633056624,0.05173440358502345,0.0307692307692307,0.06244323848107208,0.0465116279069767,0.7132379038072724,0.6774979755164766,0.5828057463574233
uncertainty_fusion_attbias_a0p10_b0p5__pos_1p5_rot_8p0__xyz1p5__ryp8__seed20,1006,0.7584493041749503,0.24155069582504973,N/A,N/A,N/A,N/A,121.10879765973088,50.01000213623047,457.2688903808594,585.3700622558589,0.008599873988909943,0.0,0.008165701619114996,0.0,0.5982409540240059,0.5893392634640364,0.5427834694005459
uncertainty_fusion_attbias_a0p10_b0p5__pos_1p5_rot_8p0__xyz1p5__ryp8__seed28,1006,0.8578528827037774,0.14214711729622265,N/A,N/A,N/A,N/A,23.588600438909467,2.9198848009109497,83.10500144958496,93.60307769775389,0.13700543931664994,0.1346153846153846,0.15585964201316224,0.1545454545454545,0.7746238537847984,0.7442042146299245,0.6216640665751294
uncertainty_fusion_attbias_a0p10_b0p5__pos_1p5_rot_8p0__xyz1p5__ryp8__seed42,1006,0.610337972166998,0.38966202783300197,N/A,N/A,N/A,N/A,116.89168261582013,50.01000213623047,140.15330123901367,356.1437637329104,0.02875439568637886,0.0135135135135135,0.032453636538336154,0.01914270012822855,0.6585715731124249,0.6377719676714521,0.5680906002739448
uncertainty_fusion_attbias_a0p10_b0p5__pos_2p0_rot_14p0__xyz2__ryp14__seed20,1006,0.5069582504970179,0.4930417495029821,N/A,N/A,N/A,N/A,251.60781766098015,50.01000213623047,1047.2559509277344,1885.376977539062,0.006195623154938648,0.0,0.004136951159067201,0.0,0.6152837738387369,0.6084225154186198,0.5606406195899691
uncertainty_fusion_attbias_a0p10_b0p5__pos_2p0_rot_14p0__xyz2__ryp14__seed28,1006,0.8180914512922465,0.18190854870775353,N/A,N/A,N/A,N/A,34.726177160552226,6.582356929779053,139.16032028198242,158.3720962524414,0.0876954934928682,0.0751344086021505,0.10036609495652818,0.0930232558139534,0.7280704590554321,0.6972690848583074,0.5910261822067724
uncertainty_fusion_attbias_a0p10_b0p5__pos_2p0_rot_14p0__xyz2__ryp14__seed42,1006,0.19681908548707752,0.8031809145129225,N/A,N/A,N/A,N/A,86.62473016731427,50.01000213623047,207.2407341003418,780.4509002685535,0.008690208358792412,0.0,0.006571859463521499,0.0,0.6735574155663402,0.666186707593632,0.607585364233179
uncertainty_fusion_attbias_a0p10_b0p5__pos_2p0_rot_4p0__xyz2__ryp4__seed20,1006,0.7584493041749503,0.24155069582504973,N/A,N/A,N/A,N/A,132.17161933725208,50.01000213623047,689.2677001953125,730.170257568359,0.014996906883125537,0.0,0.01618915179165194,0.0,0.6084401245979649,0.5988165282930993,0.5503776475171124
uncertainty_fusion_attbias_a0p10_b0p5__pos_2p0_rot_4p0__xyz2__ryp4__seed28,1006,0.831013916500994,0.168986083499006,N/A,N/A,N/A,N/A,40.17591526145117,6.1299333572387695,162.36433029174805,182.85140228271487,0.13060645777399585,0.11305538648813145,0.14650382001373174,0.13383084577114424,0.7515349837085978,0.734940786223109,0.6358998583179711
uncertainty_fusion_attbias_a0p10_b0p5__pos_2p0_rot_4p0__xyz2__ryp4__seed42,1006,0.18986083499005965,0.8101391650099403,N/A,N/A,N/A,N/A,165.34069207300308,50.01000213623047,190.9299659729004,1031.9989624023438,0.013872199011648286,0.0,0.015118874517612077,0.0,0.6963786937962687,0.6819431318763544,0.608815577569305
uncertainty_fusion_attbias_a0p10_b0p5__pos_2p0_rot_8p0__xyz2__ryp8__seed20,1006,0.6769383697813122,0.32306163021868783,N/A,N/A,N/A,N/A,135.29139537933037,50.01000213623047,547.4763793945312,679.1590576171875,0.00782313774750244,0.0,0.007901565747984602,0.0,0.5991097463878546,0.5909606070705714,0.5444114658794195
uncertainty_fusion_attbias_a0p10_b0p5__pos_2p0_rot_8p0__xyz2__ryp8__seed28,1006,0.8349900596421471,0.16500994035785288,N/A,N/A,N/A,N/A,38.424327687067716,6.094393491744995,167.63312530517578,182.7068618774412,0.11165312006296306,0.0967741935483871,0.1258171258199562,0.11242977528089884,0.7529203122375399,0.7280755507295652,0.6230602806296225
uncertainty_fusion_attbias_a0p10_b0p5__pos_2p0_rot_8p0__xyz2__ryp8__seed42,1006,0.20079522862823063,0.7992047713717694,N/A,N/A,N/A,N/A,130.24827931566574,50.01000213623047,193.57313919067383,999.0980041503902,0.013515452138652951,0.0,0.009837491085136665,0.0,0.688381867268493,0.6761428019734724,0.6080344836362404
uncertainty_fusion_attbias_a0p10_b0p5__pos_only_0p2__xyz0p2__ryp0__seed20,1006,0.8956262425447317,0.10437375745526833,N/A,N/A,N/A,N/A,8.609704857901463,1.519823133945465,50.01000213623047,12.529291152954102,0.22222842746139118,0.2258064516129032,0.2413264731935392,0.2395833333333333,0.8656975070563723,0.8474588888634548,0.7521451852992636
uncertainty_fusion_attbias_a0p10_b0p5__pos_only_0p2__xyz0p2__ryp0__seed28,1006,0.8986083499005965,0.10139165009940354,N/A,N/A,N/A,N/A,8.536548510706469,1.2273282408714294,50.01000213623047,15.15196280479423,0.21794855333545074,0.23360215053763433,0.23687504541394533,0.2448979591836734,0.8578156076682943,0.8419981510600315,0.7459483172082648
uncertainty_fusion_attbias_a0p10_b0p5__pos_only_0p2__xyz0p2__ryp0__seed42,1006,0.889662027833002,0.11033797216699803,N/A,N/A,N/A,N/A,8.830442382600909,1.5418868660926819,50.01000213623047,12.319624614715572,0.2296465467441402,0.2389682024659312,0.250839689890213,0.2555555555555555,0.8650324002940668,0.8485252944367734,0.746945771679278
uncertainty_fusion_attbias_a0p10_b0p5__pos_only_1p0__xyz1__ryp0__seed20,1006,0.8648111332007953,0.13518886679920472,N/A,N/A,N/A,N/A,14.630450358958926,2.563423275947571,50.01000213623047,33.208467292785606,0.16912514705115597,0.17124060150375936,0.18779023223538285,0.1888888888888888,0.838030807770609,0.817746511987945,0.7108559900975224
uncertainty_fusion_attbias_a0p10_b0p5__pos_only_1p0__xyz1__ryp0__seed28,1006,0.8737574552683897,0.12624254473161034,N/A,N/A,N/A,N/A,15.121506869532288,1.5833998918533325,50.37782955169678,57.85901222228977,0.1781994819756362,0.1962535014005602,0.1987125671995547,0.2073170731707317,0.8104650378368304,0.791057576435672,0.6956413879518522
uncertainty_fusion_attbias_a0p10_b0p5__pos_only_1p0__xyz1__ryp0__seed42,1006,0.8111332007952287,0.18886679920477134,N/A,N/A,N/A,N/A,28.598438023806438,3.878854632377625,50.01000213623047,69.89791297912598,0.12134888550971877,0.1081081081081081,0.13826307150895445,0.125,0.8103647648865684,0.7919537822930373,0.682641171200937
uncertainty_fusion_attbias_a0p10_b0p5__pos_only_2p0__xyz2__ryp0__seed20,1006,0.7534791252485089,0.2465208747514911,N/A,N/A,N/A,N/A,41.421895068977264,11.343296527862549,123.75873374938965,176.02798614501927,0.0845963970198723,0.0683374844333748,0.10059824586596323,0.0884214445271779,0.7691966397603445,0.7463067458750742,0.6424709793669781
uncertainty_fusion_attbias_a0p10_b0p5__pos_only_2p0__xyz2__ryp0__seed28,1006,0.8280318091451292,0.1719681908548708,N/A,N/A,N/A,N/A,41.36126520311584,6.060925722122192,147.4933319091797,172.7893646240234,0.13478844334783258,0.11948410123296554,0.15243944424912892,0.1454545454545454,0.7576499532502722,0.736134177189968,0.6488815267467949
uncertainty_fusion_attbias_a0p10_b0p5__pos_only_2p0__xyz2__ryp0__seed42,1006,0.20874751491053678,0.7912524850894632,N/A,N/A,N/A,N/A,124.94853665257143,50.01000213623047,243.74917602539062,1307.5116394042918,0.014241999040969266,0.0,0.017763470204180218,0.0,0.7058016559695238,0.6912189928878494,0.6180226954161819
uncertainty_fusion_attbias_a0p10_b0p5__rot_only_14p0__xyz0__ryp14__seed20,1006,0.7206759443339961,0.27932405566600393,N/A,N/A,N/A,N/A,252.1005075190579,50.01000213623047,533.8640289306641,605.6534057617184,0.009192412060479764,0.0,0.008385747616345085,0.0,0.6550722430764799,0.6437401059457171,0.5867570035200176
uncertainty_fusion_attbias_a0p10_b0p5__rot_only_14p0__xyz0__ryp14__seed28,1006,0.8946322067594433,0.10536779324055667,N/A,N/A,N/A,N/A,8.76333068433786,1.627765715122223,50.01000213623047,10.500293636322022,0.15731978198740582,0.15490579452541764,0.17255953519628184,0.1642230308219178,0.7930098043442637,0.6947853751617062,0.5447399493892117
uncertainty_fusion_attbias_a0p10_b0p5__rot_only_14p0__xyz0__ryp14__seed42,1006,0.8936381709741551,0.1063618290258449,N/A,N/A,N/A,N/A,19.054025789811675,4.815016984939575,56.04127311706543,65.50528564453121,0.04099289914019334,0.027027027027027,0.04437891948968356,0.032520325203252,0.6333786964688594,0.6124997911823532,0.5450585640033458
uncertainty_fusion_attbias_a0p10_b0p5__rot_only_4p0__xyz0__ryp4__seed20,1006,0.8876739562624254,0.1123260437375746,N/A,N/A,N/A,N/A,33.60786317355531,8.609549522399902,107.25610160827637,116.36609954833968,0.026124425921020916,0.0170215848181949,0.02746463919392484,0.0198019801980198,0.624757841966237,0.6116666839928937,0.5502299587335752
uncertainty_fusion_attbias_a0p10_b0p5__rot_only_4p0__xyz0__ryp4__seed28,1006,0.9055666003976143,0.09443339960238573,N/A,N/A,N/A,N/A,7.299627640842885,1.2114229798316956,50.01000213623047,10.343669414520264,0.24141314704414274,0.25987012987012986,0.2612871326998916,0.2727272727272727,0.8580346781815049,0.8321024539376946,0.7002507849383157
uncertainty_fusion_attbias_a0p10_b0p5__rot_only_4p0__xyz0__ryp4__seed42,1006,0.8936381709741551,0.1063618290258449,N/A,N/A,N/A,N/A,8.88377636375601,1.7302761673927307,50.01000213623047,15.096167278289792,0.15242786647248482,0.1450381679389313,0.16677399465113074,0.1566265060240964,0.7765090342937195,0.7072961162393459,0.558818854062169
uncertainty_fusion_attbias_a0p10_b0p5__rot_only_8p0__xyz0__ryp8__seed20,1006,0.8479125248508946,0.15208747514910537,N/A,N/A,N/A,N/A,106.6131007728976,39.31009864807129,305.3104248046875,366.4914245605466,0.013505920186666315,0.0,0.013503619139763244,0.0,0.6217684875365216,0.6110180869808274,0.5555522256918155
uncertainty_fusion_attbias_a0p10_b0p5__rot_only_8p0__xyz0__ryp8__seed28,1006,0.8976143141153081,0.10238568588469188,N/A,N/A,N/A,N/A,8.005330094861383,1.366667926311493,50.01000213623047,9.50536422729492,0.20272573641719305,0.2131481481481481,0.22082124239713166,0.225,0.8415411265297926,0.792479023947314,0.6129737660591738
uncertainty_fusion_attbias_a0p10_b0p5__rot_only_8p0__xyz0__ryp8__seed42,1006,0.8916500994035785,0.10834990059642147,N/A,N/A,N/A,N/A,181.16700477428518,2.686350107192993,50.01000213623047,27.800687789916964,0.07571076694317305,0.059322033898305,0.08200619278453178,0.0642201834862385,0.6773028238777137,0.6365168690079746,0.5516244332852455
uncertainty_fusion_attbias_a0p10_b1p0__clean__xyz0__ryp0__seed20,1006,0.9025844930417495,0.09741550695825052,N/A,N/A,N/A,N/A,8.591562442603447,1.2889105081558228,50.01000213623047,9.977220535278319,0.2586066925567382,0.27735042735042736,0.28039741178878064,0.2919871794871795,0.8694649183066497,0.853283277833091,0.7566213732348852
uncertainty_fusion_attbias_a0p10_b1p0__clean__xyz0__ryp0__seed28,1006,0.9025844930417495,0.09741550695825052,N/A,N/A,N/A,N/A,8.562753997895985,1.2527849078178406,50.01000213623047,9.609709930419918,0.2586666800460418,0.2777777777777778,0.28054154734456777,0.2916666666666667,0.8698710777447589,0.8540793942768352,0.7555054993161953
uncertainty_fusion_attbias_a0p10_b1p0__clean__xyz0__ryp0__seed42,1006,0.9025844930417495,0.09741550695825052,N/A,N/A,N/A,N/A,8.477910706994072,1.2420369386672974,50.01000213623047,9.800544452667232,0.25877728120114857,0.2762166405023547,0.28061749362381844,0.2916666666666667,0.8696019703148226,0.8532763088496178,0.7549921038228007
uncertainty_fusion_attbias_a0p10_b1p0__pos_0p2_rot_14p0__xyz0p2__ryp14__seed20,1006,0.7157057654075547,0.2842942345924453,N/A,N/A,N/A,N/A,185.75802191527595,50.01000213623047,576.2931518554688,670.8405822753905,0.008742743555554844,0.0,0.007216449013145448,0.0,0.6659213393101169,0.6555220316021307,0.5985143748179885
uncertainty_fusion_attbias_a0p10_b1p0__pos_0p2_rot_14p0__xyz0p2__ryp14__seed28,1006,0.8976143141153081,0.10238568588469188,N/A,N/A,N/A,N/A,9.460950010206188,1.5996497869491577,50.01000213623047,16.14930915832519,0.1517749690989014,0.14962686567164174,0.16468879430720854,0.1621621621621621,0.7932835434359012,0.7062748557636491,0.558654309197666
uncertainty_fusion_attbias_a0p10_b1p0__pos_0p2_rot_14p0__xyz0p2__ryp14__seed42,1006,0.889662027833002,0.11033797216699803,N/A,N/A,N/A,N/A,20.50135556922459,5.388235807418823,64.80721092224121,70.32193984985352,0.04041920562569851,0.025370092254880898,0.043393973263967114,0.0267857142857142,0.6465979656686872,0.6264467924923921,0.5678821196155439
uncertainty_fusion_attbias_a0p10_b1p0__pos_0p2_rot_4p0__xyz0p2__ryp4__seed20,1006,0.8817097415506958,0.11829025844930419,N/A,N/A,N/A,N/A,35.51051463868106,8.693185806274414,110.84858322143555,120.55799331665011,0.024094505074173087,0.0175438596491228,0.02567294274096372,0.0188679245283018,0.6374514098733919,0.62655465786078,0.5668602818981558
uncertainty_fusion_attbias_a0p10_b1p0__pos_0p2_rot_4p0__xyz0p2__ryp4__seed28,1006,0.8946322067594433,0.10536779324055667,N/A,N/A,N/A,N/A,10.041240417238196,1.1965232491493225,50.01000213623047,13.893716764450073,0.21311617132984123,0.2222222222222222,0.23257095401860647,0.2333333333333333,0.859214201795249,0.8364359845638806,0.6987438938181899
uncertainty_fusion_attbias_a0p10_b1p0__pos_0p2_rot_4p0__xyz0p2__ryp4__seed42,1006,0.8886679920477137,0.11133200795228626,N/A,N/A,N/A,N/A,10.733438320490622,1.7852084040641785,50.01000213623047,24.859518623352,0.14281250628441045,0.1313131313131313,0.1561983973781309,0.13998593106220475,0.7780037825512978,0.7196971758636486,0.5788233864942446
uncertainty_fusion_attbias_a0p10_b1p0__pos_0p2_rot_8p0__xyz0p2__ryp8__seed20,1006,0.8369781312127237,0.16302186878727631,N/A,N/A,N/A,N/A,98.7447219007828,40.26516151428223,275.1055755615234,336.65109405517546,0.013892940081158375,0.0,0.013766260920146947,0.0,0.6340147250970274,0.6240672050833849,0.5718657088235001
uncertainty_fusion_attbias_a0p10_b1p0__pos_0p2_rot_8p0__xyz0p2__ryp8__seed28,1006,0.8936381709741551,0.1063618290258449,N/A,N/A,N/A,N/A,10.32247823434206,1.50249445438385,50.01000213623047,11.919540119171124,0.19269419745185293,0.19617005680776978,0.2102918034275199,0.2087912087912088,0.8444453721567159,0.7912651431106031,0.6241915715634383
uncertainty_fusion_attbias_a0p10_b1p0__pos_0p2_rot_8p0__xyz0p2__ryp8__seed42,1006,0.8866799204771372,0.11332007952286283,N/A,N/A,N/A,N/A,12.242129951294615,2.657197952270508,50.01000213623047,31.307092285156227,0.07479223481504843,0.0564709008769598,0.08056525141570794,0.0602409638554216,0.677388754503594,0.6465469585044041,0.5676089400965024
uncertainty_fusion_attbias_a0p10_b1p0__pos_0p5_rot_14p0__xyz0p5__ryp14__seed20,1006,0.709741550695825,0.290258449304175,N/A,N/A,N/A,N/A,224.20596876592333,52.613752365112305,636.0675659179688,725.9333099365235,0.00922437485662122,0.0,0.006801329562225657,0.0,0.6550483232978612,0.6470391959776604,0.5926720646833389
uncertainty_fusion_attbias_a0p10_b1p0__pos_0p5_rot_14p0__xyz0p5__ryp14__seed28,1006,0.8866799204771372,0.11332007952286283,N/A,N/A,N/A,N/A,10.002626130489753,1.5922647714614868,50.01000213623047,14.697958374023406,0.1477399730969238,0.1470588235294117,0.16212634482995375,0.1570838252656434,0.7958232275096163,0.7139118154556091,0.565354210752448
uncertainty_fusion_attbias_a0p10_b1p0__pos_0p5_rot_14p0__xyz0p5__ryp14__seed42,1006,0.8697813121272365,0.13021868787276347,N/A,N/A,N/A,N/A,24.369912923833958,6.48225474357605,90.89377975463869,97.58619308471678,0.03485332234792857,0.0192307692307692,0.036984630890822226,0.021505376344086,0.6435323573459687,0.6321740275251077,0.5783876917495933
uncertainty_fusion_attbias_a0p10_b1p0__pos_0p5_rot_4p0__xyz0p5__ryp4__seed20,1006,0.8767395626242545,0.12326043737574555,N/A,N/A,N/A,N/A,60.342598906534455,10.227432250976562,152.2639274597168,168.8329895019531,0.022448028564295685,0.013891568589619901,0.02339915968387663,0.015625,0.6364921405394968,0.624568560034557,0.5669859260598539
uncertainty_fusion_attbias_a0p10_b1p0__pos_0p5_rot_4p0__xyz0p5__ryp4__seed28,1006,0.8836978131212724,0.11630218687872762,N/A,N/A,N/A,N/A,11.876193274616782,1.3267438411712646,50.01000213623047,18.333867645263666,0.20618008903017782,0.21461949265687574,0.2267482139676503,0.2291666666666666,0.8418209182427274,0.8179885491209801,0.6910125871304815
uncertainty_fusion_attbias_a0p10_b1p0__pos_0p5_rot_4p0__xyz0p5__ryp4__seed42,1006,0.8757455268389662,0.12425447316103377,N/A,N/A,N/A,N/A,13.194564991961297,2.2087185382843018,50.01000213623047,27.845123291015625,0.12254210612718977,0.108893280632411,0.13473100293629522,0.1176470588235294,0.7613441118350698,0.7079323066037929,0.5870949947144258
uncertainty_fusion_attbias_a0p10_b1p0__pos_0p5_rot_8p0__xyz0p5__ryp8__seed20,1006,0.8230616302186878,0.17693836978131217,N/A,N/A,N/A,N/A,93.58910086148124,45.72732734680176,219.72844696044922,270.8479339599608,0.012495835051904642,0.0,0.012461745424680006,0.0,0.6277428669418873,0.6198330707232257,0.5708317125243403
uncertainty_fusion_attbias_a0p10_b1p0__pos_0p5_rot_8p0__xyz0p5__ryp8__seed28,1006,0.8886679920477137,0.11133200795228626,N/A,N/A,N/A,N/A,10.537271397045918,1.258888602256775,50.01000213623047,18.23618192672723,0.1919979827794982,0.19139602893643215,0.2096475396005746,0.2043010752688172,0.8237542096945978,0.7792398264407554,0.6225846584436718
uncertainty_fusion_attbias_a0p10_b1p0__pos_0p5_rot_8p0__xyz0p5__ryp8__seed42,1006,0.8717693836978131,0.1282306163021869,N/A,N/A,N/A,N/A,16.036771880992305,3.305405378341675,50.01000213623047,34.062677764892555,0.06604399379687323,0.0449438202247191,0.07286401310146697,0.050632911392405,0.6763494711847794,0.6508087918283031,0.5819298734217021
uncertainty_fusion_attbias_a0p10_b1p0__pos_1p0_rot_14p0__xyz1__ryp14__seed20,1006,0.6709741550695825,0.32902584493041753,N/A,N/A,N/A,N/A,216.86078069935263,50.01000213623047,767.0742340087891,943.0879272460935,0.007550588871566411,0.0,0.0058174011510400015,0.0,0.646728773486389,0.6391761639341191,0.5846517614254942
uncertainty_fusion_attbias_a0p10_b1p0__pos_1p0_rot_14p0__xyz1__ryp14__seed28,1006,0.8777335984095428,0.12226640159045721,N/A,N/A,N/A,N/A,15.892731116797735,1.866493940353393,50.01000213623047,40.034619522094715,0.14692365607069854,0.13537750626566408,0.16211011283435128,0.1492537313432835,0.7711950102683935,0.7180782469173786,0.5857973080451291
uncertainty_fusion_attbias_a0p10_b1p0__pos_1p0_rot_14p0__xyz1__ryp14__seed42,1006,0.7733598409542743,0.22664015904572565,N/A,N/A,N/A,N/A,37.748002347723634,12.570765018463135,131.31683349609375,162.61166687011712,0.026977046549581565,0.011237373737373699,0.02636923153525003,0.0128205128205128,0.6351768826149927,0.6252191643032918,0.575893637408661
uncertainty_fusion_attbias_a0p10_b1p0__pos_1p0_rot_4p0__xyz1__ryp4__seed20,1006,0.8677932405566601,0.13220675944333993,N/A,N/A,N/A,N/A,90.53767745747479,13.861281871795654,688.7333984375,720.9392456054683,0.018620429488424493,0.00956959706959705,0.01943072857615756,0.010204081632653,0.6273829303324546,0.6176542258760377,0.5671443135676172
uncertainty_fusion_attbias_a0p10_b1p0__pos_1p0_rot_4p0__xyz1__ryp4__seed28,1006,0.882703777335984,0.11729622266401596,N/A,N/A,N/A,N/A,12.179189126957906,1.6367548108100891,50.01000213623047,35.40960445404052,0.18163063398438375,0.1875,0.20117151377663775,0.203125,0.8164469728057995,0.7917219851197067,0.679729550457878
uncertainty_fusion_attbias_a0p10_b1p0__pos_1p0_rot_4p0__xyz1__ryp4__seed42,1006,0.8081510934393639,0.19184890656063613,N/A,N/A,N/A,N/A,25.23872331100013,5.376819610595703,60.760727882385254,75.57614593505858,0.08801883053024141,0.06988372093023255,0.10055714459993605,0.0821917808219178,0.7378031347898205,0.6914450109210261,0.5848585403140476
uncertainty_fusion_attbias_a0p10_b1p0__pos_1p0_rot_8p0__xyz1__ryp8__seed20,1006,0.7952286282306164,0.20477137176938365,N/A,N/A,N/A,N/A,100.35384647220847,50.01000213623047,324.4137954711914,418.99664154052726,0.012217512412893433,0.0,0.012803104259511897,0.0,0.6211551052679807,0.6144469553307692,0.5649560057984396
uncertainty_fusion_attbias_a0p10_b1p0__pos_1p0_rot_8p0__xyz1__ryp8__seed28,1006,0.8727634194831014,0.12723658051689857,N/A,N/A,N/A,N/A,13.93348006269844,1.747342586517334,50.01000213623047,38.641011810302736,0.17052348898736167,0.1785714285714285,0.19066328906257732,0.19549911993965302,0.8011507239628369,0.7671957368863911,0.6306645462000557
uncertainty_fusion_attbias_a0p10_b1p0__pos_1p0_rot_8p0__xyz1__ryp8__seed42,1006,0.7922465208747514,0.20775347912524855,N/A,N/A,N/A,N/A,33.136618847164435,6.936941862106323,71.61250305175781,87.07528686523428,0.05456501794451465,0.0294117647058823,0.06156061974412758,0.0347826086956521,0.6647736740545314,0.6450271353582613,0.5781770839248037
uncertainty_fusion_attbias_a0p10_b1p0__pos_1p5_rot_14p0__xyz1p5__ryp14__seed20,1006,0.6053677932405567,0.3946322067594433,N/A,N/A,N/A,N/A,204.17965920651648,50.01000213623047,725.2867431640625,1019.1390869140627,0.007045010776425572,0.0,0.004873931830662896,0.0,0.6464962414510705,0.64013998858191,0.5834422363887045
uncertainty_fusion_attbias_a0p10_b1p0__pos_1p5_rot_14p0__xyz1p5__ryp14__seed28,1006,0.8508946322067594,0.14910536779324057,N/A,N/A,N/A,N/A,24.742195586290446,3.3144662380218506,89.07170867919922,99.897554397583,0.11367786870386797,0.1036721898790864,0.12919975283744145,0.125,0.7538801249040592,0.7146702295306527,0.5978060534209004
uncertainty_fusion_attbias_a0p10_b1p0__pos_1p5_rot_14p0__xyz1p5__ryp14__seed42,1006,0.6123260437375746,0.3876739562624254,N/A,N/A,N/A,N/A,76.08399403404856,50.01000213623047,285.2683868408203,414.7912216186524,0.014923283233287395,0.0,0.01398513830739937,0.0,0.6485326532101914,0.6389779378532455,0.5865337814142147
uncertainty_fusion_attbias_a0p10_b1p0__pos_1p5_rot_4p0__xyz1p5__ryp4__seed20,1006,0.8349900596421471,0.16500994035785288,N/A,N/A,N/A,N/A,131.87312304546202,24.6932315826416,746.9464263916016,783.5200042724609,0.017379469782729966,0.009090909090909,0.01742111234942764,0.0095238095238095,0.6237290209871066,0.6142534309840324,0.5661677899725537
uncertainty_fusion_attbias_a0p10_b1p0__pos_1p5_rot_4p0__xyz1p5__ryp4__seed28,1006,0.8508946322067594,0.14910536779324057,N/A,N/A,N/A,N/A,24.01114173532532,2.8819847106933594,93.98792076110838,99.23871612548828,0.15535046303447508,0.1555555555555555,0.17756875213596754,0.18469899665551837,0.7826467812450562,0.7631872549858973,0.6646571639207881
uncertainty_fusion_attbias_a0p10_b1p0__pos_1p5_rot_4p0__xyz1p5__ryp4__seed42,1006,0.614314115308151,0.38568588469184895,N/A,N/A,N/A,N/A,52.91928955004779,35.19118690490723,149.95502853393555,258.55417633056624,0.05173440358502345,0.0307692307692307,0.06244323848107208,0.0465116279069767,0.7152636174055619,0.6801657176149648,0.5869211766230154
uncertainty_fusion_attbias_a0p10_b1p0__pos_1p5_rot_8p0__xyz1p5__ryp8__seed20,1006,0.7584493041749503,0.24155069582504973,N/A,N/A,N/A,N/A,121.10879765973088,50.01000213623047,457.2688903808594,585.3700622558589,0.008599873988909943,0.0,0.008165701619114996,0.0,0.6193645826713949,0.6106954996994066,0.5613878238552238
uncertainty_fusion_attbias_a0p10_b1p0__pos_1p5_rot_8p0__xyz1p5__ryp8__seed28,1006,0.8578528827037774,0.14214711729622265,N/A,N/A,N/A,N/A,23.588600438909467,2.9198848009109497,83.10500144958496,93.60307769775389,0.13700543931664994,0.1346153846153846,0.15585964201316224,0.1545454545454545,0.7799773379477509,0.7519445133949815,0.6307621313529238
uncertainty_fusion_attbias_a0p10_b1p0__pos_1p5_rot_8p0__xyz1p5__ryp8__seed42,1006,0.610337972166998,0.38966202783300197,N/A,N/A,N/A,N/A,116.89168261582013,50.01000213623047,140.15330123901367,356.1437637329104,0.02875439568637886,0.0135135135135135,0.032453636538336154,0.01914270012822855,0.6652171070580722,0.644949684658038,0.5757501913764714
uncertainty_fusion_attbias_a0p10_b1p0__pos_2p0_rot_14p0__xyz2__ryp14__seed20,1006,0.5069582504970179,0.4930417495029821,N/A,N/A,N/A,N/A,251.60781766098015,50.01000213623047,1047.2559509277344,1885.376977539062,0.006195623154938648,0.0,0.004136951159067201,0.0,0.6393298324287583,0.632864782040789,0.5777650855926855
uncertainty_fusion_attbias_a0p10_b1p0__pos_2p0_rot_14p0__xyz2__ryp14__seed28,1006,0.8180914512922465,0.18190854870775353,N/A,N/A,N/A,N/A,34.726177160552226,6.582356929779053,139.16032028198242,158.3720962524414,0.0876954934928682,0.0751344086021505,0.10036609495652818,0.0930232558139534,0.7358274187690099,0.706045323417858,0.6030228924301245
uncertainty_fusion_attbias_a0p10_b1p0__pos_2p0_rot_14p0__xyz2__ryp14__seed42,1006,0.19681908548707752,0.8031809145129225,N/A,N/A,N/A,N/A,86.62473016731427,50.01000213623047,207.2407341003418,780.4509002685535,0.008690208358792412,0.0,0.006571859463521499,0.0,0.686214655860506,0.6790885472242023,0.6141549656228652
uncertainty_fusion_attbias_a0p10_b1p0__pos_2p0_rot_4p0__xyz2__ryp4__seed20,1006,0.7584493041749503,0.24155069582504973,N/A,N/A,N/A,N/A,132.17161933725208,50.01000213623047,689.2677001953125,730.170257568359,0.014996906883125537,0.0,0.01618915179165194,0.0,0.6266687742756154,0.6174584845015979,0.5681440052261044
uncertainty_fusion_attbias_a0p10_b1p0__pos_2p0_rot_4p0__xyz2__ryp4__seed28,1006,0.831013916500994,0.168986083499006,N/A,N/A,N/A,N/A,40.17591526145117,6.1299333572387695,162.36433029174805,182.85140228271487,0.13060645777399585,0.11305538648813145,0.14650382001373174,0.13383084577114424,0.7563132008968628,0.740171684207682,0.6437095148540996
uncertainty_fusion_attbias_a0p10_b1p0__pos_2p0_rot_4p0__xyz2__ryp4__seed42,1006,0.18986083499005965,0.8101391650099403,N/A,N/A,N/A,N/A,165.34069207300308,50.01000213623047,190.9299659729004,1031.9989624023438,0.013872199011648286,0.0,0.015118874517612077,0.0,0.7000221718839965,0.6855295103452721,0.6164721152791596
uncertainty_fusion_attbias_a0p10_b1p0__pos_2p0_rot_8p0__xyz2__ryp8__seed20,1006,0.6769383697813122,0.32306163021868783,N/A,N/A,N/A,N/A,135.29139537933037,50.01000213623047,547.4763793945312,679.1590576171875,0.00782313774750244,0.0,0.007901565747984602,0.0,0.6218638397161904,0.6140833496652922,0.5642487489310323
uncertainty_fusion_attbias_a0p10_b1p0__pos_2p0_rot_8p0__xyz2__ryp8__seed28,1006,0.8349900596421471,0.16500994035785288,N/A,N/A,N/A,N/A,38.424327687067716,6.094393491744995,167.63312530517578,182.7068618774412,0.11165312006296306,0.0967741935483871,0.1258171258199562,0.11242977528089884,0.7596529085911895,0.7366291187003156,0.6340784961214915
uncertainty_fusion_attbias_a0p10_b1p0__pos_2p0_rot_8p0__xyz2__ryp8__seed42,1006,0.20079522862823063,0.7992047713717694,N/A,N/A,N/A,N/A,130.24827931566574,50.01000213623047,193.57313919067383,999.0980041503902,0.013515452138652951,0.0,0.009837491085136665,0.0,0.6927713830840975,0.6814008401772983,0.6139540123107432
uncertainty_fusion_attbias_a0p10_b1p0__pos_only_0p2__xyz0p2__ryp0__seed20,1006,0.8956262425447317,0.10437375745526833,N/A,N/A,N/A,N/A,8.609704857901463,1.519823133945465,50.01000213623047,12.529291152954102,0.22222842746139118,0.2258064516129032,0.2413264731935392,0.2395833333333333,0.8657230260998884,0.8488942391856118,0.7525965056984781
uncertainty_fusion_attbias_a0p10_b1p0__pos_only_0p2__xyz0p2__ryp0__seed28,1006,0.8986083499005965,0.10139165009940354,N/A,N/A,N/A,N/A,8.536548510706469,1.2273282408714294,50.01000213623047,15.15196280479423,0.21794855333545074,0.23360215053763433,0.23687504541394533,0.2448979591836734,0.8596366228206166,0.8448727827001213,0.7490339556882425
uncertainty_fusion_attbias_a0p10_b1p0__pos_only_0p2__xyz0p2__ryp0__seed42,1006,0.889662027833002,0.11033797216699803,N/A,N/A,N/A,N/A,8.830442382600909,1.5418868660926819,50.01000213623047,12.319624614715572,0.2296465467441402,0.2389682024659312,0.250839689890213,0.2555555555555555,0.8644511506729423,0.8485823136508057,0.7495299186048133
uncertainty_fusion_attbias_a0p10_b1p0__pos_only_1p0__xyz1__ryp0__seed20,1006,0.8648111332007953,0.13518886679920472,N/A,N/A,N/A,N/A,14.630450358958926,2.563423275947571,50.01000213623047,33.208467292785606,0.16912514705115597,0.17124060150375936,0.18779023223538285,0.1888888888888888,0.8387594647214196,0.8193289211069841,0.7141611155945738
uncertainty_fusion_attbias_a0p10_b1p0__pos_only_1p0__xyz1__ryp0__seed28,1006,0.8737574552683897,0.12624254473161034,N/A,N/A,N/A,N/A,15.121506869532288,1.5833998918533325,50.37782955169678,57.85901222228977,0.1781994819756362,0.1962535014005602,0.1987125671995547,0.2073170731707317,0.8120138575534978,0.7942497274230677,0.7003826194091196
uncertainty_fusion_attbias_a0p10_b1p0__pos_only_1p0__xyz1__ryp0__seed42,1006,0.8111332007952287,0.18886679920477134,N/A,N/A,N/A,N/A,28.598438023806438,3.878854632377625,50.01000213623047,69.89791297912598,0.12134888550971877,0.1081081081081081,0.13826307150895445,0.125,0.8133553013369178,0.7947579603245809,0.6856061099162414
uncertainty_fusion_attbias_a0p10_b1p0__pos_only_2p0__xyz2__ryp0__seed20,1006,0.7534791252485089,0.2465208747514911,N/A,N/A,N/A,N/A,41.421895068977264,11.343296527862549,123.75873374938965,176.02798614501927,0.0845963970198723,0.0683374844333748,0.10059824586596323,0.0884214445271779,0.7766662876139963,0.7550823770682241,0.6530407946143986
uncertainty_fusion_attbias_a0p10_b1p0__pos_only_2p0__xyz2__ryp0__seed28,1006,0.8280318091451292,0.1719681908548708,N/A,N/A,N/A,N/A,41.36126520311584,6.060925722122192,147.4933319091797,172.7893646240234,0.13478844334783258,0.11948410123296554,0.15243944424912892,0.1454545454545454,0.7622554768384227,0.742180887149135,0.6572343245783527
uncertainty_fusion_attbias_a0p10_b1p0__pos_only_2p0__xyz2__ryp0__seed42,1006,0.20874751491053678,0.7912524850894632,N/A,N/A,N/A,N/A,124.94853665257143,50.01000213623047,243.74917602539062,1307.5116394042918,0.014241999040969266,0.0,0.017763470204180218,0.0,0.7095532889916496,0.6956951658962449,0.6208609123203891
uncertainty_fusion_attbias_a0p10_b1p0__rot_only_14p0__xyz0__ryp14__seed20,1006,0.7206759443339961,0.27932405566600393,N/A,N/A,N/A,N/A,252.1005075190579,50.01000213623047,533.8640289306641,605.6534057617184,0.009192412060479764,0.0,0.008385747616345085,0.0,0.6700098076811744,0.6596968052400556,0.6000378167819137
uncertainty_fusion_attbias_a0p10_b1p0__rot_only_14p0__xyz0__ryp14__seed28,1006,0.8946322067594433,0.10536779324055667,N/A,N/A,N/A,N/A,8.76333068433786,1.627765715122223,50.01000213623047,10.500293636322022,0.15731978198740582,0.15490579452541764,0.17255953519628184,0.1642230308219178,0.7951960361157185,0.6996591586443958,0.5520488763755498
uncertainty_fusion_attbias_a0p10_b1p0__rot_only_14p0__xyz0__ryp14__seed42,1006,0.8936381709741551,0.1063618290258449,N/A,N/A,N/A,N/A,19.054025789811675,4.815016984939575,56.04127311706543,65.50528564453121,0.04099289914019334,0.027027027027027,0.04437891948968356,0.032520325203252,0.6440802453045301,0.6235401237619861,0.5574403068251146
uncertainty_fusion_attbias_a0p10_b1p0__rot_only_4p0__xyz0__ryp4__seed20,1006,0.8876739562624254,0.1123260437375746,N/A,N/A,N/A,N/A,33.60786317355531,8.609549522399902,107.25610160827637,116.36609954833968,0.026124425921020916,0.0170215848181949,0.02746463919392484,0.0198019801980198,0.6350509750100098,0.6232981450505155,0.5616605252191087
uncertainty_fusion_attbias_a0p10_b1p0__rot_only_4p0__xyz0__ryp4__seed28,1006,0.9055666003976143,0.09443339960238573,N/A,N/A,N/A,N/A,7.299627640842885,1.2114229798316956,50.01000213623047,10.343669414520264,0.24141314704414274,0.25987012987012986,0.2612871326998916,0.2727272727272727,0.8577804228156416,0.8333492798829382,0.7033906677173213
uncertainty_fusion_attbias_a0p10_b1p0__rot_only_4p0__xyz0__ryp4__seed42,1006,0.8936381709741551,0.1063618290258449,N/A,N/A,N/A,N/A,8.88377636375601,1.7302761673927307,50.01000213623047,15.096167278289792,0.15242786647248482,0.1450381679389313,0.16677399465113074,0.1566265060240964,0.7778402178273641,0.7105862313256558,0.5660298005647184
uncertainty_fusion_attbias_a0p10_b1p0__rot_only_8p0__xyz0__ryp8__seed20,1006,0.8479125248508946,0.15208747514910537,N/A,N/A,N/A,N/A,106.6131007728976,39.31009864807129,305.3104248046875,366.4914245605466,0.013505920186666315,0.0,0.013503619139763244,0.0,0.6389981632834493,0.6302144910901635,0.572829688502428
uncertainty_fusion_attbias_a0p10_b1p0__rot_only_8p0__xyz0__ryp8__seed28,1006,0.8976143141153081,0.10238568588469188,N/A,N/A,N/A,N/A,8.005330094861383,1.366667926311493,50.01000213623047,9.50536422729492,0.20272573641719305,0.2131481481481481,0.22082124239713166,0.225,0.8422108021907243,0.7936484333279417,0.6170366012335067
uncertainty_fusion_attbias_a0p10_b1p0__rot_only_8p0__xyz0__ryp8__seed42,1006,0.8916500994035785,0.10834990059642147,N/A,N/A,N/A,N/A,181.16700477428518,2.686350107192993,50.01000213623047,27.800687789916964,0.07571076694317305,0.059322033898305,0.08200619278453178,0.0642201834862385,0.6833010642202078,0.6442580174780832,0.5598861030167007
uncertainty_fusion_attbias_a0p10_b2p0__clean__xyz0__ryp0__seed20,1006,0.9025844930417495,0.09741550695825052,N/A,N/A,N/A,N/A,8.526668458043789,1.2462151050567627,50.01000213623047,9.977220535278319,0.25842904920485127,0.27735042735042736,0.2803662904957382,0.2921747967479675,0.8696281880034638,0.8548046506867488,0.7570256633300216
uncertainty_fusion_attbias_a0p10_b2p0__clean__xyz0__ryp0__seed28,1006,0.9025844930417495,0.09741550695825052,N/A,N/A,N/A,N/A,8.58194795232276,1.2701415419578552,50.01000213623047,9.453762054443356,0.2588764955328792,0.27735042735042736,0.28080383314660495,0.2916666666666667,0.8696938412585797,0.8549267163793497,0.7576378139667
uncertainty_fusion_attbias_a0p10_b2p0__clean__xyz0__ryp0__seed42,1006,0.9025844930417495,0.09741550695825052,N/A,N/A,N/A,N/A,8.598790666419697,1.2798920273780823,50.01000213623047,9.609709930419918,0.25881884413452566,0.2756861365235749,0.28064018954679815,0.2926829268292683,0.8692505131627977,0.8543817168170942,0.7579218463432262
uncertainty_fusion_attbias_a0p10_b2p0__pos_0p2_rot_14p0__xyz0p2__ryp14__seed20,1006,0.7157057654075547,0.2842942345924453,N/A,N/A,N/A,N/A,185.75802191527595,50.01000213623047,576.2931518554688,670.8405822753905,0.008742743555554844,0.0,0.007216449013145448,0.0,0.6899639608194942,0.6809562772873703,0.6223106371125363
uncertainty_fusion_attbias_a0p10_b2p0__pos_0p2_rot_14p0__xyz0p2__ryp14__seed28,1006,0.8976143141153081,0.10238568588469188,N/A,N/A,N/A,N/A,9.460950010206188,1.5996497869491577,50.01000213623047,16.14930915832519,0.1517749690989014,0.14962686567164174,0.16468879430720854,0.1621621621621621,0.7962549290133759,0.7136963829818337,0.5706744698208199
uncertainty_fusion_attbias_a0p10_b2p0__pos_0p2_rot_14p0__xyz0p2__ryp14__seed42,1006,0.889662027833002,0.11033797216699803,N/A,N/A,N/A,N/A,20.50135556922459,5.388235807418823,64.80721092224121,70.32193984985352,0.04041920562569851,0.025370092254880898,0.043393973263967114,0.0267857142857142,0.6609955557252843,0.6430869323428674,0.5860350012940782
uncertainty_fusion_attbias_a0p10_b2p0__pos_0p2_rot_4p0__xyz0p2__ryp4__seed20,1006,0.8817097415506958,0.11829025844930419,N/A,N/A,N/A,N/A,35.51051463868106,8.693185806274414,110.84858322143555,120.55799331665011,0.024094505074173087,0.0175438596491228,0.02567294274096372,0.0188679245283018,0.6563307435106412,0.6469268232894857,0.5884706851565882
uncertainty_fusion_attbias_a0p10_b2p0__pos_0p2_rot_4p0__xyz0p2__ryp4__seed28,1006,0.8946322067594433,0.10536779324055667,N/A,N/A,N/A,N/A,10.041240417238196,1.1965232491493225,50.01000213623047,13.893716764450073,0.21311617132984123,0.2222222222222222,0.23257095401860647,0.2333333333333333,0.8592749990244407,0.8397053732443697,0.7057958589966713
uncertainty_fusion_attbias_a0p10_b2p0__pos_0p2_rot_4p0__xyz0p2__ryp4__seed42,1006,0.8886679920477137,0.11133200795228626,N/A,N/A,N/A,N/A,10.733438320490622,1.7852084040641785,50.01000213623047,24.859518623352,0.14281250628441045,0.1313131313131313,0.1561983973781309,0.13998593106220475,0.7787030086360823,0.7236686748708534,0.5872949383034303
uncertainty_fusion_attbias_a0p10_b2p0__pos_0p2_rot_8p0__xyz0p2__ryp8__seed20,1006,0.8369781312127237,0.16302186878727631,N/A,N/A,N/A,N/A,98.7447219007828,40.26516151428223,275.1055755615234,336.65109405517546,0.013892940081158375,0.0,0.013766260920146947,0.0,0.6573222351360687,0.6480456639562471,0.5931453757976012
uncertainty_fusion_attbias_a0p10_b2p0__pos_0p2_rot_8p0__xyz0p2__ryp8__seed28,1006,0.8936381709741551,0.1063618290258449,N/A,N/A,N/A,N/A,10.32247823434206,1.50249445438385,50.01000213623047,11.919540119171124,0.19269419745185293,0.19617005680776978,0.2102918034275199,0.2087912087912088,0.8448229143523529,0.79555131609883,0.6345756093925411
uncertainty_fusion_attbias_a0p10_b2p0__pos_0p2_rot_8p0__xyz0p2__ryp8__seed42,1006,0.8866799204771372,0.11332007952286283,N/A,N/A,N/A,N/A,12.242129951294615,2.657197952270508,50.01000213623047,31.307092285156227,0.07479223481504843,0.0564709008769598,0.08056525141570794,0.0602409638554216,0.6869286653786429,0.6590269163657058,0.5813093057692671
uncertainty_fusion_attbias_a0p10_b2p0__pos_0p5_rot_14p0__xyz0p5__ryp14__seed20,1006,0.709741550695825,0.290258449304175,N/A,N/A,N/A,N/A,224.20596876592333,52.613752365112305,636.0675659179688,725.9333099365235,0.00922437485662122,0.0,0.006801329562225657,0.0,0.6844105058636205,0.6769484657142418,0.6181180352509075
uncertainty_fusion_attbias_a0p10_b2p0__pos_0p5_rot_14p0__xyz0p5__ryp14__seed28,1006,0.8866799204771372,0.11332007952286283,N/A,N/A,N/A,N/A,10.002626130489753,1.5922647714614868,50.01000213623047,14.697958374023406,0.1477399730969238,0.1470588235294117,0.16212634482995375,0.1570838252656434,0.7985575477228088,0.7225368435394055,0.5747768278468999
uncertainty_fusion_attbias_a0p10_b2p0__pos_0p5_rot_14p0__xyz0p5__ryp14__seed42,1006,0.8697813121272365,0.13021868787276347,N/A,N/A,N/A,N/A,24.369912923833958,6.48225474357605,90.89377975463869,97.58619308471678,0.03485332234792857,0.0192307692307692,0.036984630890822226,0.021505376344086,0.6594613844346774,0.6495617486042318,0.5950206659383546
uncertainty_fusion_attbias_a0p10_b2p0__pos_0p5_rot_4p0__xyz0p5__ryp4__seed20,1006,0.8767395626242545,0.12326043737574555,N/A,N/A,N/A,N/A,60.342598906534455,10.227432250976562,152.2639274597168,168.8329895019531,0.022448028564295685,0.013891568589619901,0.02339915968387663,0.015625,0.6525032377870909,0.6422997450857176,0.5854650861094765
uncertainty_fusion_attbias_a0p10_b2p0__pos_0p5_rot_4p0__xyz0p5__ryp4__seed28,1006,0.8836978131212724,0.11630218687872762,N/A,N/A,N/A,N/A,11.876193274616782,1.3267438411712646,50.01000213623047,18.333867645263666,0.20618008903017782,0.21461949265687574,0.2267482139676503,0.2291666666666666,0.8424584478501871,0.8199520078058863,0.6956806602124784
uncertainty_fusion_attbias_a0p10_b2p0__pos_0p5_rot_4p0__xyz0p5__ryp4__seed42,1006,0.8757455268389662,0.12425447316103377,N/A,N/A,N/A,N/A,13.194564991961297,2.2087185382843018,50.01000213623047,27.845123291015625,0.12254210612718977,0.108893280632411,0.13473100293629522,0.1176470588235294,0.7650747054678364,0.7154676469162542,0.5971940266802538
uncertainty_fusion_attbias_a0p10_b2p0__pos_0p5_rot_8p0__xyz0p5__ryp8__seed20,1006,0.8230616302186878,0.17693836978131217,N/A,N/A,N/A,N/A,93.58910086148124,45.72732734680176,219.72844696044922,270.8479339599608,0.012495835051904642,0.0,0.012461745424680006,0.0,0.6554308180691332,0.6474618928998911,0.5934871520139838
uncertainty_fusion_attbias_a0p10_b2p0__pos_0p5_rot_8p0__xyz0p5__ryp8__seed28,1006,0.8886679920477137,0.11133200795228626,N/A,N/A,N/A,N/A,10.537271397045918,1.258888602256775,50.01000213623047,18.23618192672723,0.1919979827794982,0.19139602893643215,0.2096475396005746,0.2043010752688172,0.8272064258888183,0.7846071214512989,0.6309335408449886
uncertainty_fusion_attbias_a0p10_b2p0__pos_0p5_rot_8p0__xyz0p5__ryp8__seed42,1006,0.8717693836978131,0.1282306163021869,N/A,N/A,N/A,N/A,16.036771880992305,3.305405378341675,50.01000213623047,34.062677764892555,0.06604399379687323,0.0449438202247191,0.07286401310146697,0.050632911392405,0.6871767792682023,0.6629518510379547,0.595406274096585
uncertainty_fusion_attbias_a0p10_b2p0__pos_1p0_rot_14p0__xyz1__ryp14__seed20,1006,0.6709741550695825,0.32902584493041753,N/A,N/A,N/A,N/A,216.86078069935263,50.01000213623047,767.0742340087891,943.0879272460935,0.007550588871566411,0.0,0.0058174011510400015,0.0,0.6735194008811016,0.6666205734999018,0.607902407335298
uncertainty_fusion_attbias_a0p10_b2p0__pos_1p0_rot_14p0__xyz1__ryp14__seed28,1006,0.8777335984095428,0.12226640159045721,N/A,N/A,N/A,N/A,15.892731116797735,1.866493940353393,50.01000213623047,40.034619522094715,0.14692365607069854,0.13537750626566408,0.16211011283435128,0.1492537313432835,0.776596347762467,0.7281889823038669,0.5991464811812485
uncertainty_fusion_attbias_a0p10_b2p0__pos_1p0_rot_14p0__xyz1__ryp14__seed42,1006,0.7733598409542743,0.22664015904572565,N/A,N/A,N/A,N/A,37.748002347723634,12.570765018463135,131.31683349609375,162.61166687011712,0.026977046549581565,0.011237373737373699,0.02636923153525003,0.0128205128205128,0.6530701354224827,0.6441273276469713,0.5943491283621282
uncertainty_fusion_attbias_a0p10_b2p0__pos_1p0_rot_4p0__xyz1__ryp4__seed20,1006,0.8677932405566601,0.13220675944333993,N/A,N/A,N/A,N/A,90.53767745747479,13.861281871795654,688.7333984375,720.9392456054683,0.018620429488424493,0.00956959706959705,0.01943072857615756,0.010204081632653,0.6480090408187458,0.6395605465676183,0.5881083529438877
uncertainty_fusion_attbias_a0p10_b2p0__pos_1p0_rot_4p0__xyz1__ryp4__seed28,1006,0.882703777335984,0.11729622266401596,N/A,N/A,N/A,N/A,12.179189126957906,1.6367548108100891,50.01000213623047,35.40960445404052,0.18163063398438375,0.1875,0.20117151377663775,0.203125,0.8186404941172486,0.7968799104933882,0.6868684939722044
uncertainty_fusion_attbias_a0p10_b2p0__pos_1p0_rot_4p0__xyz1__ryp4__seed42,1006,0.8081510934393639,0.19184890656063613,N/A,N/A,N/A,N/A,25.23872331100013,5.376819610595703,60.760727882385254,75.57614593505858,0.08801883053024141,0.06988372093023255,0.10055714459993605,0.0821917808219178,0.7440997367620843,0.6994975627931054,0.5968739387517309
uncertainty_fusion_attbias_a0p10_b2p0__pos_1p0_rot_8p0__xyz1__ryp8__seed20,1006,0.7952286282306164,0.20477137176938365,N/A,N/A,N/A,N/A,100.35384647220847,50.01000213623047,324.4137954711914,418.99664154052726,0.012217512412893433,0.0,0.012803104259511897,0.0,0.6502250631580995,0.6438605335359189,0.593435911594833
uncertainty_fusion_attbias_a0p10_b2p0__pos_1p0_rot_8p0__xyz1__ryp8__seed28,1006,0.8727634194831014,0.12723658051689857,N/A,N/A,N/A,N/A,13.93348006269844,1.747342586517334,50.01000213623047,38.641011810302736,0.17052348898736167,0.1785714285714285,0.19066328906257732,0.19549911993965302,0.8037504644706004,0.7738269281584496,0.6397285342109068
uncertainty_fusion_attbias_a0p10_b2p0__pos_1p0_rot_8p0__xyz1__ryp8__seed42,1006,0.7922465208747514,0.20775347912524855,N/A,N/A,N/A,N/A,33.136618847164435,6.936941862106323,71.61250305175781,87.07528686523428,0.05456501794451465,0.0294117647058823,0.06156061974412758,0.0347826086956521,0.6789313244596958,0.6611884574366133,0.5934012974774728
uncertainty_fusion_attbias_a0p10_b2p0__pos_1p5_rot_14p0__xyz1p5__ryp14__seed20,1006,0.6053677932405567,0.3946322067594433,N/A,N/A,N/A,N/A,204.17965920651648,50.01000213623047,725.2867431640625,1019.1390869140627,0.007045010776425572,0.0,0.004873931830662896,0.0,0.6760572116969084,0.6689778090339247,0.6098217080158831
uncertainty_fusion_attbias_a0p10_b2p0__pos_1p5_rot_14p0__xyz1p5__ryp14__seed28,1006,0.8508946322067594,0.14910536779324057,N/A,N/A,N/A,N/A,24.742195586290446,3.3144662380218506,89.07170867919922,99.897554397583,0.11367786870386797,0.1036721898790864,0.12919975283744145,0.125,0.7619538226794277,0.7246738504694945,0.6139305345133141
uncertainty_fusion_attbias_a0p10_b2p0__pos_1p5_rot_14p0__xyz1p5__ryp14__seed42,1006,0.6123260437375746,0.3876739562624254,N/A,N/A,N/A,N/A,76.08399403404856,50.01000213623047,285.2683868408203,414.7912216186524,0.014923283233287395,0.0,0.01398513830739937,0.0,0.6680756074601367,0.6600860604308447,0.6033652250395644
uncertainty_fusion_attbias_a0p10_b2p0__pos_1p5_rot_4p0__xyz1p5__ryp4__seed20,1006,0.8349900596421471,0.16500994035785288,N/A,N/A,N/A,N/A,131.87312304546202,24.6932315826416,746.9464263916016,783.5200042724609,0.017379469782729966,0.009090909090909,0.01742111234942764,0.0095238095238095,0.6465534624613718,0.6376353807474378,0.5896314667529277
uncertainty_fusion_attbias_a0p10_b2p0__pos_1p5_rot_4p0__xyz1p5__ryp4__seed28,1006,0.8508946322067594,0.14910536779324057,N/A,N/A,N/A,N/A,24.01114173532532,2.8819847106933594,93.98792076110838,99.23871612548828,0.15535046303447508,0.1555555555555555,0.17756875213596754,0.18469899665551837,0.7878638850237837,0.772235425984032,0.6752997725788649
uncertainty_fusion_attbias_a0p10_b2p0__pos_1p5_rot_4p0__xyz1p5__ryp4__seed42,1006,0.614314115308151,0.38568588469184895,N/A,N/A,N/A,N/A,52.91928955004779,35.19118690490723,149.95502853393555,258.55417633056624,0.05173440358502345,0.0307692307692307,0.06244323848107208,0.0465116279069767,0.7217637861529606,0.6897736481949935,0.5995910392993004
uncertainty_fusion_attbias_a0p10_b2p0__pos_1p5_rot_8p0__xyz1p5__ryp8__seed20,1006,0.7584493041749503,0.24155069582504973,N/A,N/A,N/A,N/A,121.10879765973088,50.01000213623047,457.2688903808594,585.3700622558589,0.008599873988909943,0.0,0.008165701619114996,0.0,0.6493440106101156,0.641089222253498,0.5898633746439091
uncertainty_fusion_attbias_a0p10_b2p0__pos_1p5_rot_8p0__xyz1p5__ryp8__seed28,1006,0.8578528827037774,0.14214711729622265,N/A,N/A,N/A,N/A,23.588600438909467,2.9198848009109497,83.10500144958496,93.60307769775389,0.13700543931664994,0.1346153846153846,0.15585964201316224,0.1545454545454545,0.784640800175184,0.7611435222178738,0.6430098364255865
uncertainty_fusion_attbias_a0p10_b2p0__pos_1p5_rot_8p0__xyz1p5__ryp8__seed42,1006,0.610337972166998,0.38966202783300197,N/A,N/A,N/A,N/A,116.89168261582013,50.01000213623047,140.15330123901367,356.1437637329104,0.02875439568637886,0.0135135135135135,0.032453636538336154,0.01914270012822855,0.6794779079464289,0.6612116409276069,0.5921156641954473
uncertainty_fusion_attbias_a0p10_b2p0__pos_2p0_rot_14p0__xyz2__ryp14__seed20,1006,0.5069582504970179,0.4930417495029821,N/A,N/A,N/A,N/A,251.60781766098015,50.01000213623047,1047.2559509277344,1885.376977539062,0.006195623154938648,0.0,0.004136951159067201,0.0,0.6679647167760477,0.6609327075161034,0.6030770047992778
uncertainty_fusion_attbias_a0p10_b2p0__pos_2p0_rot_14p0__xyz2__ryp14__seed28,1006,0.8180914512922465,0.18190854870775353,N/A,N/A,N/A,N/A,34.726177160552226,6.582356929779053,139.16032028198242,158.3720962524414,0.0876954934928682,0.0751344086021505,0.10036609495652818,0.0930232558139534,0.7455716411202057,0.719414125615006,0.6193188200449184
uncertainty_fusion_attbias_a0p10_b2p0__pos_2p0_rot_14p0__xyz2__ryp14__seed42,1006,0.19681908548707752,0.8031809145129225,N/A,N/A,N/A,N/A,86.62473016731427,50.01000213623047,207.2407341003418,780.4509002685535,0.008690208358792412,0.0,0.006571859463521499,0.0,0.6981884737798311,0.6910031719337024,0.625146900206777
uncertainty_fusion_attbias_a0p10_b2p0__pos_2p0_rot_4p0__xyz2__ryp4__seed20,1006,0.7584493041749503,0.24155069582504973,N/A,N/A,N/A,N/A,132.17161933725208,50.01000213623047,689.2677001953125,730.170257568359,0.014996906883125537,0.0,0.01618915179165194,0.0,0.6527629490775437,0.6442800791066371,0.5939938430294789
uncertainty_fusion_attbias_a0p10_b2p0__pos_2p0_rot_4p0__xyz2__ryp4__seed28,1006,0.831013916500994,0.168986083499006,N/A,N/A,N/A,N/A,40.17591526145117,6.1299333572387695,162.36433029174805,182.85140228271487,0.13060645777399585,0.11305538648813145,0.14650382001373174,0.13383084577114424,0.7638481641263082,0.7489383986241237,0.656906199054395
uncertainty_fusion_attbias_a0p10_b2p0__pos_2p0_rot_4p0__xyz2__ryp4__seed42,1006,0.18986083499005965,0.8101391650099403,N/A,N/A,N/A,N/A,165.34069207300308,50.01000213623047,190.9299659729004,1031.9989624023438,0.013872199011648286,0.0,0.015118874517612077,0.0,0.7062353642560493,0.6927885536533468,0.623280753425515
uncertainty_fusion_attbias_a0p10_b2p0__pos_2p0_rot_8p0__xyz2__ryp8__seed20,1006,0.6769383697813122,0.32306163021868783,N/A,N/A,N/A,N/A,135.29139537933037,50.01000213623047,547.4763793945312,679.1590576171875,0.00782313774750244,0.0,0.007901565747984602,0.0,0.6514376233074362,0.6441673019326782,0.5930312096143543
uncertainty_fusion_attbias_a0p10_b2p0__pos_2p0_rot_8p0__xyz2__ryp8__seed28,1006,0.8349900596421471,0.16500994035785288,N/A,N/A,N/A,N/A,38.424327687067716,6.094393491744995,167.63312530517578,182.7068618774412,0.11165312006296306,0.0967741935483871,0.1258171258199562,0.11242977528089884,0.7642013324728245,0.7433826267882546,0.6459219003558375
uncertainty_fusion_attbias_a0p10_b2p0__pos_2p0_rot_8p0__xyz2__ryp8__seed42,1006,0.20079522862823063,0.7992047713717694,N/A,N/A,N/A,N/A,130.24827931566574,50.01000213623047,193.57313919067383,999.0980041503902,0.013515452138652951,0.0,0.009837491085136665,0.0,0.7012458032785265,0.6918064558418555,0.6233250225664956
uncertainty_fusion_attbias_a0p10_b2p0__pos_only_0p2__xyz0p2__ryp0__seed20,1006,0.8956262425447317,0.10437375745526833,N/A,N/A,N/A,N/A,8.609704857901463,1.519823133945465,50.01000213623047,12.529291152954102,0.22222842746139118,0.2258064516129032,0.2413264731935392,0.2395833333333333,0.8673410387358149,0.8508805093484285,0.757517799083043
uncertainty_fusion_attbias_a0p10_b2p0__pos_only_0p2__xyz0p2__ryp0__seed28,1006,0.8986083499005965,0.10139165009940354,N/A,N/A,N/A,N/A,8.536548510706469,1.2273282408714294,50.01000213623047,15.15196280479423,0.21794855333545074,0.23360215053763433,0.23687504541394533,0.2448979591836734,0.8598917330008903,0.8464128952639354,0.7548004553673429
uncertainty_fusion_attbias_a0p10_b2p0__pos_only_0p2__xyz0p2__ryp0__seed42,1006,0.889662027833002,0.11033797216699803,N/A,N/A,N/A,N/A,8.830442382600909,1.5418868660926819,50.01000213623047,12.319624614715572,0.2296465467441402,0.2389682024659312,0.250839689890213,0.2555555555555555,0.8649443751984482,0.849831884453304,0.7550465775851919
uncertainty_fusion_attbias_a0p10_b2p0__pos_only_1p0__xyz1__ryp0__seed20,1006,0.8648111332007953,0.13518886679920472,N/A,N/A,N/A,N/A,14.630450358958926,2.563423275947571,50.01000213623047,33.208467292785606,0.16912514705115597,0.17124060150375936,0.18779023223538285,0.1888888888888888,0.8392419539535596,0.8224316505451413,0.7214045695204291
uncertainty_fusion_attbias_a0p10_b2p0__pos_only_1p0__xyz1__ryp0__seed28,1006,0.8737574552683897,0.12624254473161034,N/A,N/A,N/A,N/A,15.121506869532288,1.5833998918533325,50.37782955169678,57.85901222228977,0.1781994819756362,0.1962535014005602,0.1987125671995547,0.2073170731707317,0.8143699981214572,0.7994184467688391,0.7088744676475068
uncertainty_fusion_attbias_a0p10_b2p0__pos_only_1p0__xyz1__ryp0__seed42,1006,0.8111332007952287,0.18886679920477134,N/A,N/A,N/A,N/A,28.598438023806438,3.878854632377625,50.01000213623047,69.89791297912598,0.12134888550971877,0.1081081081081081,0.13826307150895445,0.125,0.8172001593769056,0.7992957945705583,0.6945722105451225
uncertainty_fusion_attbias_a0p10_b2p0__pos_only_2p0__xyz2__ryp0__seed20,1006,0.7534791252485089,0.2465208747514911,N/A,N/A,N/A,N/A,41.421895068977264,11.343296527862549,123.75873374938965,176.02798614501927,0.0845963970198723,0.0683374844333748,0.10059824586596323,0.0884214445271779,0.785482308940758,0.7674081499475597,0.6672460462055965
uncertainty_fusion_attbias_a0p10_b2p0__pos_only_2p0__xyz2__ryp0__seed28,1006,0.8280318091451292,0.1719681908548708,N/A,N/A,N/A,N/A,41.36126520311584,6.060925722122192,147.4933319091797,172.7893646240234,0.13478844334783258,0.11948410123296554,0.15243944424912892,0.1454545454545454,0.7673200263896693,0.7511717520951912,0.6690881610965995
uncertainty_fusion_attbias_a0p10_b2p0__pos_only_2p0__xyz2__ryp0__seed42,1006,0.20874751491053678,0.7912524850894632,N/A,N/A,N/A,N/A,124.94853665257143,50.01000213623047,243.74917602539062,1307.5116394042918,0.014241999040969266,0.0,0.017763470204180218,0.0,0.715377009321629,0.7021670609498518,0.6289528165929221
uncertainty_fusion_attbias_a0p10_b2p0__rot_only_14p0__xyz0__ryp14__seed20,1006,0.7206759443339961,0.27932405566600393,N/A,N/A,N/A,N/A,252.1005075190579,50.01000213623047,533.8640289306641,605.6534057617184,0.009192412060479764,0.0,0.008385747616345085,0.0,0.6921950123249485,0.6827792240070814,0.6236922233972944
uncertainty_fusion_attbias_a0p10_b2p0__rot_only_14p0__xyz0__ryp14__seed28,1006,0.8946322067594433,0.10536779324055667,N/A,N/A,N/A,N/A,8.76333068433786,1.627765715122223,50.01000213623047,10.500293636322022,0.15731978198740582,0.15490579452541764,0.17255953519628184,0.1642230308219178,0.7984848170992209,0.70727422743407,0.5627620986284622
uncertainty_fusion_attbias_a0p10_b2p0__rot_only_14p0__xyz0__ryp14__seed42,1006,0.8936381709741551,0.1063618290258449,N/A,N/A,N/A,N/A,19.054025789811675,4.815016984939575,56.04127311706543,65.50528564453121,0.04099289914019334,0.027027027027027,0.04437891948968356,0.032520325203252,0.6602374204034611,0.6411342669148413,0.5765345638381631
uncertainty_fusion_attbias_a0p10_b2p0__rot_only_4p0__xyz0__ryp4__seed20,1006,0.8876739562624254,0.1123260437375746,N/A,N/A,N/A,N/A,33.60786317355531,8.609549522399902,107.25610160827637,116.36609954833968,0.026124425921020916,0.0170215848181949,0.02746463919392484,0.0198019801980198,0.6521752032377283,0.642459133424137,0.5831013688866629
uncertainty_fusion_attbias_a0p10_b2p0__rot_only_4p0__xyz0__ryp4__seed28,1006,0.9055666003976143,0.09443339960238573,N/A,N/A,N/A,N/A,7.299627640842885,1.2114229798316956,50.01000213623047,10.343669414520264,0.24141314704414274,0.25987012987012986,0.2612871326998916,0.2727272727272727,0.8590366349530897,0.8359396137879269,0.7091442185746032
uncertainty_fusion_attbias_a0p10_b2p0__rot_only_4p0__xyz0__ryp4__seed42,1006,0.8936381709741551,0.1063618290258449,N/A,N/A,N/A,N/A,8.88377636375601,1.7302761673927307,50.01000213623047,15.096167278289792,0.15242786647248482,0.1450381679389313,0.16677399465113074,0.1566265060240964,0.7809493774136196,0.7173590089334372,0.5760721888189174
uncertainty_fusion_attbias_a0p10_b2p0__rot_only_8p0__xyz0__ryp8__seed20,1006,0.8479125248508946,0.15208747514910537,N/A,N/A,N/A,N/A,106.6131007728976,39.31009864807129,305.3104248046875,366.4914245605466,0.013505920186666315,0.0,0.013503619139763244,0.0,0.6611033114215344,0.6540139307469007,0.5953399071068983
uncertainty_fusion_attbias_a0p10_b2p0__rot_only_8p0__xyz0__ryp8__seed28,1006,0.8976143141153081,0.10238568588469188,N/A,N/A,N/A,N/A,8.005330094861383,1.366667926311493,50.01000213623047,9.50536422729492,0.20272573641719305,0.2131481481481481,0.22082124239713166,0.225,0.8428941576836307,0.7961501963331091,0.6260619658439602
uncertainty_fusion_attbias_a0p10_b2p0__rot_only_8p0__xyz0__ryp8__seed42,1006,0.8916500994035785,0.10834990059642147,N/A,N/A,N/A,N/A,181.16700477428518,2.686350107192993,50.01000213623047,27.800687789916964,0.07571076694317305,0.059322033898305,0.08200619278453178,0.0642201834862385,0.6905120404895102,0.6551651856338669,0.5749566605273895
uncertainty_fusion_attbias_a0p20_b0p5__clean__xyz0__ryp0__seed20,1006,0.9025844930417495,0.09741550695825052,N/A,N/A,N/A,N/A,8.531020747112558,1.2625359892845154,50.01000213623047,10.134770965576172,0.25914812382466373,0.27639257294429703,0.2810215823322108,0.2918510324483776,0.8711944464409103,0.854577881081264,0.7563474783798803
uncertainty_fusion_attbias_a0p20_b0p5__clean__xyz0__ryp0__seed28,1006,0.9025844930417495,0.09741550695825052,N/A,N/A,N/A,N/A,8.557561953493098,1.2562817931175232,50.01000213623047,9.800544452667232,0.2582972457694539,0.2756861365235749,0.2801536949754287,0.2916666666666667,0.8709504748522481,0.8546687937356235,0.7536071136397755
uncertainty_fusion_attbias_a0p20_b0p5__clean__xyz0__ryp0__seed42,1006,0.9025844930417495,0.09741550695825052,N/A,N/A,N/A,N/A,8.595457564703157,1.2494964599609375,50.01000213623047,9.977220535278319,0.258495761628284,0.27735042735042736,0.2805776481765881,0.2925678785089737,0.8710777686056753,0.8549519480343496,0.7558169592648449
uncertainty_fusion_attbias_a0p20_b0p5__pos_0p2_rot_14p0__xyz0p2__ryp14__seed20,1006,0.7157057654075547,0.2842942345924453,N/A,N/A,N/A,N/A,185.75802191527595,50.01000213623047,576.2931518554688,670.8405822753905,0.008742743555554844,0.0,0.007216449013145448,0.0,0.665110088760561,0.6548940631406509,0.5985708124397631
uncertainty_fusion_attbias_a0p20_b0p5__pos_0p2_rot_14p0__xyz0p2__ryp14__seed28,1006,0.8976143141153081,0.10238568588469188,N/A,N/A,N/A,N/A,9.460950010206188,1.5996497869491577,50.01000213623047,16.14930915832519,0.1517749690989014,0.14962686567164174,0.16468879430720854,0.1621621621621621,0.7932220026482527,0.7073816003356452,0.558869985480258
uncertainty_fusion_attbias_a0p20_b0p5__pos_0p2_rot_14p0__xyz0p2__ryp14__seed42,1006,0.889662027833002,0.11033797216699803,N/A,N/A,N/A,N/A,20.50135556922459,5.388235807418823,64.80721092224121,70.32193984985352,0.04041920562569851,0.025370092254880898,0.043393973263967114,0.0267857142857142,0.6445078602965862,0.6245005506116549,0.566434948883392
uncertainty_fusion_attbias_a0p20_b0p5__pos_0p2_rot_4p0__xyz0p2__ryp4__seed20,1006,0.8817097415506958,0.11829025844930419,N/A,N/A,N/A,N/A,35.51051463868106,8.693185806274414,110.84858322143555,120.55799331665011,0.024094505074173087,0.0175438596491228,0.02567294274096372,0.0188679245283018,0.6354681984849595,0.6246219288029194,0.5655272458543732
uncertainty_fusion_attbias_a0p20_b0p5__pos_0p2_rot_4p0__xyz0p2__ryp4__seed28,1006,0.8946322067594433,0.10536779324055667,N/A,N/A,N/A,N/A,10.041240417238196,1.1965232491493225,50.01000213623047,13.893716764450073,0.21311617132984123,0.2222222222222222,0.23257095401860647,0.2333333333333333,0.8599569569894469,0.8364722211100749,0.6992395100360319
uncertainty_fusion_attbias_a0p20_b0p5__pos_0p2_rot_4p0__xyz0p2__ryp4__seed42,1006,0.8886679920477137,0.11133200795228626,N/A,N/A,N/A,N/A,10.733438320490622,1.7852084040641785,50.01000213623047,24.859518623352,0.14281250628441045,0.1313131313131313,0.1561983973781309,0.13998593106220475,0.780277261293315,0.7213516245126067,0.5783553222480176
uncertainty_fusion_attbias_a0p20_b0p5__pos_0p2_rot_8p0__xyz0p2__ryp8__seed20,1006,0.8369781312127237,0.16302186878727631,N/A,N/A,N/A,N/A,98.7447219007828,40.26516151428223,275.1055755615234,336.65109405517546,0.013892940081158375,0.0,0.013766260920146947,0.0,0.6319824910084243,0.6223754581927846,0.570671346458891
uncertainty_fusion_attbias_a0p20_b0p5__pos_0p2_rot_8p0__xyz0p2__ryp8__seed28,1006,0.8936381709741551,0.1063618290258449,N/A,N/A,N/A,N/A,10.32247823434206,1.50249445438385,50.01000213623047,11.919540119171124,0.19269419745185293,0.19617005680776978,0.2102918034275199,0.2087912087912088,0.844675139239573,0.7913310201843653,0.6234923377595035
uncertainty_fusion_attbias_a0p20_b0p5__pos_0p2_rot_8p0__xyz0p2__ryp8__seed42,1006,0.8866799204771372,0.11332007952286283,N/A,N/A,N/A,N/A,12.242129951294615,2.657197952270508,50.01000213623047,31.307092285156227,0.07479223481504843,0.0564709008769598,0.08056525141570794,0.0602409638554216,0.6773962955783063,0.6464072919603809,0.5672946343894715
uncertainty_fusion_attbias_a0p20_b0p5__pos_0p5_rot_14p0__xyz0p5__ryp14__seed20,1006,0.709741550695825,0.290258449304175,N/A,N/A,N/A,N/A,224.20596876592333,52.613752365112305,636.0675659179688,725.9333099365235,0.00922437485662122,0.0,0.006801329562225657,0.0,0.6549671419360825,0.6475422424070235,0.5939790184618894
uncertainty_fusion_attbias_a0p20_b0p5__pos_0p5_rot_14p0__xyz0p5__ryp14__seed28,1006,0.8866799204771372,0.11332007952286283,N/A,N/A,N/A,N/A,10.002626130489753,1.5922647714614868,50.01000213623047,14.697958374023406,0.1477399730969238,0.1470588235294117,0.16212634482995375,0.1570838252656434,0.7947694208461359,0.7136506866161505,0.5659351755797475
uncertainty_fusion_attbias_a0p20_b0p5__pos_0p5_rot_14p0__xyz0p5__ryp14__seed42,1006,0.8697813121272365,0.13021868787276347,N/A,N/A,N/A,N/A,24.369912923833958,6.48225474357605,90.89377975463869,97.58619308471678,0.03485332234792857,0.0192307692307692,0.036984630890822226,0.021505376344086,0.6414073669847055,0.6301507336526966,0.5767457818983149
uncertainty_fusion_attbias_a0p20_b0p5__pos_0p5_rot_4p0__xyz0p5__ryp4__seed20,1006,0.8767395626242545,0.12326043737574555,N/A,N/A,N/A,N/A,60.342598906534455,10.227432250976562,152.2639274597168,168.8329895019531,0.022448028564295685,0.013891568589619901,0.02339915968387663,0.015625,0.6337020735164914,0.6216020187555358,0.565325072036171
uncertainty_fusion_attbias_a0p20_b0p5__pos_0p5_rot_4p0__xyz0p5__ryp4__seed28,1006,0.8836978131212724,0.11630218687872762,N/A,N/A,N/A,N/A,11.876193274616782,1.3267438411712646,50.01000213623047,18.333867645263666,0.20618008903017782,0.21461949265687574,0.2267482139676503,0.2291666666666666,0.8429836708856382,0.8186792213557198,0.692059840271567
uncertainty_fusion_attbias_a0p20_b0p5__pos_0p5_rot_4p0__xyz0p5__ryp4__seed42,1006,0.8757455268389662,0.12425447316103377,N/A,N/A,N/A,N/A,13.194564991961297,2.2087185382843018,50.01000213623047,27.845123291015625,0.12254210612718977,0.108893280632411,0.13473100293629522,0.1176470588235294,0.7629581563155976,0.7092146395548284,0.5868471755342306
uncertainty_fusion_attbias_a0p20_b0p5__pos_0p5_rot_8p0__xyz0p5__ryp8__seed20,1006,0.8230616302186878,0.17693836978131217,N/A,N/A,N/A,N/A,93.58910086148124,45.72732734680176,219.72844696044922,270.8479339599608,0.012495835051904642,0.0,0.012461745424680006,0.0,0.6259238190455773,0.6179768002745107,0.5689284538484276
uncertainty_fusion_attbias_a0p20_b0p5__pos_0p5_rot_8p0__xyz0p5__ryp8__seed28,1006,0.8886679920477137,0.11133200795228626,N/A,N/A,N/A,N/A,10.537271397045918,1.258888602256775,50.01000213623047,18.23618192672723,0.1919979827794982,0.19139602893643215,0.2096475396005746,0.2043010752688172,0.8233564388720004,0.7790646273897015,0.6224704932994057
uncertainty_fusion_attbias_a0p20_b0p5__pos_0p5_rot_8p0__xyz0p5__ryp8__seed42,1006,0.8717693836978131,0.1282306163021869,N/A,N/A,N/A,N/A,16.036771880992305,3.305405378341675,50.01000213623047,34.062677764892555,0.06604399379687323,0.0449438202247191,0.07286401310146697,0.050632911392405,0.6751761241632523,0.6494573594601303,0.5809124454208644
uncertainty_fusion_attbias_a0p20_b0p5__pos_1p0_rot_14p0__xyz1__ryp14__seed20,1006,0.6709741550695825,0.32902584493041753,N/A,N/A,N/A,N/A,216.86078069935263,50.01000213623047,767.0742340087891,943.0879272460935,0.007550588871566411,0.0,0.0058174011510400015,0.0,0.643460094191504,0.6358570767687768,0.5834913601835447
uncertainty_fusion_attbias_a0p20_b0p5__pos_1p0_rot_14p0__xyz1__ryp14__seed28,1006,0.8777335984095428,0.12226640159045721,N/A,N/A,N/A,N/A,15.892731116797735,1.866493940353393,50.01000213623047,40.034619522094715,0.14692365607069854,0.13537750626566408,0.16211011283435128,0.1492537313432835,0.7696086788615948,0.7169330003719067,0.5852121938756395
uncertainty_fusion_attbias_a0p20_b0p5__pos_1p0_rot_14p0__xyz1__ryp14__seed42,1006,0.7733598409542743,0.22664015904572565,N/A,N/A,N/A,N/A,37.748002347723634,12.570765018463135,131.31683349609375,162.61166687011712,0.026977046549581565,0.011237373737373699,0.02636923153525003,0.0128205128205128,0.631367696082305,0.621494103379513,0.5725088669739473
uncertainty_fusion_attbias_a0p20_b0p5__pos_1p0_rot_4p0__xyz1__ryp4__seed20,1006,0.8677932405566601,0.13220675944333993,N/A,N/A,N/A,N/A,90.53767745747479,13.861281871795654,688.7333984375,720.9392456054683,0.018620429488424493,0.00956959706959705,0.01943072857615756,0.010204081632653,0.6235840764629854,0.6140396302022444,0.5647072630984016
uncertainty_fusion_attbias_a0p20_b0p5__pos_1p0_rot_4p0__xyz1__ryp4__seed28,1006,0.882703777335984,0.11729622266401596,N/A,N/A,N/A,N/A,12.179189126957906,1.6367548108100891,50.01000213623047,35.40960445404052,0.18163063398438375,0.1875,0.20117151377663775,0.203125,0.8177513455240693,0.7931085075097439,0.6802792965880906
uncertainty_fusion_attbias_a0p20_b0p5__pos_1p0_rot_4p0__xyz1__ryp4__seed42,1006,0.8081510934393639,0.19184890656063613,N/A,N/A,N/A,N/A,25.23872331100013,5.376819610595703,60.760727882385254,75.57614593505858,0.08801883053024141,0.06988372093023255,0.10055714459993605,0.0821917808219178,0.7390978004008715,0.6925804317352686,0.5850491082356034
uncertainty_fusion_attbias_a0p20_b0p5__pos_1p0_rot_8p0__xyz1__ryp8__seed20,1006,0.7952286282306164,0.20477137176938365,N/A,N/A,N/A,N/A,100.35384647220847,50.01000213623047,324.4137954711914,418.99664154052726,0.012217512412893433,0.0,0.012803104259511897,0.0,0.6193180127267051,0.6126178672539492,0.5628140963284758
uncertainty_fusion_attbias_a0p20_b0p5__pos_1p0_rot_8p0__xyz1__ryp8__seed28,1006,0.8727634194831014,0.12723658051689857,N/A,N/A,N/A,N/A,13.93348006269844,1.747342586517334,50.01000213623047,38.641011810302736,0.17052348898736167,0.1785714285714285,0.19066328906257732,0.19549911993965302,0.8010048907417368,0.7672532885401742,0.6314240146608157
uncertainty_fusion_attbias_a0p20_b0p5__pos_1p0_rot_8p0__xyz1__ryp8__seed42,1006,0.7922465208747514,0.20775347912524855,N/A,N/A,N/A,N/A,33.136618847164435,6.936941862106323,71.61250305175781,87.07528686523428,0.05456501794451465,0.0294117647058823,0.06156061974412758,0.0347826086956521,0.6645111810208393,0.645179963924635,0.5786513100434666
uncertainty_fusion_attbias_a0p20_b0p5__pos_1p5_rot_14p0__xyz1p5__ryp14__seed20,1006,0.6053677932405567,0.3946322067594433,N/A,N/A,N/A,N/A,204.17965920651648,50.01000213623047,725.2867431640625,1019.1390869140627,0.007045010776425572,0.0,0.004873931830662896,0.0,0.6405356252570404,0.6345130155301494,0.5806221847796191
uncertainty_fusion_attbias_a0p20_b0p5__pos_1p5_rot_14p0__xyz1p5__ryp14__seed28,1006,0.8508946322067594,0.14910536779324057,N/A,N/A,N/A,N/A,24.742195586290446,3.3144662380218506,89.07170867919922,99.897554397583,0.11367786870386797,0.1036721898790864,0.12919975283744145,0.125,0.7528100702093837,0.7131923988100608,0.5963992849679396
uncertainty_fusion_attbias_a0p20_b0p5__pos_1p5_rot_14p0__xyz1p5__ryp14__seed42,1006,0.6123260437375746,0.3876739562624254,N/A,N/A,N/A,N/A,76.08399403404856,50.01000213623047,285.2683868408203,414.7912216186524,0.014923283233287395,0.0,0.01398513830739937,0.0,0.6460324039469818,0.6366184394059412,0.5853133746835334
uncertainty_fusion_attbias_a0p20_b0p5__pos_1p5_rot_4p0__xyz1p5__ryp4__seed20,1006,0.8349900596421471,0.16500994035785288,N/A,N/A,N/A,N/A,131.87312304546202,24.6932315826416,746.9464263916016,783.5200042724609,0.017379469782729966,0.009090909090909,0.01742111234942764,0.0095238095238095,0.6201257594746622,0.6111435371396161,0.5629510181119793
uncertainty_fusion_attbias_a0p20_b0p5__pos_1p5_rot_4p0__xyz1p5__ryp4__seed28,1006,0.8508946322067594,0.14910536779324057,N/A,N/A,N/A,N/A,24.01114173532532,2.8819847106933594,93.98792076110838,99.23871612548828,0.15535046303447508,0.1555555555555555,0.17756875213596754,0.18469899665551837,0.7823410770014005,0.7625391843285979,0.6647418332195747
uncertainty_fusion_attbias_a0p20_b0p5__pos_1p5_rot_4p0__xyz1p5__ryp4__seed42,1006,0.614314115308151,0.38568588469184895,N/A,N/A,N/A,N/A,52.91928955004779,35.19118690490723,149.95502853393555,258.55417633056624,0.05173440358502345,0.0307692307692307,0.06244323848107208,0.0465116279069767,0.7176806981686713,0.6832243521892478,0.5899748621752431
uncertainty_fusion_attbias_a0p20_b0p5__pos_1p5_rot_8p0__xyz1p5__ryp8__seed20,1006,0.7584493041749503,0.24155069582504973,N/A,N/A,N/A,N/A,121.10879765973088,50.01000213623047,457.2688903808594,585.3700622558589,0.008599873988909943,0.0,0.008165701619114996,0.0,0.616792391837695,0.6081577603744976,0.5590791776503251
uncertainty_fusion_attbias_a0p20_b0p5__pos_1p5_rot_8p0__xyz1p5__ryp8__seed28,1006,0.8578528827037774,0.14214711729622265,N/A,N/A,N/A,N/A,23.588600438909467,2.9198848009109497,83.10500144958496,93.60307769775389,0.13700543931664994,0.1346153846153846,0.15585964201316224,0.1545454545454545,0.779871351283535,0.7514714413215253,0.630343027564788
uncertainty_fusion_attbias_a0p20_b0p5__pos_1p5_rot_8p0__xyz1p5__ryp8__seed42,1006,0.610337972166998,0.38966202783300197,N/A,N/A,N/A,N/A,116.89168261582013,50.01000213623047,140.15330123901367,356.1437637329104,0.02875439568637886,0.0135135135135135,0.032453636538336154,0.01914270012822855,0.6660146395079334,0.6457289451181674,0.5765299620809314
uncertainty_fusion_attbias_a0p20_b0p5__pos_2p0_rot_14p0__xyz2__ryp14__seed20,1006,0.5069582504970179,0.4930417495029821,N/A,N/A,N/A,N/A,251.60781766098015,50.01000213623047,1047.2559509277344,1885.376977539062,0.006195623154938648,0.0,0.004136951159067201,0.0,0.6323215590383429,0.6258360644519811,0.5745905271266104
uncertainty_fusion_attbias_a0p20_b0p5__pos_2p0_rot_14p0__xyz2__ryp14__seed28,1006,0.8180914512922465,0.18190854870775353,N/A,N/A,N/A,N/A,34.726177160552226,6.582356929779053,139.16032028198242,158.3720962524414,0.0876954934928682,0.0751344086021505,0.10036609495652818,0.0930232558139534,0.7343435254123141,0.7045383958789879,0.6014142863333682
uncertainty_fusion_attbias_a0p20_b0p5__pos_2p0_rot_14p0__xyz2__ryp14__seed42,1006,0.19681908548707752,0.8031809145129225,N/A,N/A,N/A,N/A,86.62473016731427,50.01000213623047,207.2407341003418,780.4509002685535,0.008690208358792412,0.0,0.006571859463521499,0.0,0.6794433971539278,0.6724320421989949,0.6135746614815786
uncertainty_fusion_attbias_a0p20_b0p5__pos_2p0_rot_4p0__xyz2__ryp4__seed20,1006,0.7584493041749503,0.24155069582504973,N/A,N/A,N/A,N/A,132.17161933725208,50.01000213623047,689.2677001953125,730.170257568359,0.014996906883125537,0.0,0.01618915179165194,0.0,0.6219854961089236,0.6130655934604422,0.5641522834453903
uncertainty_fusion_attbias_a0p20_b0p5__pos_2p0_rot_4p0__xyz2__ryp4__seed28,1006,0.831013916500994,0.168986083499006,N/A,N/A,N/A,N/A,40.17591526145117,6.1299333572387695,162.36433029174805,182.85140228271487,0.13060645777399585,0.11305538648813145,0.14650382001373174,0.13383084577114424,0.7557152217447016,0.7393851791630863,0.6444891374909764
uncertainty_fusion_attbias_a0p20_b0p5__pos_2p0_rot_4p0__xyz2__ryp4__seed42,1006,0.18986083499005965,0.8101391650099403,N/A,N/A,N/A,N/A,165.34069207300308,50.01000213623047,190.9299659729004,1031.9989624023438,0.013872199011648286,0.0,0.015118874517612077,0.0,0.700389465624645,0.6867387976472311,0.6147709993318908
uncertainty_fusion_attbias_a0p20_b0p5__pos_2p0_rot_8p0__xyz2__ryp8__seed20,1006,0.6769383697813122,0.32306163021868783,N/A,N/A,N/A,N/A,135.29139537933037,50.01000213623047,547.4763793945312,679.1590576171875,0.00782313774750244,0.0,0.007901565747984602,0.0,0.6160599216070826,0.6079772516101896,0.5602314817012191
uncertainty_fusion_attbias_a0p20_b0p5__pos_2p0_rot_8p0__xyz2__ryp8__seed28,1006,0.8349900596421471,0.16500994035785288,N/A,N/A,N/A,N/A,38.424327687067716,6.094393491744995,167.63312530517578,182.7068618774412,0.11165312006296306,0.0967741935483871,0.1258171258199562,0.11242977528089884,0.7580235882844906,0.7350945487482385,0.6328514834148498
uncertainty_fusion_attbias_a0p20_b0p5__pos_2p0_rot_8p0__xyz2__ryp8__seed42,1006,0.20079522862823063,0.7992047713717694,N/A,N/A,N/A,N/A,130.24827931566574,50.01000213623047,193.57313919067383,999.0980041503902,0.013515452138652951,0.0,0.009837491085136665,0.0,0.6931885485315006,0.6812867489508083,0.6144934088414744
uncertainty_fusion_attbias_a0p20_b0p5__pos_only_0p2__xyz0p2__ryp0__seed20,1006,0.8956262425447317,0.10437375745526833,N/A,N/A,N/A,N/A,8.609704857901463,1.519823133945465,50.01000213623047,12.529291152954102,0.22222842746139118,0.2258064516129032,0.2413264731935392,0.2395833333333333,0.8664443096610465,0.8494553302860511,0.7541967936032064
uncertainty_fusion_attbias_a0p20_b0p5__pos_only_0p2__xyz0p2__ryp0__seed28,1006,0.8986083499005965,0.10139165009940354,N/A,N/A,N/A,N/A,8.536548510706469,1.2273282408714294,50.01000213623047,15.15196280479423,0.21794855333545074,0.23360215053763433,0.23687504541394533,0.2448979591836734,0.8587722157815052,0.8438287677925683,0.7489428615359492
uncertainty_fusion_attbias_a0p20_b0p5__pos_only_0p2__xyz0p2__ryp0__seed42,1006,0.889662027833002,0.11033797216699803,N/A,N/A,N/A,N/A,8.830442382600909,1.5418868660926819,50.01000213623047,12.319624614715572,0.2296465467441402,0.2389682024659312,0.250839689890213,0.2555555555555555,0.8660336202347558,0.8496499439030973,0.7497035431168152
uncertainty_fusion_attbias_a0p20_b0p5__pos_only_1p0__xyz1__ryp0__seed20,1006,0.8648111332007953,0.13518886679920472,N/A,N/A,N/A,N/A,14.630450358958926,2.563423275947571,50.01000213623047,33.208467292785606,0.16912514705115597,0.17124060150375936,0.18779023223538285,0.1888888888888888,0.8394527408875017,0.8201342282221806,0.714796883416992
uncertainty_fusion_attbias_a0p20_b0p5__pos_only_1p0__xyz1__ryp0__seed28,1006,0.8737574552683897,0.12624254473161034,N/A,N/A,N/A,N/A,15.121506869532288,1.5833998918533325,50.37782955169678,57.85901222228977,0.1781994819756362,0.1962535014005602,0.1987125671995547,0.2073170731707317,0.812876136720402,0.7945966966526816,0.7004540267630315
uncertainty_fusion_attbias_a0p20_b0p5__pos_only_1p0__xyz1__ryp0__seed42,1006,0.8111332007952287,0.18886679920477134,N/A,N/A,N/A,N/A,28.598438023806438,3.878854632377625,50.01000213623047,69.89791297912598,0.12134888550971877,0.1081081081081081,0.13826307150895445,0.125,0.8136383874006783,0.7952166190537763,0.6867934540345304
uncertainty_fusion_attbias_a0p20_b0p5__pos_only_2p0__xyz2__ryp0__seed20,1006,0.7534791252485089,0.2465208747514911,N/A,N/A,N/A,N/A,41.421895068977264,11.343296527862549,123.75873374938965,176.02798614501927,0.0845963970198723,0.0683374844333748,0.10059824586596323,0.0884214445271779,0.7738823016116726,0.7527212034716259,0.6511680403099623
uncertainty_fusion_attbias_a0p20_b0p5__pos_only_2p0__xyz2__ryp0__seed28,1006,0.8280318091451292,0.1719681908548708,N/A,N/A,N/A,N/A,41.36126520311584,6.060925722122192,147.4933319091797,172.7893646240234,0.13478844334783258,0.11948410123296554,0.15243944424912892,0.1454545454545454,0.7614116242614432,0.7411986700127532,0.6563126983135286
uncertainty_fusion_attbias_a0p20_b0p5__pos_only_2p0__xyz2__ryp0__seed42,1006,0.20874751491053678,0.7912524850894632,N/A,N/A,N/A,N/A,124.94853665257143,50.01000213623047,243.74917602539062,1307.5116394042918,0.014241999040969266,0.0,0.017763470204180218,0.0,0.7117401484092001,0.697072396645074,0.6232742760009855
uncertainty_fusion_attbias_a0p20_b0p5__rot_only_14p0__xyz0__ryp14__seed20,1006,0.7206759443339961,0.27932405566600393,N/A,N/A,N/A,N/A,252.1005075190579,50.01000213623047,533.8640289306641,605.6534057617184,0.009192412060479764,0.0,0.008385747616345085,0.0,0.6699506714767048,0.6595118620392747,0.6012235638571147
uncertainty_fusion_attbias_a0p20_b0p5__rot_only_14p0__xyz0__ryp14__seed28,1006,0.8946322067594433,0.10536779324055667,N/A,N/A,N/A,N/A,8.76333068433786,1.627765715122223,50.01000213623047,10.500293636322022,0.15731978198740582,0.15490579452541764,0.17255953519628184,0.1642230308219178,0.7947730799394493,0.6995414749674322,0.5509649515702992
uncertainty_fusion_attbias_a0p20_b0p5__rot_only_14p0__xyz0__ryp14__seed42,1006,0.8936381709741551,0.1063618290258449,N/A,N/A,N/A,N/A,19.054025789811675,4.815016984939575,56.04127311706543,65.50528564453121,0.04099289914019334,0.027027027027027,0.04437891948968356,0.032520325203252,0.6407495026221448,0.620749659977456,0.5554939256372045
uncertainty_fusion_attbias_a0p20_b0p5__rot_only_4p0__xyz0__ryp4__seed20,1006,0.8876739562624254,0.1123260437375746,N/A,N/A,N/A,N/A,33.60786317355531,8.609549522399902,107.25610160827637,116.36609954833968,0.026124425921020916,0.0170215848181949,0.02746463919392484,0.0198019801980198,0.6326497540641303,0.6209606934743435,0.5600526413663695
uncertainty_fusion_attbias_a0p20_b0p5__rot_only_4p0__xyz0__ryp4__seed28,1006,0.9055666003976143,0.09443339960238573,N/A,N/A,N/A,N/A,7.299627640842885,1.2114229798316956,50.01000213623047,10.343669414520264,0.24141314704414274,0.25987012987012986,0.2612871326998916,0.2727272727272727,0.8592239575717225,0.8346859067713536,0.7033219749272729
uncertainty_fusion_attbias_a0p20_b0p5__rot_only_4p0__xyz0__ryp4__seed42,1006,0.8936381709741551,0.1063618290258449,N/A,N/A,N/A,N/A,8.88377636375601,1.7302761673927307,50.01000213623047,15.096167278289792,0.15242786647248482,0.1450381679389313,0.16677399465113074,0.1566265060240964,0.7788333525315513,0.7114187022657736,0.5653819804677107
uncertainty_fusion_attbias_a0p20_b0p5__rot_only_8p0__xyz0__ryp8__seed20,1006,0.8479125248508946,0.15208747514910537,N/A,N/A,N/A,N/A,106.6131007728976,39.31009864807129,305.3104248046875,366.4914245605466,0.013505920186666315,0.0,0.013503619139763244,0.0,0.6372771004998272,0.6282613290960833,0.5708250380551732
uncertainty_fusion_attbias_a0p20_b0p5__rot_only_8p0__xyz0__ryp8__seed28,1006,0.8976143141153081,0.10238568588469188,N/A,N/A,N/A,N/A,8.005330094861383,1.366667926311493,50.01000213623047,9.50536422729492,0.20272573641719305,0.2131481481481481,0.22082124239713166,0.225,0.8426204060282259,0.794486294268778,0.6179665522420018
uncertainty_fusion_attbias_a0p20_b0p5__rot_only_8p0__xyz0__ryp8__seed42,1006,0.8916500994035785,0.10834990059642147,N/A,N/A,N/A,N/A,181.16700477428518,2.686350107192993,50.01000213623047,27.800687789916964,0.07571076694317305,0.059322033898305,0.08200619278453178,0.0642201834862385,0.683292539530282,0.643596601895375,0.5593785180110572
uncertainty_fusion_attbias_a0p20_b1p0__clean__xyz0__ryp0__seed20,1006,0.9025844930417495,0.09741550695825052,N/A,N/A,N/A,N/A,8.48806971443935,1.2529678344726562,50.01000213623047,9.609709930419918,0.2583761947287898,0.2759129967776584,0.28016649073109035,0.29217154526889044,0.8698692214534394,0.8546008615897561,0.7568603210697652
uncertainty_fusion_attbias_a0p20_b1p0__clean__xyz0__ryp0__seed28,1006,0.9025844930417495,0.09741550695825052,N/A,N/A,N/A,N/A,8.510853739984901,1.2422929406166077,50.01000213623047,9.800544452667232,0.25876464853025016,0.2762166405023547,0.28073377843013064,0.29146440129449835,0.8705983879193946,0.8554520468794924,0.7588576199012632
uncertainty_fusion_attbias_a0p20_b1p0__clean__xyz0__ryp0__seed42,1006,0.9025844930417495,0.09741550695825052,N/A,N/A,N/A,N/A,8.495213266676307,1.2889105081558228,50.01000213623047,9.800544452667232,0.25872351006392325,0.2790697674418604,0.2807242927714879,0.2925678785089737,0.8700321306199518,0.8545132301441252,0.7585340566197416
uncertainty_fusion_attbias_a0p20_b1p0__pos_0p2_rot_14p0__xyz0p2__ryp14__seed20,1006,0.7157057654075547,0.2842942345924453,N/A,N/A,N/A,N/A,185.75802191527595,50.01000213623047,576.2931518554688,670.8405822753905,0.008742743555554844,0.0,0.007216449013145448,0.0,0.6898331404150186,0.6808712299138443,0.6224103545746229
uncertainty_fusion_attbias_a0p20_b1p0__pos_0p2_rot_14p0__xyz0p2__ryp14__seed28,1006,0.8976143141153081,0.10238568588469188,N/A,N/A,N/A,N/A,9.460950010206188,1.5996497869491577,50.01000213623047,16.14930915832519,0.1517749690989014,0.14962686567164174,0.16468879430720854,0.1621621621621621,0.7966775445809786,0.7141222239968792,0.5708867685270114
uncertainty_fusion_attbias_a0p20_b1p0__pos_0p2_rot_14p0__xyz0p2__ryp14__seed42,1006,0.889662027833002,0.11033797216699803,N/A,N/A,N/A,N/A,20.50135556922459,5.388235807418823,64.80721092224121,70.32193984985352,0.04041920562569851,0.025370092254880898,0.043393973263967114,0.0267857142857142,0.6615508052333379,0.6432610672138173,0.5860281460224607
uncertainty_fusion_attbias_a0p20_b1p0__pos_0p2_rot_4p0__xyz0p2__ryp4__seed20,1006,0.8817097415506958,0.11829025844930419,N/A,N/A,N/A,N/A,35.51051463868106,8.693185806274414,110.84858322143555,120.55799331665011,0.024094505074173087,0.0175438596491228,0.02567294274096372,0.0188679245283018,0.6568131244392456,0.6472639456314613,0.5888366803806648
uncertainty_fusion_attbias_a0p20_b1p0__pos_0p2_rot_4p0__xyz0p2__ryp4__seed28,1006,0.8946322067594433,0.10536779324055667,N/A,N/A,N/A,N/A,10.041240417238196,1.1965232491493225,50.01000213623047,13.893716764450073,0.21311617132984123,0.2222222222222222,0.23257095401860647,0.2333333333333333,0.8597854396186836,0.840559792332578,0.7059206816538312
uncertainty_fusion_attbias_a0p20_b1p0__pos_0p2_rot_4p0__xyz0p2__ryp4__seed42,1006,0.8886679920477137,0.11133200795228626,N/A,N/A,N/A,N/A,10.733438320490622,1.7852084040641785,50.01000213623047,24.859518623352,0.14281250628441045,0.1313131313131313,0.1561983973781309,0.13998593106220475,0.7791512720976408,0.7240111395660483,0.587212645417312
uncertainty_fusion_attbias_a0p20_b1p0__pos_0p2_rot_8p0__xyz0p2__ryp8__seed20,1006,0.8369781312127237,0.16302186878727631,N/A,N/A,N/A,N/A,98.7447219007828,40.26516151428223,275.1055755615234,336.65109405517546,0.013892940081158375,0.0,0.013766260920146947,0.0,0.6582552894282274,0.6489636810530551,0.5938356315478333
uncertainty_fusion_attbias_a0p20_b1p0__pos_0p2_rot_8p0__xyz0p2__ryp8__seed28,1006,0.8936381709741551,0.1063618290258449,N/A,N/A,N/A,N/A,10.32247823434206,1.50249445438385,50.01000213623047,11.919540119171124,0.19269419745185293,0.19617005680776978,0.2102918034275199,0.2087912087912088,0.8453809274596932,0.7958573719991943,0.6346603739944116
uncertainty_fusion_attbias_a0p20_b1p0__pos_0p2_rot_8p0__xyz0p2__ryp8__seed42,1006,0.8866799204771372,0.11332007952286283,N/A,N/A,N/A,N/A,12.242129951294615,2.657197952270508,50.01000213623047,31.307092285156227,0.07479223481504843,0.0564709008769598,0.08056525141570794,0.0602409638554216,0.6872781212730341,0.65897767684816,0.5812916930749624
uncertainty_fusion_attbias_a0p20_b1p0__pos_0p5_rot_14p0__xyz0p5__ryp14__seed20,1006,0.709741550695825,0.290258449304175,N/A,N/A,N/A,N/A,224.20596876592333,52.613752365112305,636.0675659179688,725.9333099365235,0.00922437485662122,0.0,0.006801329562225657,0.0,0.684403702694619,0.6771148159898657,0.6187609109088363
uncertainty_fusion_attbias_a0p20_b1p0__pos_0p5_rot_14p0__xyz0p5__ryp14__seed28,1006,0.8866799204771372,0.11332007952286283,N/A,N/A,N/A,N/A,10.002626130489753,1.5922647714614868,50.01000213623047,14.697958374023406,0.1477399730969238,0.1470588235294117,0.16212634482995375,0.1570838252656434,0.7990551080754578,0.7230546588019289,0.5749939451364415
uncertainty_fusion_attbias_a0p20_b1p0__pos_0p5_rot_14p0__xyz0p5__ryp14__seed42,1006,0.8697813121272365,0.13021868787276347,N/A,N/A,N/A,N/A,24.369912923833958,6.48225474357605,90.89377975463869,97.58619308471678,0.03485332234792857,0.0192307692307692,0.036984630890822226,0.021505376344086,0.6592581631537962,0.6493030543877589,0.5949616656022927
uncertainty_fusion_attbias_a0p20_b1p0__pos_0p5_rot_4p0__xyz0p5__ryp4__seed20,1006,0.8767395626242545,0.12326043737574555,N/A,N/A,N/A,N/A,60.342598906534455,10.227432250976562,152.2639274597168,168.8329895019531,0.022448028564295685,0.013891568589619901,0.02339915968387663,0.015625,0.651815545548518,0.6417026926415297,0.5852954118129615
uncertainty_fusion_attbias_a0p20_b1p0__pos_0p5_rot_4p0__xyz0p5__ryp4__seed28,1006,0.8836978131212724,0.11630218687872762,N/A,N/A,N/A,N/A,11.876193274616782,1.3267438411712646,50.01000213623047,18.333867645263666,0.20618008903017782,0.21461949265687574,0.2267482139676503,0.2291666666666666,0.843801489891674,0.8211245130709117,0.6968021886380242
uncertainty_fusion_attbias_a0p20_b1p0__pos_0p5_rot_4p0__xyz0p5__ryp4__seed42,1006,0.8757455268389662,0.12425447316103377,N/A,N/A,N/A,N/A,13.194564991961297,2.2087185382843018,50.01000213623047,27.845123291015625,0.12254210612718977,0.108893280632411,0.13473100293629522,0.1176470588235294,0.7648139899798511,0.7151940367904261,0.5964967547833333
uncertainty_fusion_attbias_a0p20_b1p0__pos_0p5_rot_8p0__xyz0p5__ryp8__seed20,1006,0.8230616302186878,0.17693836978131217,N/A,N/A,N/A,N/A,93.58910086148124,45.72732734680176,219.72844696044922,270.8479339599608,0.012495835051904642,0.0,0.012461745424680006,0.0,0.6560048531881469,0.6477325642294194,0.5941446902745388
uncertainty_fusion_attbias_a0p20_b1p0__pos_0p5_rot_8p0__xyz0p5__ryp8__seed28,1006,0.8886679920477137,0.11133200795228626,N/A,N/A,N/A,N/A,10.537271397045918,1.258888602256775,50.01000213623047,18.23618192672723,0.1919979827794982,0.19139602893643215,0.2096475396005746,0.2043010752688172,0.82784113163632,0.7855302902223767,0.6319473315830386
uncertainty_fusion_attbias_a0p20_b1p0__pos_0p5_rot_8p0__xyz0p5__ryp8__seed42,1006,0.8717693836978131,0.1282306163021869,N/A,N/A,N/A,N/A,16.036771880992305,3.305405378341675,50.01000213623047,34.062677764892555,0.06604399379687323,0.0449438202247191,0.07286401310146697,0.050632911392405,0.6871638259822197,0.6627511548763723,0.5950349361950805
uncertainty_fusion_attbias_a0p20_b1p0__pos_1p0_rot_14p0__xyz1__ryp14__seed20,1006,0.6709741550695825,0.32902584493041753,N/A,N/A,N/A,N/A,216.86078069935263,50.01000213623047,767.0742340087891,943.0879272460935,0.007550588871566411,0.0,0.0058174011510400015,0.0,0.6729411792913558,0.6659602340879605,0.6088391160671958
uncertainty_fusion_attbias_a0p20_b1p0__pos_1p0_rot_14p0__xyz1__ryp14__seed28,1006,0.8777335984095428,0.12226640159045721,N/A,N/A,N/A,N/A,15.892731116797735,1.866493940353393,50.01000213623047,40.034619522094715,0.14692365607069854,0.13537750626566408,0.16211011283435128,0.1492537313432835,0.7771520311718227,0.728741920053935,0.5993984729097434
uncertainty_fusion_attbias_a0p20_b1p0__pos_1p0_rot_14p0__xyz1__ryp14__seed42,1006,0.7733598409542743,0.22664015904572565,N/A,N/A,N/A,N/A,37.748002347723634,12.570765018463135,131.31683349609375,162.61166687011712,0.026977046549581565,0.011237373737373699,0.02636923153525003,0.0128205128205128,0.6519721389613305,0.6433251548145017,0.5940957399045506
uncertainty_fusion_attbias_a0p20_b1p0__pos_1p0_rot_4p0__xyz1__ryp4__seed20,1006,0.8677932405566601,0.13220675944333993,N/A,N/A,N/A,N/A,90.53767745747479,13.861281871795654,688.7333984375,720.9392456054683,0.018620429488424493,0.00956959706959705,0.01943072857615756,0.010204081632653,0.6481767643458253,0.6397302296049059,0.5882763361641974
uncertainty_fusion_attbias_a0p20_b1p0__pos_1p0_rot_4p0__xyz1__ryp4__seed28,1006,0.882703777335984,0.11729622266401596,N/A,N/A,N/A,N/A,12.179189126957906,1.6367548108100891,50.01000213623047,35.40960445404052,0.18163063398438375,0.1875,0.20117151377663775,0.203125,0.8197622101112604,0.7979345084559989,0.6875099569572889
uncertainty_fusion_attbias_a0p20_b1p0__pos_1p0_rot_4p0__xyz1__ryp4__seed42,1006,0.8081510934393639,0.19184890656063613,N/A,N/A,N/A,N/A,25.23872331100013,5.376819610595703,60.760727882385254,75.57614593505858,0.08801883053024141,0.06988372093023255,0.10055714459993605,0.0821917808219178,0.7439511621770277,0.6998794790099335,0.5966501948132702
uncertainty_fusion_attbias_a0p20_b1p0__pos_1p0_rot_8p0__xyz1__ryp8__seed20,1006,0.7952286282306164,0.20477137176938365,N/A,N/A,N/A,N/A,100.35384647220847,50.01000213623047,324.4137954711914,418.99664154052726,0.012217512412893433,0.0,0.012803104259511897,0.0,0.6501455585793992,0.6436911615734711,0.5936220321358874
uncertainty_fusion_attbias_a0p20_b1p0__pos_1p0_rot_8p0__xyz1__ryp8__seed28,1006,0.8727634194831014,0.12723658051689857,N/A,N/A,N/A,N/A,13.93348006269844,1.747342586517334,50.01000213623047,38.641011810302736,0.17052348898736167,0.1785714285714285,0.19066328906257732,0.19549911993965302,0.8060315493852425,0.7755024233046458,0.6410147056456676
uncertainty_fusion_attbias_a0p20_b1p0__pos_1p0_rot_8p0__xyz1__ryp8__seed42,1006,0.7922465208747514,0.20775347912524855,N/A,N/A,N/A,N/A,33.136618847164435,6.936941862106323,71.61250305175781,87.07528686523428,0.05456501794451465,0.0294117647058823,0.06156061974412758,0.0347826086956521,0.6784717008495467,0.6605147345083857,0.5935958722781851
uncertainty_fusion_attbias_a0p20_b1p0__pos_1p5_rot_14p0__xyz1p5__ryp14__seed20,1006,0.6053677932405567,0.3946322067594433,N/A,N/A,N/A,N/A,204.17965920651648,50.01000213623047,725.2867431640625,1019.1390869140627,0.007045010776425572,0.0,0.004873931830662896,0.0,0.6743424470351558,0.6676932197567333,0.6090982077538483
uncertainty_fusion_attbias_a0p20_b1p0__pos_1p5_rot_14p0__xyz1p5__ryp14__seed28,1006,0.8508946322067594,0.14910536779324057,N/A,N/A,N/A,N/A,24.742195586290446,3.3144662380218506,89.07170867919922,99.897554397583,0.11367786870386797,0.1036721898790864,0.12919975283744145,0.125,0.7627642838522105,0.7252944088975303,0.6144445488778616
uncertainty_fusion_attbias_a0p20_b1p0__pos_1p5_rot_14p0__xyz1p5__ryp14__seed42,1006,0.6123260437375746,0.3876739562624254,N/A,N/A,N/A,N/A,76.08399403404856,50.01000213623047,285.2683868408203,414.7912216186524,0.014923283233287395,0.0,0.01398513830739937,0.0,0.6692167329407221,0.6612165686709917,0.605152697794063
uncertainty_fusion_attbias_a0p20_b1p0__pos_1p5_rot_4p0__xyz1p5__ryp4__seed20,1006,0.8349900596421471,0.16500994035785288,N/A,N/A,N/A,N/A,131.87312304546202,24.6932315826416,746.9464263916016,783.5200042724609,0.017379469782729966,0.009090909090909,0.01742111234942764,0.0095238095238095,0.6467409980220358,0.6378523985259136,0.5900086327309308
uncertainty_fusion_attbias_a0p20_b1p0__pos_1p5_rot_4p0__xyz1p5__ryp4__seed28,1006,0.8508946322067594,0.14910536779324057,N/A,N/A,N/A,N/A,24.01114173532532,2.8819847106933594,93.98792076110838,99.23871612548828,0.15535046303447508,0.1555555555555555,0.17756875213596754,0.18469899665551837,0.7886988775023178,0.7730588577128613,0.676214240663791
uncertainty_fusion_attbias_a0p20_b1p0__pos_1p5_rot_4p0__xyz1p5__ryp4__seed42,1006,0.614314115308151,0.38568588469184895,N/A,N/A,N/A,N/A,52.91928955004779,35.19118690490723,149.95502853393555,258.55417633056624,0.05173440358502345,0.0307692307692307,0.06244323848107208,0.0465116279069767,0.7233792008298486,0.6915089204082978,0.5998317580514374
uncertainty_fusion_attbias_a0p20_b1p0__pos_1p5_rot_8p0__xyz1p5__ryp8__seed20,1006,0.7584493041749503,0.24155069582504973,N/A,N/A,N/A,N/A,121.10879765973088,50.01000213623047,457.2688903808594,585.3700622558589,0.008599873988909943,0.0,0.008165701619114996,0.0,0.6501727398463049,0.641787609171305,0.5910864679546414
uncertainty_fusion_attbias_a0p20_b1p0__pos_1p5_rot_8p0__xyz1p5__ryp8__seed28,1006,0.8578528827037774,0.14214711729622265,N/A,N/A,N/A,N/A,23.588600438909467,2.9198848009109497,83.10500144958496,93.60307769775389,0.13700543931664994,0.1346153846153846,0.15585964201316224,0.1545454545454545,0.785716072373333,0.7619893328903812,0.6430655075495779
uncertainty_fusion_attbias_a0p20_b1p0__pos_1p5_rot_8p0__xyz1p5__ryp8__seed42,1006,0.610337972166998,0.38966202783300197,N/A,N/A,N/A,N/A,116.89168261582013,50.01000213623047,140.15330123901367,356.1437637329104,0.02875439568637886,0.0135135135135135,0.032453636538336154,0.01914270012822855,0.6804376035968361,0.6620195856261383,0.5928650528746164
uncertainty_fusion_attbias_a0p20_b1p0__pos_2p0_rot_14p0__xyz2__ryp14__seed20,1006,0.5069582504970179,0.4930417495029821,N/A,N/A,N/A,N/A,251.60781766098015,50.01000213623047,1047.2559509277344,1885.376977539062,0.006195623154938648,0.0,0.004136951159067201,0.0,0.6661407258696918,0.6598788449658436,0.6030119122564888
uncertainty_fusion_attbias_a0p20_b1p0__pos_2p0_rot_14p0__xyz2__ryp14__seed28,1006,0.8180914512922465,0.18190854870775353,N/A,N/A,N/A,N/A,34.726177160552226,6.582356929779053,139.16032028198242,158.3720962524414,0.0876954934928682,0.0751344086021505,0.10036609495652818,0.0930232558139534,0.7454949676988847,0.7194034190942192,0.619349061810637
uncertainty_fusion_attbias_a0p20_b1p0__pos_2p0_rot_14p0__xyz2__ryp14__seed42,1006,0.19681908548707752,0.8031809145129225,N/A,N/A,N/A,N/A,86.62473016731427,50.01000213623047,207.2407341003418,780.4509002685535,0.008690208358792412,0.0,0.006571859463521499,0.0,0.6964433196319381,0.6895197646596196,0.6237284394986264
uncertainty_fusion_attbias_a0p20_b1p0__pos_2p0_rot_4p0__xyz2__ryp4__seed20,1006,0.7584493041749503,0.24155069582504973,N/A,N/A,N/A,N/A,132.17161933725208,50.01000213623047,689.2677001953125,730.170257568359,0.014996906883125537,0.0,0.01618915179165194,0.0,0.6515384938728902,0.6436866325533542,0.5933077762163559
uncertainty_fusion_attbias_a0p20_b1p0__pos_2p0_rot_4p0__xyz2__ryp4__seed28,1006,0.831013916500994,0.168986083499006,N/A,N/A,N/A,N/A,40.17591526145117,6.1299333572387695,162.36433029174805,182.85140228271487,0.13060645777399585,0.11305538648813145,0.14650382001373174,0.13383084577114424,0.7642609144588206,0.7495257380160845,0.6576555779373908
uncertainty_fusion_attbias_a0p20_b1p0__pos_2p0_rot_4p0__xyz2__ryp4__seed42,1006,0.18986083499005965,0.8101391650099403,N/A,N/A,N/A,N/A,165.34069207300308,50.01000213623047,190.9299659729004,1031.9989624023438,0.013872199011648286,0.0,0.015118874517612077,0.0,0.7072441887373743,0.6944412604591097,0.6251840458193662
uncertainty_fusion_attbias_a0p20_b1p0__pos_2p0_rot_8p0__xyz2__ryp8__seed20,1006,0.6769383697813122,0.32306163021868783,N/A,N/A,N/A,N/A,135.29139537933037,50.01000213623047,547.4763793945312,679.1590576171875,0.00782313774750244,0.0,0.007901565747984602,0.0,0.6515577340869607,0.6441980260901295,0.5937363446830884
uncertainty_fusion_attbias_a0p20_b1p0__pos_2p0_rot_8p0__xyz2__ryp8__seed28,1006,0.8349900596421471,0.16500994035785288,N/A,N/A,N/A,N/A,38.424327687067716,6.094393491744995,167.63312530517578,182.7068618774412,0.11165312006296306,0.0967741935483871,0.1258171258199562,0.11242977528089884,0.7645178793301658,0.7436765376768072,0.6464749060140155
uncertainty_fusion_attbias_a0p20_b1p0__pos_2p0_rot_8p0__xyz2__ryp8__seed42,1006,0.20079522862823063,0.7992047713717694,N/A,N/A,N/A,N/A,130.24827931566574,50.01000213623047,193.57313919067383,999.0980041503902,0.013515452138652951,0.0,0.009837491085136665,0.0,0.7002585094254616,0.6903698248923745,0.6231808397395262
uncertainty_fusion_attbias_a0p20_b1p0__pos_only_0p2__xyz0p2__ryp0__seed20,1006,0.8956262425447317,0.10437375745526833,N/A,N/A,N/A,N/A,8.609704857901463,1.519823133945465,50.01000213623047,12.529291152954102,0.22222842746139118,0.2258064516129032,0.2413264731935392,0.2395833333333333,0.8676064917951963,0.8510277128475714,0.7575551919636282
uncertainty_fusion_attbias_a0p20_b1p0__pos_only_0p2__xyz0p2__ryp0__seed28,1006,0.8986083499005965,0.10139165009940354,N/A,N/A,N/A,N/A,8.536548510706469,1.2273282408714294,50.01000213623047,15.15196280479423,0.21794855333545074,0.23360215053763433,0.23687504541394533,0.2448979591836734,0.8604866257792556,0.8470760596347151,0.7555892908067513
uncertainty_fusion_attbias_a0p20_b1p0__pos_only_0p2__xyz0p2__ryp0__seed42,1006,0.889662027833002,0.11033797216699803,N/A,N/A,N/A,N/A,8.830442382600909,1.5418868660926819,50.01000213623047,12.319624614715572,0.2296465467441402,0.2389682024659312,0.250839689890213,0.2555555555555555,0.8651854277928354,0.8502490987208084,0.7543173214112383
uncertainty_fusion_attbias_a0p20_b1p0__pos_only_1p0__xyz1__ryp0__seed20,1006,0.8648111332007953,0.13518886679920472,N/A,N/A,N/A,N/A,14.630450358958926,2.563423275947571,50.01000213623047,33.208467292785606,0.16912514705115597,0.17124060150375936,0.18779023223538285,0.1888888888888888,0.8397716334981988,0.8231235180024389,0.7215941234743933
uncertainty_fusion_attbias_a0p20_b1p0__pos_only_1p0__xyz1__ryp0__seed28,1006,0.8737574552683897,0.12624254473161034,N/A,N/A,N/A,N/A,15.121506869532288,1.5833998918533325,50.37782955169678,57.85901222228977,0.1781994819756362,0.1962535014005602,0.1987125671995547,0.2073170731707317,0.8160187704922234,0.800655816211473,0.7095094099923073
uncertainty_fusion_attbias_a0p20_b1p0__pos_only_1p0__xyz1__ryp0__seed42,1006,0.8111332007952287,0.18886679920477134,N/A,N/A,N/A,N/A,28.598438023806438,3.878854632377625,50.01000213623047,69.89791297912598,0.12134888550971877,0.1081081081081081,0.13826307150895445,0.125,0.8173042784802671,0.7996320880298498,0.6948328279789224
uncertainty_fusion_attbias_a0p20_b1p0__pos_only_2p0__xyz2__ryp0__seed20,1006,0.7534791252485089,0.2465208747514911,N/A,N/A,N/A,N/A,41.421895068977264,11.343296527862549,123.75873374938965,176.02798614501927,0.0845963970198723,0.0683374844333748,0.10059824586596323,0.0884214445271779,0.7855103249848144,0.7674299408066285,0.6676728918117797
uncertainty_fusion_attbias_a0p20_b1p0__pos_only_2p0__xyz2__ryp0__seed28,1006,0.8280318091451292,0.1719681908548708,N/A,N/A,N/A,N/A,41.36126520311584,6.060925722122192,147.4933319091797,172.7893646240234,0.13478844334783258,0.11948410123296554,0.15243944424912892,0.1454545454545454,0.7677521692737558,0.7513919385351469,0.669234064044467
uncertainty_fusion_attbias_a0p20_b1p0__pos_only_2p0__xyz2__ryp0__seed42,1006,0.20874751491053678,0.7912524850894632,N/A,N/A,N/A,N/A,124.94853665257143,50.01000213623047,243.74917602539062,1307.5116394042918,0.014241999040969266,0.0,0.017763470204180218,0.0,0.716721544577726,0.7034921053729086,0.6303452951717063
uncertainty_fusion_attbias_a0p20_b1p0__rot_only_14p0__xyz0__ryp14__seed20,1006,0.7206759443339961,0.27932405566600393,N/A,N/A,N/A,N/A,252.1005075190579,50.01000213623047,533.8640289306641,605.6534057617184,0.009192412060479764,0.0,0.008385747616345085,0.0,0.6923245847478415,0.6829978057316951,0.6238007256998488
uncertainty_fusion_attbias_a0p20_b1p0__rot_only_14p0__xyz0__ryp14__seed28,1006,0.8946322067594433,0.10536779324055667,N/A,N/A,N/A,N/A,8.76333068433786,1.627765715122223,50.01000213623047,10.500293636322022,0.15731978198740582,0.15490579452541764,0.17255953519628184,0.1642230308219178,0.7981933724187636,0.7068952736279429,0.5626716580013792
uncertainty_fusion_attbias_a0p20_b1p0__rot_only_14p0__xyz0__ryp14__seed42,1006,0.8936381709741551,0.1063618290258449,N/A,N/A,N/A,N/A,19.054025789811675,4.815016984939575,56.04127311706543,65.50528564453121,0.04099289914019334,0.027027027027027,0.04437891948968356,0.032520325203252,0.6594113462441374,0.6404721646740256,0.5760661146017113
uncertainty_fusion_attbias_a0p20_b1p0__rot_only_4p0__xyz0__ryp4__seed20,1006,0.8876739562624254,0.1123260437375746,N/A,N/A,N/A,N/A,33.60786317355531,8.609549522399902,107.25610160827637,116.36609954833968,0.026124425921020916,0.0170215848181949,0.02746463919392484,0.0198019801980198,0.6526156659173025,0.6427425174178112,0.5834189641046506
uncertainty_fusion_attbias_a0p20_b1p0__rot_only_4p0__xyz0__ryp4__seed28,1006,0.9055666003976143,0.09443339960238573,N/A,N/A,N/A,N/A,7.299627640842885,1.2114229798316956,50.01000213623047,10.343669414520264,0.24141314704414274,0.25987012987012986,0.2612871326998916,0.2727272727272727,0.8594722780044346,0.8362360323263385,0.7092673179691933
uncertainty_fusion_attbias_a0p20_b1p0__rot_only_4p0__xyz0__ryp4__seed42,1006,0.8936381709741551,0.1063618290258449,N/A,N/A,N/A,N/A,8.88377636375601,1.7302761673927307,50.01000213623047,15.096167278289792,0.15242786647248482,0.1450381679389313,0.16677399465113074,0.1566265060240964,0.781328148609917,0.7177890397498256,0.5761998609641793
uncertainty_fusion_attbias_a0p20_b1p0__rot_only_8p0__xyz0__ryp8__seed20,1006,0.8479125248508946,0.15208747514910537,N/A,N/A,N/A,N/A,106.6131007728976,39.31009864807129,305.3104248046875,366.4914245605466,0.013505920186666315,0.0,0.013503619139763244,0.0,0.6613521570426002,0.6542695769190736,0.5953439698777733
uncertainty_fusion_attbias_a0p20_b1p0__rot_only_8p0__xyz0__ryp8__seed28,1006,0.8976143141153081,0.10238568588469188,N/A,N/A,N/A,N/A,8.005330094861383,1.366667926311493,50.01000213623047,9.50536422729492,0.20272573641719305,0.2131481481481481,0.22082124239713166,0.225,0.8439122211181288,0.7963995335197656,0.6266372712854182
uncertainty_fusion_attbias_a0p20_b1p0__rot_only_8p0__xyz0__ryp8__seed42,1006,0.8916500994035785,0.10834990059642147,N/A,N/A,N/A,N/A,181.16700477428518,2.686350107192993,50.01000213623047,27.800687789916964,0.07571076694317305,0.059322033898305,0.08200619278453178,0.0642201834862385,0.6910550732478026,0.6555333835009972,0.5753386559378297
uncertainty_fusion_attbias_a0p20_b2p0__clean__xyz0__ryp0__seed20,1006,0.9025844930417495,0.09741550695825052,N/A,N/A,N/A,N/A,8.479703207014987,1.2562817931175232,50.01000213623047,9.451677894592281,0.2585101748515517,0.27735042735042736,0.28031436084005884,0.2918510324483776,0.8704398798372014,0.8584231317151935,0.7654890560980866
uncertainty_fusion_attbias_a0p20_b2p0__clean__xyz0__ryp0__seed28,1006,0.9025844930417495,0.09741550695825052,N/A,N/A,N/A,N/A,8.598345913801722,1.2514315843582153,50.01000213623047,10.094717407226561,0.25817202857528104,0.27735042735042736,0.2801164031794862,0.2916666666666667,0.8700840341610238,0.8579247510165733,0.7662741218048441
uncertainty_fusion_attbias_a0p20_b2p0__clean__xyz0__ryp0__seed42,1006,0.9025844930417495,0.09741550695825052,N/A,N/A,N/A,N/A,8.535781499172282,1.2652661800384521,50.01000213623047,10.094717407226561,0.2583824915406117,0.27735042735042736,0.28032210882846204,0.2918510324483776,0.8703478602569578,0.8580266349088768,0.7646477150565439
uncertainty_fusion_attbias_a0p20_b2p0__pos_0p2_rot_14p0__xyz0p2__ryp14__seed20,1006,0.7157057654075547,0.2842942345924453,N/A,N/A,N/A,N/A,185.75802191527595,50.01000213623047,576.2931518554688,670.8405822753905,0.008742743555554844,0.0,0.007216449013145448,0.0,0.713356787602798,0.7055124143239849,0.6448353188371542
uncertainty_fusion_attbias_a0p20_b2p0__pos_0p2_rot_14p0__xyz0p2__ryp14__seed28,1006,0.8976143141153081,0.10238568588469188,N/A,N/A,N/A,N/A,9.460950010206188,1.5996497869491577,50.01000213623047,16.14930915832519,0.1517749690989014,0.14962686567164174,0.16468879430720854,0.1621621621621621,0.8000986010026792,0.7264651412430533,0.590674164620987
uncertainty_fusion_attbias_a0p20_b2p0__pos_0p2_rot_14p0__xyz0p2__ryp14__seed42,1006,0.889662027833002,0.11033797216699803,N/A,N/A,N/A,N/A,20.50135556922459,5.388235807418823,64.80721092224121,70.32193984985352,0.04041920562569851,0.025370092254880898,0.043393973263967114,0.0267857142857142,0.6852319468588114,0.6694029492527328,0.6142180608301819
uncertainty_fusion_attbias_a0p20_b2p0__pos_0p2_rot_4p0__xyz0p2__ryp4__seed20,1006,0.8817097415506958,0.11829025844930419,N/A,N/A,N/A,N/A,35.51051463868106,8.693185806274414,110.84858322143555,120.55799331665011,0.024094505074173087,0.0175438596491228,0.02567294274096372,0.0188679245283018,0.6815990522906262,0.6740476590990495,0.6160523239781314
uncertainty_fusion_attbias_a0p20_b2p0__pos_0p2_rot_4p0__xyz0p2__ryp4__seed28,1006,0.8946322067594433,0.10536779324055667,N/A,N/A,N/A,N/A,10.041240417238196,1.1965232491493225,50.01000213623047,13.893716764450073,0.21311617132984123,0.2222222222222222,0.23257095401860647,0.2333333333333333,0.8586659207163156,0.8418829342409923,0.7164596819628057
uncertainty_fusion_attbias_a0p20_b2p0__pos_0p2_rot_4p0__xyz0p2__ryp4__seed42,1006,0.8886679920477137,0.11133200795228626,N/A,N/A,N/A,N/A,10.733438320490622,1.7852084040641785,50.01000213623047,24.859518623352,0.14281250628441045,0.1313131313131313,0.1561983973781309,0.13998593106220475,0.7806758112637707,0.7295106218147109,0.6040844901383269
uncertainty_fusion_attbias_a0p20_b2p0__pos_0p2_rot_8p0__xyz0p2__ryp8__seed20,1006,0.8369781312127237,0.16302186878727631,N/A,N/A,N/A,N/A,98.7447219007828,40.26516151428223,275.1055755615234,336.65109405517546,0.013892940081158375,0.0,0.013766260920146947,0.0,0.6888638931502037,0.6812925799303156,0.6237516640608076
uncertainty_fusion_attbias_a0p20_b2p0__pos_0p2_rot_8p0__xyz0p2__ryp8__seed28,1006,0.8936381709741551,0.1063618290258449,N/A,N/A,N/A,N/A,10.32247823434206,1.50249445438385,50.01000213623047,11.919540119171124,0.19269419745185293,0.19617005680776978,0.2102918034275199,0.2087912087912088,0.8453204138887159,0.7992882284494939,0.6438031027750545
uncertainty_fusion_attbias_a0p20_b2p0__pos_0p2_rot_8p0__xyz0p2__ryp8__seed42,1006,0.8866799204771372,0.11332007952286283,N/A,N/A,N/A,N/A,12.242129951294615,2.657197952270508,50.01000213623047,31.307092285156227,0.07479223481504843,0.0564709008769598,0.08056525141570794,0.0602409638554216,0.7024574430295887,0.6787377932496267,0.6047870298340268
uncertainty_fusion_attbias_a0p20_b2p0__pos_0p5_rot_14p0__xyz0p5__ryp14__seed20,1006,0.709741550695825,0.290258449304175,N/A,N/A,N/A,N/A,224.20596876592333,52.613752365112305,636.0675659179688,725.9333099365235,0.00922437485662122,0.0,0.006801329562225657,0.0,0.7119709712518809,0.7041540505659157,0.6427741417071953
uncertainty_fusion_attbias_a0p20_b2p0__pos_0p5_rot_14p0__xyz0p5__ryp14__seed28,1006,0.8866799204771372,0.11332007952286283,N/A,N/A,N/A,N/A,10.002626130489753,1.5922647714614868,50.01000213623047,14.697958374023406,0.1477399730969238,0.1470588235294117,0.16212634482995375,0.1570838252656434,0.8032531318799485,0.7343649881472131,0.5972615625013333
uncertainty_fusion_attbias_a0p20_b2p0__pos_0p5_rot_14p0__xyz0p5__ryp14__seed42,1006,0.8697813121272365,0.13021868787276347,N/A,N/A,N/A,N/A,24.369912923833958,6.48225474357605,90.89377975463869,97.58619308471678,0.03485332234792857,0.0192307692307692,0.036984630890822226,0.021505376344086,0.6847655983460137,0.6762419260359883,0.6190071591590243
uncertainty_fusion_attbias_a0p20_b2p0__pos_0p5_rot_4p0__xyz0p5__ryp4__seed20,1006,0.8767395626242545,0.12326043737574555,N/A,N/A,N/A,N/A,60.342598906534455,10.227432250976562,152.2639274597168,168.8329895019531,0.022448028564295685,0.013891568589619901,0.02339915968387663,0.015625,0.6817063632119799,0.6734192213284987,0.6160285415946273
uncertainty_fusion_attbias_a0p20_b2p0__pos_0p5_rot_4p0__xyz0p5__ryp4__seed28,1006,0.8836978131212724,0.11630218687872762,N/A,N/A,N/A,N/A,11.876193274616782,1.3267438411712646,50.01000213623047,18.333867645263666,0.20618008903017782,0.21461949265687574,0.2267482139676503,0.2291666666666666,0.8428706838209308,0.8235295558717873,0.7050511897331951
uncertainty_fusion_attbias_a0p20_b2p0__pos_0p5_rot_4p0__xyz0p5__ryp4__seed42,1006,0.8757455268389662,0.12425447316103377,N/A,N/A,N/A,N/A,13.194564991961297,2.2087185382843018,50.01000213623047,27.845123291015625,0.12254210612718977,0.108893280632411,0.13473100293629522,0.1176470588235294,0.7703642193928809,0.7265561739404348,0.612811645055259
uncertainty_fusion_attbias_a0p20_b2p0__pos_0p5_rot_8p0__xyz0p5__ryp8__seed20,1006,0.8230616302186878,0.17693836978131217,N/A,N/A,N/A,N/A,93.58910086148124,45.72732734680176,219.72844696044922,270.8479339599608,0.012495835051904642,0.0,0.012461745424680006,0.0,0.6870937719312761,0.6801825559318053,0.6231691096916289
uncertainty_fusion_attbias_a0p20_b2p0__pos_0p5_rot_8p0__xyz0p5__ryp8__seed28,1006,0.8886679920477137,0.11133200795228626,N/A,N/A,N/A,N/A,10.537271397045918,1.258888602256775,50.01000213623047,18.23618192672723,0.1919979827794982,0.19139602893643215,0.2096475396005746,0.2043010752688172,0.8309536098691512,0.7929917269662994,0.6485140503373976
uncertainty_fusion_attbias_a0p20_b2p0__pos_0p5_rot_8p0__xyz0p5__ryp8__seed42,1006,0.8717693836978131,0.1282306163021869,N/A,N/A,N/A,N/A,16.036771880992305,3.305405378341675,50.01000213623047,34.062677764892555,0.06604399379687323,0.0449438202247191,0.07286401310146697,0.050632911392405,0.7027170260869369,0.6835357464150624,0.61703293522052
uncertainty_fusion_attbias_a0p20_b2p0__pos_1p0_rot_14p0__xyz1__ryp14__seed20,1006,0.6709741550695825,0.32902584493041753,N/A,N/A,N/A,N/A,216.86078069935263,50.01000213623047,767.0742340087891,943.0879272460935,0.007550588871566411,0.0,0.0058174011510400015,0.0,0.7030488281920925,0.696649836997561,0.6366019078674792
uncertainty_fusion_attbias_a0p20_b2p0__pos_1p0_rot_14p0__xyz1__ryp14__seed28,1006,0.8777335984095428,0.12226640159045721,N/A,N/A,N/A,N/A,15.892731116797735,1.866493940353393,50.01000213623047,40.034619522094715,0.14692365607069854,0.13537750626566408,0.16211011283435128,0.1492537313432835,0.7819938669616492,0.7413501036239117,0.6196720444815406
uncertainty_fusion_attbias_a0p20_b2p0__pos_1p0_rot_14p0__xyz1__ryp14__seed42,1006,0.7733598409542743,0.22664015904572565,N/A,N/A,N/A,N/A,37.748002347723634,12.570765018463135,131.31683349609375,162.61166687011712,0.026977046549581565,0.011237373737373699,0.02636923153525003,0.0128205128205128,0.6837580870451614,0.6749559362266403,0.6250941743158279
uncertainty_fusion_attbias_a0p20_b2p0__pos_1p0_rot_4p0__xyz1__ryp4__seed20,1006,0.8677932405566601,0.13220675944333993,N/A,N/A,N/A,N/A,90.53767745747479,13.861281871795654,688.7333984375,720.9392456054683,0.018620429488424493,0.00956959706959705,0.01943072857615756,0.010204081632653,0.6755684058493977,0.6687584114030493,0.6154359764034366
uncertainty_fusion_attbias_a0p20_b2p0__pos_1p0_rot_4p0__xyz1__ryp4__seed28,1006,0.882703777335984,0.11729622266401596,N/A,N/A,N/A,N/A,12.179189126957906,1.6367548108100891,50.01000213623047,35.40960445404052,0.18163063398438375,0.1875,0.20117151377663775,0.203125,0.8220378944826275,0.8062170675578667,0.699117787564479
uncertainty_fusion_attbias_a0p20_b2p0__pos_1p0_rot_4p0__xyz1__ryp4__seed42,1006,0.8081510934393639,0.19184890656063613,N/A,N/A,N/A,N/A,25.23872331100013,5.376819610595703,60.760727882385254,75.57614593505858,0.08801883053024141,0.06988372093023255,0.10055714459993605,0.0821917808219178,0.7521045973181639,0.7128159993177485,0.6165512602157831
uncertainty_fusion_attbias_a0p20_b2p0__pos_1p0_rot_8p0__xyz1__ryp8__seed20,1006,0.7952286282306164,0.20477137176938365,N/A,N/A,N/A,N/A,100.35384647220847,50.01000213623047,324.4137954711914,418.99664154052726,0.012217512412893433,0.0,0.012803104259511897,0.0,0.6874101428003296,0.6813430189732932,0.6245571145711704
uncertainty_fusion_attbias_a0p20_b2p0__pos_1p0_rot_8p0__xyz1__ryp8__seed28,1006,0.8727634194831014,0.12723658051689857,N/A,N/A,N/A,N/A,13.93348006269844,1.747342586517334,50.01000213623047,38.641011810302736,0.17052348898736167,0.1785714285714285,0.19066328906257732,0.19549911993965302,0.8077200072516432,0.7826451932294383,0.6570607149033763
uncertainty_fusion_attbias_a0p20_b2p0__pos_1p0_rot_8p0__xyz1__ryp8__seed42,1006,0.7922465208747514,0.20775347912524855,N/A,N/A,N/A,N/A,33.136618847164435,6.936941862106323,71.61250305175781,87.07528686523428,0.05456501794451465,0.0294117647058823,0.06156061974412758,0.0347826086956521,0.6994274511982177,0.6855871281610731,0.6186547578165051
uncertainty_fusion_attbias_a0p20_b2p0__pos_1p5_rot_14p0__xyz1p5__ryp14__seed20,1006,0.6053677932405567,0.3946322067594433,N/A,N/A,N/A,N/A,204.17965920651648,50.01000213623047,725.2867431640625,1019.1390869140627,0.007045010776425572,0.0,0.004873931830662896,0.0,0.7057532240637672,0.698382645485412,0.6358658631227658
uncertainty_fusion_attbias_a0p20_b2p0__pos_1p5_rot_14p0__xyz1p5__ryp14__seed28,1006,0.8508946322067594,0.14910536779324057,N/A,N/A,N/A,N/A,24.742195586290446,3.3144662380218506,89.07170867919922,99.897554397583,0.11367786870386797,0.1036721898790864,0.12919975283744145,0.125,0.7680173798459936,0.7380710907725693,0.6316054178244007
uncertainty_fusion_attbias_a0p20_b2p0__pos_1p5_rot_14p0__xyz1p5__ryp14__seed42,1006,0.6123260437375746,0.3876739562624254,N/A,N/A,N/A,N/A,76.08399403404856,50.01000213623047,285.2683868408203,414.7912216186524,0.014923283233287395,0.0,0.01398513830739937,0.0,0.6935264354843804,0.6874371075894132,0.6284200182195683
uncertainty_fusion_attbias_a0p20_b2p0__pos_1p5_rot_4p0__xyz1p5__ryp4__seed20,1006,0.8349900596421471,0.16500994035785288,N/A,N/A,N/A,N/A,131.87312304546202,24.6932315826416,746.9464263916016,783.5200042724609,0.017379469782729966,0.009090909090909,0.01742111234942764,0.0095238095238095,0.6761443053224957,0.6694703747044307,0.619563731710989
uncertainty_fusion_attbias_a0p20_b2p0__pos_1p5_rot_4p0__xyz1p5__ryp4__seed28,1006,0.8508946322067594,0.14910536779324057,N/A,N/A,N/A,N/A,24.01114173532532,2.8819847106933594,93.98792076110838,99.23871612548828,0.15535046303447508,0.1555555555555555,0.17756875213596754,0.18469899665551837,0.7918719734591653,0.7806681839409246,0.6908103716374382
uncertainty_fusion_attbias_a0p20_b2p0__pos_1p5_rot_4p0__xyz1p5__ryp4__seed42,1006,0.614314115308151,0.38568588469184895,N/A,N/A,N/A,N/A,52.91928955004779,35.19118690490723,149.95502853393555,258.55417633056624,0.05173440358502345,0.0307692307692307,0.06244323848107208,0.0465116279069767,0.7306607733004297,0.70465648809094,0.6216692692309701
uncertainty_fusion_attbias_a0p20_b2p0__pos_1p5_rot_8p0__xyz1p5__ryp8__seed20,1006,0.7584493041749503,0.24155069582504973,N/A,N/A,N/A,N/A,121.10879765973088,50.01000213623047,457.2688903808594,585.3700622558589,0.008599873988909943,0.0,0.008165701619114996,0.0,0.6864209542196318,0.6790808990903083,0.6237395987925458
uncertainty_fusion_attbias_a0p20_b2p0__pos_1p5_rot_8p0__xyz1p5__ryp8__seed28,1006,0.8578528827037774,0.14214711729622265,N/A,N/A,N/A,N/A,23.588600438909467,2.9198848009109497,83.10500144958496,93.60307769775389,0.13700543931664994,0.1346153846153846,0.15585964201316224,0.1545454545454545,0.7873546162173427,0.7677273435357995,0.6586657119990698
uncertainty_fusion_attbias_a0p20_b2p0__pos_1p5_rot_8p0__xyz1p5__ryp8__seed42,1006,0.610337972166998,0.38966202783300197,N/A,N/A,N/A,N/A,116.89168261582013,50.01000213623047,140.15330123901367,356.1437637329104,0.02875439568637886,0.0135135135135135,0.032453636538336154,0.01914270012822855,0.7014761109852522,0.6866753624260968,0.6177539451149737
uncertainty_fusion_attbias_a0p20_b2p0__pos_2p0_rot_14p0__xyz2__ryp14__seed20,1006,0.5069582504970179,0.4930417495029821,N/A,N/A,N/A,N/A,251.60781766098015,50.01000213623047,1047.2559509277344,1885.376977539062,0.006195623154938648,0.0,0.004136951159067201,0.0,0.6980335645472574,0.6914123522748041,0.6297223358442008
uncertainty_fusion_attbias_a0p20_b2p0__pos_2p0_rot_14p0__xyz2__ryp14__seed28,1006,0.8180914512922465,0.18190854870775353,N/A,N/A,N/A,N/A,34.726177160552226,6.582356929779053,139.16032028198242,158.3720962524414,0.0876954934928682,0.0751344086021505,0.10036609495652818,0.0930232558139534,0.7551684630274147,0.7336910757883887,0.6424173476878091
uncertainty_fusion_attbias_a0p20_b2p0__pos_2p0_rot_14p0__xyz2__ryp14__seed42,1006,0.19681908548707752,0.8031809145129225,N/A,N/A,N/A,N/A,86.62473016731427,50.01000213623047,207.2407341003418,780.4509002685535,0.008690208358792412,0.0,0.006571859463521499,0.0,0.7083469836317448,0.7024447096529572,0.6366410734451468
uncertainty_fusion_attbias_a0p20_b2p0__pos_2p0_rot_4p0__xyz2__ryp4__seed20,1006,0.7584493041749503,0.24155069582504973,N/A,N/A,N/A,N/A,132.17161933725208,50.01000213623047,689.2677001953125,730.170257568359,0.014996906883125537,0.0,0.01618915179165194,0.0,0.680672765348482,0.6740264517826322,0.622769783836318
uncertainty_fusion_attbias_a0p20_b2p0__pos_2p0_rot_4p0__xyz2__ryp4__seed28,1006,0.831013916500994,0.168986083499006,N/A,N/A,N/A,N/A,40.17591526145117,6.1299333572387695,162.36433029174805,182.85140228271487,0.13060645777399585,0.11305538648813145,0.14650382001373174,0.13383084577114424,0.7704345271639466,0.7585911927858927,0.6761825979745505
uncertainty_fusion_attbias_a0p20_b2p0__pos_2p0_rot_4p0__xyz2__ryp4__seed42,1006,0.18986083499005965,0.8101391650099403,N/A,N/A,N/A,N/A,165.34069207300308,50.01000213623047,190.9299659729004,1031.9989624023438,0.013872199011648286,0.0,0.015118874517612077,0.0,0.7124459146457179,0.7022471431254178,0.633355752192114
uncertainty_fusion_attbias_a0p20_b2p0__pos_2p0_rot_8p0__xyz2__ryp8__seed20,1006,0.6769383697813122,0.32306163021868783,N/A,N/A,N/A,N/A,135.29139537933037,50.01000213623047,547.4763793945312,679.1590576171875,0.00782313774750244,0.0,0.007901565747984602,0.0,0.6850468665475513,0.6788670855284469,0.6240597303227783
uncertainty_fusion_attbias_a0p20_b2p0__pos_2p0_rot_8p0__xyz2__ryp8__seed28,1006,0.8349900596421471,0.16500994035785288,N/A,N/A,N/A,N/A,38.424327687067716,6.094393491744995,167.63312530517578,182.7068618774412,0.11165312006296306,0.0967741935483871,0.1258171258199562,0.11242977528089884,0.7692344874477203,0.7533090777288202,0.6651079813678527
uncertainty_fusion_attbias_a0p20_b2p0__pos_2p0_rot_8p0__xyz2__ryp8__seed42,1006,0.20079522862823063,0.7992047713717694,N/A,N/A,N/A,N/A,130.24827931566574,50.01000213623047,193.57313919067383,999.0980041503902,0.013515452138652951,0.0,0.009837491085136665,0.0,0.7099452305626228,0.7020965463031961,0.6330269567283529
uncertainty_fusion_attbias_a0p20_b2p0__pos_only_0p2__xyz0p2__ryp0__seed20,1006,0.8956262425447317,0.10437375745526833,N/A,N/A,N/A,N/A,8.609704857901463,1.519823133945465,50.01000213623047,12.529291152954102,0.22222842746139118,0.2258064516129032,0.2413264731935392,0.2395833333333333,0.8664983820649259,0.852199942428831,0.7616806671038302
uncertainty_fusion_attbias_a0p20_b2p0__pos_only_0p2__xyz0p2__ryp0__seed28,1006,0.8986083499005965,0.10139165009940354,N/A,N/A,N/A,N/A,8.536548510706469,1.2273282408714294,50.01000213623047,15.15196280479423,0.21794855333545074,0.23360215053763433,0.23687504541394533,0.2448979591836734,0.8612064377479584,0.8497341188545604,0.761898215811966
uncertainty_fusion_attbias_a0p20_b2p0__pos_only_0p2__xyz0p2__ryp0__seed42,1006,0.889662027833002,0.11033797216699803,N/A,N/A,N/A,N/A,8.830442382600909,1.5418868660926819,50.01000213623047,12.319624614715572,0.2296465467441402,0.2389682024659312,0.250839689890213,0.2555555555555555,0.8641443017747191,0.8519300217764931,0.7613833962997446
uncertainty_fusion_attbias_a0p20_b2p0__pos_only_1p0__xyz1__ryp0__seed20,1006,0.8648111332007953,0.13518886679920472,N/A,N/A,N/A,N/A,14.630450358958926,2.563423275947571,50.01000213623047,33.208467292785606,0.16912514705115597,0.17124060150375936,0.18779023223538285,0.1888888888888888,0.8398610684502751,0.8273055018579719,0.7296429930891868
uncertainty_fusion_attbias_a0p20_b2p0__pos_only_1p0__xyz1__ryp0__seed28,1006,0.8737574552683897,0.12624254473161034,N/A,N/A,N/A,N/A,15.121506869532288,1.5833998918533325,50.37782955169678,57.85901222228977,0.1781994819756362,0.1962535014005602,0.1987125671995547,0.2073170731707317,0.8157783278529032,0.803795621989553,0.7200068217779764
uncertainty_fusion_attbias_a0p20_b2p0__pos_only_1p0__xyz1__ryp0__seed42,1006,0.8111332007952287,0.18886679920477134,N/A,N/A,N/A,N/A,28.598438023806438,3.878854632377625,50.01000213623047,69.89791297912598,0.12134888550971877,0.1081081081081081,0.13826307150895445,0.125,0.8222545204556397,0.807739269964365,0.7082930798576955
uncertainty_fusion_attbias_a0p20_b2p0__pos_only_2p0__xyz2__ryp0__seed20,1006,0.7534791252485089,0.2465208747514911,N/A,N/A,N/A,N/A,41.421895068977264,11.343296527862549,123.75873374938965,176.02798614501927,0.0845963970198723,0.0683374844333748,0.10059824586596323,0.0884214445271779,0.7893617982730369,0.7753990428443,0.6830036334706386
uncertainty_fusion_attbias_a0p20_b2p0__pos_only_2p0__xyz2__ryp0__seed28,1006,0.8280318091451292,0.1719681908548708,N/A,N/A,N/A,N/A,41.36126520311584,6.060925722122192,147.4933319091797,172.7893646240234,0.13478844334783258,0.11948410123296554,0.15243944424912892,0.1454545454545454,0.7704296109547614,0.7595346685034324,0.6829724931546338
uncertainty_fusion_attbias_a0p20_b2p0__pos_only_2p0__xyz2__ryp0__seed42,1006,0.20874751491053678,0.7912524850894632,N/A,N/A,N/A,N/A,124.94853665257143,50.01000213623047,243.74917602539062,1307.5116394042918,0.014241999040969266,0.0,0.017763470204180218,0.0,0.7213633360707243,0.7111084638886234,0.640712125199211
uncertainty_fusion_attbias_a0p20_b2p0__rot_only_14p0__xyz0__ryp14__seed20,1006,0.7206759443339961,0.27932405566600393,N/A,N/A,N/A,N/A,252.1005075190579,50.01000213623047,533.8640289306641,605.6534057617184,0.009192412060479764,0.0,0.008385747616345085,0.0,0.7150297262913036,0.7082824735573271,0.6457533668188843
uncertainty_fusion_attbias_a0p20_b2p0__rot_only_14p0__xyz0__ryp14__seed28,1006,0.8946322067594433,0.10536779324055667,N/A,N/A,N/A,N/A,8.76333068433786,1.627765715122223,50.01000213623047,10.500293636322022,0.15731978198740582,0.15490579452541764,0.17255953519628184,0.1642230308219178,0.802540587486367,0.7202001602754473,0.5828851031125943
uncertainty_fusion_attbias_a0p20_b2p0__rot_only_14p0__xyz0__ryp14__seed42,1006,0.8936381709741551,0.1063618290258449,N/A,N/A,N/A,N/A,19.054025789811675,4.815016984939575,56.04127311706543,65.50528564453121,0.04099289914019334,0.027027027027027,0.04437891948968356,0.032520325203252,0.6833684858130348,0.6678497028706021,0.6046620665480549
uncertainty_fusion_attbias_a0p20_b2p0__rot_only_4p0__xyz0__ryp4__seed20,1006,0.8876739562624254,0.1123260437375746,N/A,N/A,N/A,N/A,33.60786317355531,8.609549522399902,107.25610160827637,116.36609954833968,0.026124425921020916,0.0170215848181949,0.02746463919392484,0.0198019801980198,0.6801618636903506,0.6715996401948917,0.6131004558617944
uncertainty_fusion_attbias_a0p20_b2p0__rot_only_4p0__xyz0__ryp4__seed28,1006,0.9055666003976143,0.09443339960238573,N/A,N/A,N/A,N/A,7.299627640842885,1.2114229798316956,50.01000213623047,10.343669414520264,0.24141314704414274,0.25987012987012986,0.2612871326998916,0.2727272727272727,0.8592968758836386,0.840081122976684,0.7183218823414739
uncertainty_fusion_attbias_a0p20_b2p0__rot_only_4p0__xyz0__ryp4__seed42,1006,0.8936381709741551,0.1063618290258449,N/A,N/A,N/A,N/A,8.88377636375601,1.7302761673927307,50.01000213623047,15.096167278289792,0.15242786647248482,0.1450381679389313,0.16677399465113074,0.1566265060240964,0.7848714302055049,0.7252090395257144,0.5926480292631796
uncertainty_fusion_attbias_a0p20_b2p0__rot_only_8p0__xyz0__ryp8__seed20,1006,0.8479125248508946,0.15208747514910537,N/A,N/A,N/A,N/A,106.6131007728976,39.31009864807129,305.3104248046875,366.4914245605466,0.013505920186666315,0.0,0.013503619139763244,0.0,0.6914273886953518,0.6845919410031813,0.6237592006552369
uncertainty_fusion_attbias_a0p20_b2p0__rot_only_8p0__xyz0__ryp8__seed28,1006,0.8976143141153081,0.10238568588469188,N/A,N/A,N/A,N/A,8.005330094861383,1.366667926311493,50.01000213623047,9.50536422729492,0.20272573641719305,0.2131481481481481,0.22082124239713166,0.225,0.8446464967876847,0.8032108805166772,0.6393933524173081
uncertainty_fusion_attbias_a0p20_b2p0__rot_only_8p0__xyz0__ryp8__seed42,1006,0.8916500994035785,0.10834990059642147,N/A,N/A,N/A,N/A,181.16700477428518,2.686350107192993,50.01000213623047,27.800687789916964,0.07571076694317305,0.059322033898305,0.08200619278453178,0.0642201834862385,0.7052030832383299,0.6769979869698804,0.5983671555459468
