Run name,Collab pairs,Status ok ratio,Non-ok ratio,Fused ratio,Skipped ratio,Selected for blur ratio,Blurred ratio,Mean cov trace,Median cov trace,p95 cov trace all,p95 cov trace ok-only,Mean mask IoU after warp,Median mask IoU after warp,Mean mask IoU after warp ok-only,Median mask IoU after warp ok-only,AP@0.3,AP@0.5,AP@0.7
feaco_baseline__clean__xyz0__ryp0__seed20,4831,0.9944110950113848,0.005588904988615195,N/A,N/A,N/A,N/A,N/A,N/A,N/A,N/A,0.26498063244628006,0.2644628099173554,0.26646990744129456,0.2653964240563482,0.8708966497257993,0.856503059269101,0.7536154235880074
feaco_baseline__clean__xyz0__ryp0__seed28,4831,0.9944110950113848,0.005588904988615195,N/A,N/A,N/A,N/A,N/A,N/A,N/A,N/A,0.2649494019518761,0.2647058823529412,0.2664385014216306,0.265625,0.870979218836601,0.8564419594547966,0.7533988670620363
feaco_baseline__clean__xyz0__ryp0__seed42,4831,0.9944110950113848,0.005588904988615195,N/A,N/A,N/A,N/A,N/A,N/A,N/A,N/A,0.26498205891432197,0.2647058823529412,0.26647134192653826,0.2656796328671328,0.8708459614565751,0.856456648475954,0.7536090974000669
feaco_baseline__pos_0p2_rot_10p0__xyz0p2__ryp10__seed20,4831,0.9946180914924446,0.005381908507555377,N/A,N/A,N/A,N/A,N/A,N/A,N/A,N/A,0.010172040855815103,0.0,0.01022708207584657,0.0,0.5040417200198041,0.48573541013738036,0.4150197358484027
feaco_baseline__pos_0p2_rot_10p0__xyz0p2__ryp10__seed28,4831,0.9939971020492652,0.006002897950734831,N/A,N/A,N/A,N/A,N/A,N/A,N/A,N/A,0.1699909503610002,0.1707317073170731,0.1710175512690529,0.1714285714285714,0.801240102894696,0.6868997479859253,0.45517702880204725
feaco_baseline__pos_0p2_rot_10p0__xyz0p2__ryp10__seed42,4831,0.9935831090871455,0.006416890912854467,N/A,N/A,N/A,N/A,N/A,N/A,N/A,N/A,0.05038064722576617,0.042016806722689,0.05070602223909925,0.0422535211267605,0.5177482802281137,0.47210584521955334,0.38060784870463577
feaco_baseline__pos_0p2_rot_14p0__xyz0p2__ryp14__seed20,4831,0.9890291865038294,0.010970813496170573,N/A,N/A,N/A,N/A,N/A,N/A,N/A,N/A,0.008523411247057413,0.0,0.008617957248751439,0.0,0.4908606921083123,0.47509895346347486,0.40618813903511364
feaco_baseline__pos_0p2_rot_14p0__xyz0p2__ryp14__seed28,4831,0.9933761126060857,0.006623887393914285,N/A,N/A,N/A,N/A,N/A,N/A,N/A,N/A,0.14120173765007601,0.1393442622950819,0.1421432787221332,0.1397849462365591,0.7307370023121679,0.5983331385072742,0.4023669200785987
feaco_baseline__pos_0p2_rot_14p0__xyz0p2__ryp14__seed42,4831,0.994204098530325,0.005795901469675013,N/A,N/A,N/A,N/A,N/A,N/A,N/A,N/A,0.03411798499083464,0.027027027027027,0.03431688225915514,0.0271317829457364,0.5031471011873168,0.46864351402683024,0.3874795201396295
feaco_baseline__pos_0p2_rot_1p0__xyz0p2__ryp1__seed20,4831,0.9944110950113848,0.005588904988615195,N/A,N/A,N/A,N/A,N/A,N/A,N/A,N/A,0.1131116797786691,0.108433734939759,0.11374740320789975,0.10896672374004315,0.6481328328803205,0.5258030235435314,0.3716595414592164
feaco_baseline__pos_0p2_rot_1p0__xyz0p2__ryp1__seed28,4831,0.9946180914924446,0.005381908507555377,N/A,N/A,N/A,N/A,N/A,N/A,N/A,N/A,0.21158992553263806,0.2153846153846154,0.21273484500482298,0.2158273381294964,0.861537643493192,0.8469461797528639,0.7272995578869669
feaco_baseline__pos_0p2_rot_1p0__xyz0p2__ryp1__seed42,4831,0.994204098530325,0.005795901469675013,N/A,N/A,N/A,N/A,N/A,N/A,N/A,N/A,0.22878499324578197,0.225563909774436,0.23011873878208886,0.2264150943396226,0.8608134719323025,0.826814955372537,0.6438933750569549
feaco_baseline__pos_0p2_rot_2p0__xyz0p2__ryp2__seed20,4831,0.9944110950113848,0.005588904988615195,N/A,N/A,N/A,N/A,N/A,N/A,N/A,N/A,0.056240455790418975,0.0476190476190476,0.056556544946609937,0.0476190476190476,0.5264615920442582,0.47623856398460235,0.37754873965465796
feaco_baseline__pos_0p2_rot_2p0__xyz0p2__ryp2__seed28,4831,0.9939971020492652,0.006002897950734831,N/A,N/A,N/A,N/A,N/A,N/A,N/A,N/A,0.21054604299169374,0.2142857142857142,0.21181756220176434,0.2150537634408602,0.8604053414334655,0.8414681842107213,0.703985015914362
feaco_baseline__pos_0p2_rot_2p0__xyz0p2__ryp2__seed42,4831,0.9948250879735044,0.0051749120264955595,N/A,N/A,N/A,N/A,N/A,N/A,N/A,N/A,0.1879743562987939,0.1818181818181818,0.18895216714096408,0.1818181818181818,0.8327402854097391,0.7389104061015107,0.4900270308911389
feaco_baseline__pos_0p2_rot_4p0__xyz0p2__ryp4__seed20,4831,0.9933761126060857,0.006623887393914285,N/A,N/A,N/A,N/A,N/A,N/A,N/A,N/A,0.023826372002710716,0.0174825174825174,0.023985247581807763,0.0175438596491228,0.5023161157651456,0.47655502189455873,0.3971579676808303
feaco_baseline__pos_0p2_rot_4p0__xyz0p2__ryp4__seed28,4831,0.9929621196439661,0.007037880356033921,N/A,N/A,N/A,N/A,N/A,N/A,N/A,N/A,0.20568593491526682,0.208955223880597,0.2071437881124982,0.2096774193548387,0.8572936806913622,0.8259006779849282,0.6392386508346247
feaco_baseline__pos_0p2_rot_4p0__xyz0p2__ryp4__seed42,4831,0.9946180914924446,0.005381908507555377,N/A,N/A,N/A,N/A,N/A,N/A,N/A,N/A,0.1274254517525471,0.1228070175438596,0.12811495471728512,0.1232876712328767,0.6959014793221324,0.5543406204711943,0.38222519146061307
feaco_baseline__pos_0p2_rot_6p0__xyz0p2__ryp6__seed20,4831,0.9948250879735044,0.0051749120264955595,N/A,N/A,N/A,N/A,N/A,N/A,N/A,N/A,0.015303994460415466,0.0087719298245614,0.015383603253904934,0.0088495575221238,0.5065501380979172,0.48529419575529686,0.40915331014937906
feaco_baseline__pos_0p2_rot_6p0__xyz0p2__ryp6__seed28,4831,0.9939971020492652,0.006002897950734831,N/A,N/A,N/A,N/A,N/A,N/A,N/A,N/A,0.19616635867597518,0.2,0.19735103681041982,0.2,0.8468588757634142,0.7896354935130807,0.5612527364627394
feaco_baseline__pos_0p2_rot_6p0__xyz0p2__ryp6__seed42,4831,0.9946180914924446,0.005381908507555377,N/A,N/A,N/A,N/A,N/A,N/A,N/A,N/A,0.08893691310426521,0.081967213114754,0.08941815342491263,0.0824175824175824,0.575715259564375,0.4915333053745194,0.37228225900541234
feaco_baseline__pos_0p2_rot_8p0__xyz0p2__ryp8__seed20,4831,0.9944110950113848,0.005588904988615195,N/A,N/A,N/A,N/A,N/A,N/A,N/A,N/A,0.012109710430750632,0.0053475935828877,0.01217777083492013,0.0054945054945054,0.5066348605321483,0.4863704997815426,0.41330545884472
feaco_baseline__pos_0p2_rot_8p0__xyz0p2__ryp8__seed28,4831,0.9927551231629063,0.007244876837093739,N/A,N/A,N/A,N/A,N/A,N/A,N/A,N/A,0.18476716139225155,0.1866666666666666,0.18611554559757446,0.1875,0.8310414737964,0.7409608408382541,0.4982453867117252
feaco_baseline__pos_0p2_rot_8p0__xyz0p2__ryp8__seed42,4831,0.9939971020492652,0.006002897950734831,N/A,N/A,N/A,N/A,N/A,N/A,N/A,N/A,0.06425556484325119,0.056338028169014,0.06464361386042201,0.056701030927835,0.5319968984519071,0.47927826385373107,0.3752750353977672
feaco_baseline__pos_0p5_rot_10p0__xyz0p5__ryp10__seed20,4831,0.9958600703788035,0.00413992962119647,N/A,N/A,N/A,N/A,N/A,N/A,N/A,N/A,0.010123077569214302,0.0,0.010165160618764144,0.0,0.49521176819969875,0.47789573003201113,0.4093361212728456
feaco_baseline__pos_0p5_rot_10p0__xyz0p5__ryp10__seed28,4831,0.9939971020492652,0.006002897950734831,N/A,N/A,N/A,N/A,N/A,N/A,N/A,N/A,0.16552729072588837,0.1610738255033557,0.16652693492227544,0.16172067629446985,0.7869059712726317,0.6820715042824905,0.4592952820494035
feaco_baseline__pos_0p5_rot_10p0__xyz0p5__ryp10__seed42,4831,0.9950320844545643,0.0049679155454357415,N/A,N/A,N/A,N/A,N/A,N/A,N/A,N/A,0.0420233393210309,0.0343511450381679,0.04223315004366555,0.0344827586206896,0.5135888253935361,0.4768814605931064,0.3881534617136844
feaco_baseline__pos_0p5_rot_14p0__xyz0p5__ryp14__seed20,4831,0.9904781618712482,0.009521838128751847,N/A,N/A,N/A,N/A,N/A,N/A,N/A,N/A,0.008435846689213858,0.0,0.00851694364798164,0.0,0.4811214687356425,0.4664903883850893,0.4005139451474395
feaco_baseline__pos_0p5_rot_14p0__xyz0p5__ryp14__seed28,4831,0.994204098530325,0.005795901469675013,N/A,N/A,N/A,N/A,N/A,N/A,N/A,N/A,0.13593709461986583,0.1296296296296296,0.1367295657107166,0.1302325581395348,0.7229231123726348,0.6015348538507467,0.40813322663939267
feaco_baseline__pos_0p5_rot_14p0__xyz0p5__ryp14__seed42,4831,0.9946180914924446,0.005381908507555377,N/A,N/A,N/A,N/A,N/A,N/A,N/A,N/A,0.028330231455509742,0.0209790209790209,0.02848352719283404,0.0211640211640211,0.4990331104192088,0.471018699669759,0.395076535258527
feaco_baseline__pos_0p5_rot_1p0__xyz0p5__ryp1__seed20,4831,0.9931691161250259,0.006830883874974103,N/A,N/A,N/A,N/A,N/A,N/A,N/A,N/A,0.1060077924567354,0.1011235955056179,0.10673689982461207,0.1014492753623188,0.6429925488340549,0.5301347865632937,0.3810990341748439
feaco_baseline__pos_0p5_rot_1p0__xyz0p5__ryp1__seed28,4831,0.9939971020492652,0.006002897950734831,N/A,N/A,N/A,N/A,N/A,N/A,N/A,N/A,0.22161548387998792,0.22,0.22295385310791782,0.2211032388663967,0.8410648504431922,0.8251485262601823,0.7095889569427295
feaco_baseline__pos_0p5_rot_1p0__xyz0p5__ryp1__seed42,4831,0.9944110950113848,0.005588904988615195,N/A,N/A,N/A,N/A,N/A,N/A,N/A,N/A,0.1798671690692924,0.1774193548387097,0.1808780794699733,0.1780821917808219,0.828716751835744,0.7945773469726013,0.6052053486172679
feaco_baseline__pos_0p5_rot_2p0__xyz0p5__ryp2__seed20,4831,0.9944110950113848,0.005588904988615195,N/A,N/A,N/A,N/A,N/A,N/A,N/A,N/A,0.052673677107641634,0.044776119402985,0.0529697198390959,0.045097374584000954,0.5214424011340174,0.47736723717137275,0.3853954930529145
feaco_baseline__pos_0p5_rot_2p0__xyz0p5__ryp2__seed28,4831,0.9935831090871455,0.006416890912854467,N/A,N/A,N/A,N/A,N/A,N/A,N/A,N/A,0.22005528101183758,0.2183908045977011,0.22147647136837237,0.2195121951219512,0.8417270279852749,0.8226596469797586,0.6958751847767697
feaco_baseline__pos_0p5_rot_2p0__xyz0p5__ryp2__seed42,4831,0.994204098530325,0.005795901469675013,N/A,N/A,N/A,N/A,N/A,N/A,N/A,N/A,0.1541699127664688,0.15,0.1550686755308788,0.15,0.8021881216770989,0.7141414083210208,0.48527206413418683
feaco_baseline__pos_0p5_rot_4p0__xyz0p5__ryp4__seed20,4831,0.9931691161250259,0.006830883874974103,N/A,N/A,N/A,N/A,N/A,N/A,N/A,N/A,0.021843745095177038,0.0152091254752851,0.021993983442017563,0.0153846153846153,0.4979304869660932,0.4755086828304717,0.4015636102295571
feaco_baseline__pos_0p5_rot_4p0__xyz0p5__ryp4__seed28,4831,0.9937901055682054,0.006209894431794649,N/A,N/A,N/A,N/A,N/A,N/A,N/A,N/A,0.21059166480675987,0.2093023255813953,0.21190758856101993,0.2098765432098765,0.8372365262361535,0.8085982656608844,0.64026150442807
feaco_baseline__pos_0p5_rot_4p0__xyz0p5__ryp4__seed42,4831,0.9946180914924446,0.005381908507555377,N/A,N/A,N/A,N/A,N/A,N/A,N/A,N/A,0.10728428243743508,0.1016949152542373,0.10786480092721103,0.1020408163265306,0.670842926487017,0.5504732210170393,0.39269177946035505
feaco_baseline__pos_0p5_rot_6p0__xyz0p5__ryp6__seed20,4831,0.9944110950113848,0.005588904988615195,N/A,N/A,N/A,N/A,N/A,N/A,N/A,N/A,0.014687050227145967,0.0076923076923076,0.014769596096449244,0.0078125,0.4991255993762526,0.4792679518502175,0.40677648708718633
feaco_baseline__pos_0p5_rot_6p0__xyz0p5__ryp6__seed28,4831,0.9939971020492652,0.006002897950734831,N/A,N/A,N/A,N/A,N/A,N/A,N/A,N/A,0.1963094244487264,0.196078431372549,0.19749496657888324,0.1967213114754098,0.8292452667839417,0.776498404176571,0.5714255385140056
feaco_baseline__pos_0p5_rot_6p0__xyz0p5__ryp6__seed42,4831,0.994204098530325,0.005795901469675013,N/A,N/A,N/A,N/A,N/A,N/A,N/A,N/A,0.07423603826914192,0.0666666666666666,0.07466881134254104,0.0666666666666666,0.5669872576729039,0.49671781769062173,0.38193441606025613
feaco_baseline__pos_0p5_rot_8p0__xyz0p5__ryp8__seed20,4831,0.9960670668598633,0.003932933140136652,N/A,N/A,N/A,N/A,N/A,N/A,N/A,N/A,0.01246522437782769,0.005050505050505,0.012514442844822437,0.0051546391752577,0.49877653312033376,0.48035667477766225,0.4091735563268418
feaco_baseline__pos_0p5_rot_8p0__xyz0p5__ryp8__seed28,4831,0.994204098530325,0.005795901469675013,N/A,N/A,N/A,N/A,N/A,N/A,N/A,N/A,0.17965842391537512,0.1764705882352941,0.18070577679266653,0.1764705882352941,0.8129233392496286,0.7352431132879952,0.5081266818808907
feaco_baseline__pos_0p5_rot_8p0__xyz0p5__ryp8__seed42,4831,0.9939971020492652,0.006002897950734831,N/A,N/A,N/A,N/A,N/A,N/A,N/A,N/A,0.05332388581272072,0.044776119402985,0.05364591677660429,0.0451127819548872,0.5269557574609457,0.48195935911952426,0.3857293688444146
feaco_baseline__pos_1p0_rot_10p0__xyz1__ryp10__seed20,4831,0.9933761126060857,0.006623887393914285,N/A,N/A,N/A,N/A,N/A,N/A,N/A,N/A,0.008510092790783564,0.0,0.008566838564758367,0.0,0.47689428337167983,0.46332951348171286,0.3977436598770989
feaco_baseline__pos_1p0_rot_10p0__xyz1__ryp10__seed28,4831,0.9948250879735044,0.0051749120264955595,N/A,N/A,N/A,N/A,N/A,N/A,N/A,N/A,0.13978781514534536,0.1379310344827586,0.1405149677418151,0.13864999638649994,0.7492934065048791,0.6734001088775826,0.474046861178884
feaco_baseline__pos_1p0_rot_10p0__xyz1__ryp10__seed42,4831,0.9931691161250259,0.006830883874974103,N/A,N/A,N/A,N/A,N/A,N/A,N/A,N/A,0.028970007934755373,0.0209424083769633,0.02916925976090105,0.0212765957446808,0.4957502220369442,0.46451542650927935,0.38188709962612116
feaco_baseline__pos_1p0_rot_14p0__xyz1__ryp14__seed20,4831,0.9869592216932312,0.013040778306768752,N/A,N/A,N/A,N/A,N/A,N/A,N/A,N/A,0.006995155695728569,0.0,0.0070875832982518275,0.0,0.46095003672432405,0.4496411526941168,0.3869056491254554
feaco_baseline__pos_1p0_rot_14p0__xyz1__ryp14__seed28,4831,0.9937901055682054,0.006209894431794649,N/A,N/A,N/A,N/A,N/A,N/A,N/A,N/A,0.11777451090696643,0.1132075471698113,0.11851044827984895,0.1136363636363636,0.7031989829037695,0.6101998347713189,0.4284074583479482
feaco_baseline__pos_1p0_rot_14p0__xyz1__ryp14__seed42,4831,0.9935831090871455,0.006416890912854467,N/A,N/A,N/A,N/A,N/A,N/A,N/A,N/A,0.020663604953231444,0.0129870129870129,0.020797057401887732,0.0131578947368421,0.4835478295610296,0.4593510212783139,0.3818909142412592
feaco_baseline__pos_1p0_rot_1p0__xyz1__ryp1__seed20,4831,0.9948250879735044,0.0051749120264955595,N/A,N/A,N/A,N/A,N/A,N/A,N/A,N/A,0.09116979614920682,0.0816326530612244,0.09164404602513902,0.0821917808219178,0.624532799116238,0.5302917166420338,0.3898608572225422
feaco_baseline__pos_1p0_rot_1p0__xyz1__ryp1__seed28,4831,0.9935831090871455,0.006416890912854467,N/A,N/A,N/A,N/A,N/A,N/A,N/A,N/A,0.18099025358950316,0.1785714285714285,0.1821591489772687,0.1797752808988764,0.7992500033423582,0.7749457471511835,0.6451289143930338
feaco_baseline__pos_1p0_rot_1p0__xyz1__ryp1__seed42,4831,0.9931691161250259,0.006830883874974103,N/A,N/A,N/A,N/A,N/A,N/A,N/A,N/A,0.11423236819055832,0.109090909090909,0.11501804308640837,0.1099909265046879,0.7563328858453692,0.7236862114807493,0.5515342381572306
feaco_baseline__pos_1p0_rot_2p0__xyz1__ryp2__seed20,4831,0.9946180914924446,0.005381908507555377,N/A,N/A,N/A,N/A,N/A,N/A,N/A,N/A,0.04465226160044857,0.037037037037037,0.04489387633543539,0.037037037037037,0.5178017025447045,0.48028394657899803,0.391450155661721
feaco_baseline__pos_1p0_rot_2p0__xyz1__ryp2__seed28,4831,0.9931691161250259,0.006830883874974103,N/A,N/A,N/A,N/A,N/A,N/A,N/A,N/A,0.1786254520583667,0.1785714285714285,0.17985401394205286,0.1794871794871795,0.7984156100300225,0.7717550929222794,0.6330476649853981
feaco_baseline__pos_1p0_rot_2p0__xyz1__ryp2__seed42,4831,0.9931691161250259,0.006830883874974103,N/A,N/A,N/A,N/A,N/A,N/A,N/A,N/A,0.10047268033589431,0.0961538461538461,0.10116371794554092,0.0967741935483871,0.7317195056932103,0.6562113668145657,0.4554591127962644
feaco_baseline__pos_1p0_rot_4p0__xyz1__ryp4__seed20,4831,0.9950320844545643,0.0049679155454357415,N/A,N/A,N/A,N/A,N/A,N/A,N/A,N/A,0.018760979561159172,0.0117647058823529,0.01885464785936342,0.0119047619047619,0.4955494934297839,0.47545321672031077,0.40398068374881113
feaco_baseline__pos_1p0_rot_4p0__xyz1__ryp4__seed28,4831,0.9935831090871455,0.006416890912854467,N/A,N/A,N/A,N/A,N/A,N/A,N/A,N/A,0.17147084989104536,0.1704545454545454,0.17257826579659166,0.17129987129987123,0.7944099836488071,0.7617222009666601,0.6026249132246635
feaco_baseline__pos_1p0_rot_4p0__xyz1__ryp4__seed42,4831,0.9931691161250259,0.006830883874974103,N/A,N/A,N/A,N/A,N/A,N/A,N/A,N/A,0.07131168415616904,0.0620689655172413,0.07180215634815602,0.0625,0.6227590370462516,0.5306885828682507,0.38109382318530427
feaco_baseline__pos_1p0_rot_6p0__xyz1__ryp6__seed20,4831,0.9956530738977437,0.004346926102256288,N/A,N/A,N/A,N/A,N/A,N/A,N/A,N/A,0.012565305201553434,0.005,0.012620164122391817,0.0050633235912423,0.4894231018591061,0.47208462256696,0.40444398138909726
feaco_baseline__pos_1p0_rot_6p0__xyz1__ryp6__seed28,4831,0.9935831090871455,0.006416890912854467,N/A,N/A,N/A,N/A,N/A,N/A,N/A,N/A,0.16079245248334187,0.1586538461538461,0.16183090373896344,0.15935616262665125,0.7834762123043338,0.7344131896476312,0.5499745201377533
feaco_baseline__pos_1p0_rot_6p0__xyz1__ryp6__seed42,4831,0.9931691161250259,0.006830883874974103,N/A,N/A,N/A,N/A,N/A,N/A,N/A,N/A,0.04935266132804738,0.040590405904059,0.04969210230841953,0.0408163265306122,0.5414313062255199,0.48256485949394795,0.3724154228794338
feaco_baseline__pos_1p0_rot_8p0__xyz1__ryp8__seed20,4831,0.9946180914924446,0.005381908507555377,N/A,N/A,N/A,N/A,N/A,N/A,N/A,N/A,0.010683193980226014,0.0,0.010741001065238683,0.0,0.4837900156213135,0.46923072378836156,0.4024276470314947
feaco_baseline__pos_1p0_rot_8p0__xyz1__ryp8__seed28,4831,0.9939971020492652,0.006002897950734831,N/A,N/A,N/A,N/A,N/A,N/A,N/A,N/A,0.15036652802547415,0.1489361702127659,0.15127461409643184,0.15,0.7723639495150421,0.7041526713501868,0.5061687599239892
feaco_baseline__pos_1p0_rot_8p0__xyz1__ryp8__seed42,4831,0.9933761126060857,0.006623887393914285,N/A,N/A,N/A,N/A,N/A,N/A,N/A,N/A,0.03633133570130352,0.027027027027027,0.036573595076682085,0.0272727272727272,0.5058595624229361,0.4690597926309044,0.375818647658048
feaco_baseline__pos_1p5_rot_10p0__xyz1p5__ryp10__seed20,4831,0.991927137238667,0.00807286276133301,N/A,N/A,N/A,N/A,N/A,N/A,N/A,N/A,0.007459274761487717,0.0,0.007519982548569941,0.0,0.4623281620576084,0.4501644910412559,0.3890219620862954
feaco_baseline__pos_1p5_rot_10p0__xyz1p5__ryp10__seed28,4831,0.9929621196439661,0.007037880356033921,N/A,N/A,N/A,N/A,N/A,N/A,N/A,N/A,0.1102987811558978,0.0973451327433628,0.11108055279636067,0.0984848484848484,0.7068582231058428,0.6446011415721409,0.4705327263263608
feaco_baseline__pos_1p5_rot_10p0__xyz1p5__ryp10__seed42,4831,0.9873732146553509,0.012626785344649116,N/A,N/A,N/A,N/A,N/A,N/A,N/A,N/A,0.021382652872906586,0.0125,0.021656099796438517,0.0128205128205128,0.4777268358249041,0.44706348453984673,0.35986501134887033
feaco_baseline__pos_1p5_rot_14p0__xyz1p5__ryp14__seed20,4831,0.9815773131856759,0.01842268681432413,N/A,N/A,N/A,N/A,N/A,N/A,N/A,N/A,0.006460218137420236,0.0,0.006581466432281139,0.0,0.4459310952171504,0.43595876185238297,0.3734072125472236
feaco_baseline__pos_1p5_rot_14p0__xyz1p5__ryp14__seed28,4831,0.9927551231629063,0.007244876837093739,N/A,N/A,N/A,N/A,N/A,N/A,N/A,N/A,0.09155947574997823,0.0779220779220779,0.09222765374231544,0.0793051811919736,0.6716989163467413,0.5970292084020832,0.4287526486083587
feaco_baseline__pos_1p5_rot_14p0__xyz1p5__ryp14__seed42,4831,0.9855102463258124,0.014489753674187589,N/A,N/A,N/A,N/A,N/A,N/A,N/A,N/A,0.015281957666074408,0.0059171597633136,0.01550664513438468,0.0063291139240506,0.4723715653627973,0.4482624051161661,0.36811551656007885
feaco_baseline__pos_1p5_rot_1p0__xyz1p5__ryp1__seed20,4831,0.9931691161250259,0.006830883874974103,N/A,N/A,N/A,N/A,N/A,N/A,N/A,N/A,0.06963733775453569,0.0612244897959183,0.07011629401670735,0.0615384615384615,0.6055991797633367,0.5269599044709061,0.3894346074525034
feaco_baseline__pos_1p5_rot_1p0__xyz1p5__ryp1__seed28,4831,0.9935831090871455,0.006416890912854467,N/A,N/A,N/A,N/A,N/A,N/A,N/A,N/A,0.14339937265436217,0.125,0.14432549360275493,0.125,0.7458704196927565,0.7148225609085913,0.5811491655673043
feaco_baseline__pos_1p5_rot_1p0__xyz1p5__ryp1__seed42,4831,0.9857172428068722,0.01428275719312777,N/A,N/A,N/A,N/A,N/A,N/A,N/A,N/A,0.0701536279428162,0.0588235294117647,0.07117013368159282,0.0596178382647791,0.6672280792354264,0.6366058526838339,0.48689845600453074
feaco_baseline__pos_1p5_rot_2p0__xyz1p5__ryp2__seed20,4831,0.9937901055682054,0.006209894431794649,N/A,N/A,N/A,N/A,N/A,N/A,N/A,N/A,0.035948095007360015,0.0276243093922651,0.03617272380349015,0.0277777777777777,0.5124392778491342,0.47893141592314165,0.39093512141628817
feaco_baseline__pos_1p5_rot_2p0__xyz1p5__ryp2__seed28,4831,0.9931691161250259,0.006830883874974103,N/A,N/A,N/A,N/A,N/A,N/A,N/A,N/A,0.14221665260023875,0.125,0.1431947996481353,0.1272727272727272,0.7447055687677736,0.7121786005564376,0.5769026474621919
feaco_baseline__pos_1p5_rot_2p0__xyz1p5__ryp2__seed42,4831,0.984889256882633,0.015110743117367043,N/A,N/A,N/A,N/A,N/A,N/A,N/A,N/A,0.06214190240746546,0.0508474576271186,0.06309531957344801,0.0520156926406926,0.6473526206813464,0.5934633971024084,0.424482184068449
feaco_baseline__pos_1p5_rot_4p0__xyz1p5__ryp4__seed20,4831,0.9944110950113848,0.005588904988615195,N/A,N/A,N/A,N/A,N/A,N/A,N/A,N/A,0.016148670430793696,0.008695652173913,0.016239431068102488,0.0088495575221238,0.485803280602825,0.46769464854427045,0.3964942950235122
feaco_baseline__pos_1p5_rot_4p0__xyz1p5__ryp4__seed28,4831,0.9923411302007866,0.007658869799213375,N/A,N/A,N/A,N/A,N/A,N/A,N/A,N/A,0.13861941871984695,0.1267605633802817,0.13968928073332929,0.12814197296955915,0.7430969833330304,0.7054289017926548,0.5549627161579402
feaco_baseline__pos_1p5_rot_4p0__xyz1p5__ryp4__seed42,4831,0.9844752639205133,0.015524736079486678,N/A,N/A,N/A,N/A,N/A,N/A,N/A,N/A,0.04625454073470277,0.0344827586206896,0.04698395422400107,0.03519357350130935,0.5715036458664284,0.5039893642924023,0.3646818664135431
feaco_baseline__pos_1p5_rot_6p0__xyz1p5__ryp6__seed20,4831,0.9944110950113848,0.005588904988615195,N/A,N/A,N/A,N/A,N/A,N/A,N/A,N/A,0.011373736939929905,0.0,0.011437660940216773,0.0,0.4766122922579191,0.4612976928529883,0.3960883110386193
feaco_baseline__pos_1p5_rot_6p0__xyz1p5__ryp6__seed28,4831,0.9923411302007866,0.007658869799213375,N/A,N/A,N/A,N/A,N/A,N/A,N/A,N/A,0.13120860120430533,0.11875,0.13222126667042117,0.12,0.7369882742370267,0.689019836533564,0.5244136279004695
feaco_baseline__pos_1p5_rot_6p0__xyz1p5__ryp6__seed42,4831,0.9853032498447526,0.014696750155247407,N/A,N/A,N/A,N/A,N/A,N/A,N/A,N/A,0.0337286197796668,0.0224719101123595,0.034231714738565185,0.0232558139534883,0.5134168007573374,0.4651527473043094,0.35644556856686754
feaco_baseline__pos_1p5_rot_8p0__xyz1p5__ryp8__seed20,4831,0.9939971020492652,0.006002897950734831,N/A,N/A,N/A,N/A,N/A,N/A,N/A,N/A,0.0093786249678555,0.0,0.009435263894150338,0.0,0.47277593100513293,0.45957543330387246,0.39036036037694866
feaco_baseline__pos_1p5_rot_8p0__xyz1p5__ryp8__seed28,4831,0.9931691161250259,0.006830883874974103,N/A,N/A,N/A,N/A,N/A,N/A,N/A,N/A,0.1214928584539108,0.1097560975609756,0.12232847002727033,0.1111111111111111,0.724386041969139,0.6691110298307709,0.4963924258701755
feaco_baseline__pos_1p5_rot_8p0__xyz1p5__ryp8__seed42,4831,0.9850962533636928,0.014903746636307225,N/A,N/A,N/A,N/A,N/A,N/A,N/A,N/A,0.02651423136487669,0.0163934426229508,0.026915371238436497,0.0168539325842696,0.4825271781406897,0.4442752940623859,0.35176541669780104
feaco_baseline__pos_2p0_rot_10p0__xyz2__ryp10__seed20,4831,0.9886151935417098,0.011384806458290209,N/A,N/A,N/A,N/A,N/A,N/A,N/A,N/A,0.006864686850905103,0.0,0.0069437399867509535,0.0,0.44831272043867787,0.4368256415321837,0.37676362350392356
feaco_baseline__pos_2p0_rot_10p0__xyz2__ryp10__seed28,4831,0.9927551231629063,0.007244876837093739,N/A,N/A,N/A,N/A,N/A,N/A,N/A,N/A,0.08344676753587542,0.064516129032258,0.08405574102706719,0.06507622811970634,0.6740742818796608,0.6209134317587046,0.4661173811310226
feaco_baseline__pos_2p0_rot_10p0__xyz2__ryp10__seed42,4831,0.8958807700269096,0.10411922997309042,N/A,N/A,N/A,N/A,N/A,N/A,N/A,N/A,0.010833118333714567,0.0,0.012092142945973909,0.0,0.4393943028654575,0.4207721119536498,0.34386438430498956
feaco_baseline__pos_2p0_rot_14p0__xyz2__ryp14__seed20,4831,0.9730904574622231,0.026909542537776887,N/A,N/A,N/A,N/A,N/A,N/A,N/A,N/A,0.006390401060327261,0.0,0.0065671192347247385,0.0,0.43520618249660675,0.4250056685547834,0.36724131509073876
feaco_baseline__pos_2p0_rot_14p0__xyz2__ryp14__seed28,4831,0.9921341337197268,0.007865866280273193,N/A,N/A,N/A,N/A,N/A,N/A,N/A,N/A,0.07061200787943775,0.0508474576271186,0.07117183602452823,0.0518867924528301,0.6469671238932165,0.5884864700489792,0.4402226061589903
feaco_baseline__pos_2p0_rot_14p0__xyz2__ryp14__seed42,4831,0.8904988615193542,0.1095011384806458,N/A,N/A,N/A,N/A,N/A,N/A,N/A,N/A,0.008610642904365135,0.0,0.009669459756157128,0.0,0.43296682934384967,0.41805931782019423,0.3483958865115615
feaco_baseline__pos_2p0_rot_1p0__xyz2__ryp1__seed20,4831,0.9933761126060857,0.006623887393914285,N/A,N/A,N/A,N/A,N/A,N/A,N/A,N/A,0.057555504441830066,0.0470588235294117,0.05793928775963347,0.0476190476190476,0.5928026443222933,0.5253736678961993,0.3885725263465825
feaco_baseline__pos_2p0_rot_1p0__xyz2__ryp1__seed28,4831,0.9925481266818464,0.007451873318153557,N/A,N/A,N/A,N/A,N/A,N/A,N/A,N/A,0.10640250509485136,0.0869565217391304,0.10720135601944253,0.088235294117647,0.7109989489787135,0.6800304992132574,0.5465052867041191
feaco_baseline__pos_2p0_rot_1p0__xyz2__ryp1__seed42,4831,0.8981577313185676,0.10184226868143242,N/A,N/A,N/A,N/A,N/A,N/A,N/A,N/A,0.019198009149304668,0.0,0.021374874902118198,0.0070422535211267,0.49303506756439847,0.4727055842288971,0.37641342993805593
feaco_baseline__pos_2p0_rot_2p0__xyz2__ryp2__seed20,4831,0.9927551231629063,0.007244876837093739,N/A,N/A,N/A,N/A,N/A,N/A,N/A,N/A,0.029641806686075814,0.0208333333333333,0.02985812512519438,0.02122030845435095,0.5016283950903702,0.46979780135206906,0.37817045285849565
feaco_baseline__pos_2p0_rot_2p0__xyz2__ryp2__seed28,4831,0.991927137238667,0.00807286276133301,N/A,N/A,N/A,N/A,N/A,N/A,N/A,N/A,0.1057761374335476,0.0849056603773584,0.10663700332668374,0.0857142857142857,0.709934760272455,0.6785309604022121,0.5428079165913087
feaco_baseline__pos_2p0_rot_2p0__xyz2__ryp2__seed42,4831,0.892982819292072,0.10701718070792798,N/A,N/A,N/A,N/A,N/A,N/A,N/A,N/A,0.017939463703498124,0.0,0.02008937161604067,0.0055096836864792,0.48515075174223293,0.46020429069531404,0.36107118713801445
feaco_baseline__pos_2p0_rot_4p0__xyz2__ryp4__seed20,4831,0.9931691161250259,0.006830883874974103,N/A,N/A,N/A,N/A,N/A,N/A,N/A,N/A,0.012652668380475766,0.0,0.012739691735322724,0.0,0.4779883899897826,0.45860088853476894,0.3848125944804816
feaco_baseline__pos_2p0_rot_4p0__xyz2__ryp4__seed28,4831,0.9925481266818464,0.007451873318153557,N/A,N/A,N/A,N/A,N/A,N/A,N/A,N/A,0.09977581065533053,0.0789473684210526,0.10052490954659057,0.08,0.7011131872606386,0.6662851133015152,0.5225168861783086
feaco_baseline__pos_2p0_rot_4p0__xyz2__ryp4__seed42,4831,0.9033326433450631,0.09666735665493686,N/A,N/A,N/A,N/A,N/A,N/A,N/A,N/A,0.01589287363236107,0.0,0.017593600485319962,0.0,0.4671709216049036,0.4408179444703546,0.3434574572893474
feaco_baseline__pos_2p0_rot_6p0__xyz2__ryp6__seed20,4831,0.9925481266818464,0.007451873318153557,N/A,N/A,N/A,N/A,N/A,N/A,N/A,N/A,0.0094442612707932,0.0,0.009515167090553065,0.0,0.46485491317185185,0.45028861015442595,0.3849073819917858
feaco_baseline__pos_2p0_rot_6p0__xyz2__ryp6__seed28,4831,0.9913061477954874,0.008693852204512575,N/A,N/A,N/A,N/A,N/A,N/A,N/A,N/A,0.09726814437530794,0.0769230769230769,0.09812119554752823,0.0789473684210526,0.7007679648745515,0.6567008877402571,0.5060819711469612
feaco_baseline__pos_2p0_rot_6p0__xyz2__ryp6__seed42,4831,0.9004346926102256,0.09956530738977443,N/A,N/A,N/A,N/A,N/A,N/A,N/A,N/A,0.013484918031458393,0.0,0.01497600896781046,0.0,0.44851781149416153,0.4253352485475891,0.3406516786071811
feaco_baseline__pos_2p0_rot_8p0__xyz2__ryp8__seed20,4831,0.9908921548333678,0.009107845166632211,N/A,N/A,N/A,N/A,N/A,N/A,N/A,N/A,0.008056630119258387,0.0,0.00813068312223465,0.0,0.4558685922460341,0.4426716461505442,0.3804326715301786
feaco_baseline__pos_2p0_rot_8p0__xyz2__ryp8__seed28,4831,0.9925481266818464,0.007451873318153557,N/A,N/A,N/A,N/A,N/A,N/A,N/A,N/A,0.09052077705646747,0.072072072072072,0.09120039081538983,0.0735294117647058,0.687940554984017,0.6402709799143999,0.482459985891415
feaco_baseline__pos_2p0_rot_8p0__xyz2__ryp8__seed42,4831,0.8944317946594907,0.10556820534050926,N/A,N/A,N/A,N/A,N/A,N/A,N/A,N/A,0.0119219838593675,0.0,0.013329114562509693,0.0,0.43943671645717525,0.4196289153173077,0.34247456224045797
feaco_baseline__pos_only_0p2__xyz0p2__ryp0__seed20,4831,0.994204098530325,0.005795901469675013,N/A,N/A,N/A,N/A,N/A,N/A,N/A,N/A,0.24234897139528533,0.2403846153846154,0.24376179071634882,0.2413793103448276,0.8698397737964877,0.8565958569031328,0.7478765176523003
feaco_baseline__pos_only_0p2__xyz0p2__ryp0__seed28,4831,0.994204098530325,0.005795901469675013,N/A,N/A,N/A,N/A,N/A,N/A,N/A,N/A,0.21223975676529047,0.2136752136752136,0.21347704870562534,0.2142857142857142,0.8612744938446592,0.8458368345946561,0.7314014314874392
feaco_baseline__pos_only_0p2__xyz0p2__ryp0__seed42,4831,0.9948250879735044,0.0051749120264955595,N/A,N/A,N/A,N/A,N/A,N/A,N/A,N/A,0.2475326098239003,0.2455089820359281,0.2488202326382152,0.24626532887402452,0.8685449847218831,0.8545079570554468,0.7462409669464505
feaco_baseline__pos_only_0p5__xyz0p5__ryp0__seed20,4831,0.9944110950113848,0.005588904988615195,N/A,N/A,N/A,N/A,N/A,N/A,N/A,N/A,0.19860970826091107,0.2016129032258064,0.1997259576620444,0.2023140716960941,0.8578384999790082,0.8397245977750329,0.7227580045749773
feaco_baseline__pos_only_0p5__xyz0p5__ryp0__seed28,4831,0.9944110950113848,0.005588904988615195,N/A,N/A,N/A,N/A,N/A,N/A,N/A,N/A,0.22239868495250162,0.2222222222222222,0.22364863592954523,0.22325762829403606,0.8420102279524003,0.8237368607439834,0.7088621723895141
feaco_baseline__pos_only_0p5__xyz0p5__ryp0__seed42,4831,0.9946180914924446,0.005381908507555377,N/A,N/A,N/A,N/A,N/A,N/A,N/A,N/A,0.19061424110144357,0.1866666666666666,0.1916456605121902,0.1875,0.8362506163214335,0.8204681491146709,0.6990400652575193
feaco_baseline__pos_only_1p0__xyz1__ryp0__seed20,4831,0.9937901055682054,0.006209894431794649,N/A,N/A,N/A,N/A,N/A,N/A,N/A,N/A,0.17787381695174892,0.1709401709401709,0.17898529674940616,0.1719745222929936,0.8188767762002505,0.7990924080077548,0.6736096086464763
feaco_baseline__pos_only_1p0__xyz1__ryp0__seed28,4831,0.9933761126060857,0.006623887393914285,N/A,N/A,N/A,N/A,N/A,N/A,N/A,N/A,0.18316575960260523,0.1782178217821782,0.1843871191165213,0.1792452830188679,0.8010769543530355,0.7772165709631695,0.6510121558511169
feaco_baseline__pos_only_1p0__xyz1__ryp0__seed42,4831,0.9929621196439661,0.007037880356033921,N/A,N/A,N/A,N/A,N/A,N/A,N/A,N/A,0.12136940533813295,0.1147540983606557,0.12222964294111326,0.1153846153846153,0.7663258170962943,0.7466289228412509,0.6129777645534276
feaco_baseline__pos_only_1p5__xyz1p5__ryp0__seed20,4831,0.9933761126060857,0.006623887393914285,N/A,N/A,N/A,N/A,N/A,N/A,N/A,N/A,0.12890875635124574,0.1240875912408759,0.1297683271375012,0.125,0.7765648013146459,0.7541348733311855,0.6192076048622965
feaco_baseline__pos_only_1p5__xyz1p5__ryp0__seed28,4831,0.9937901055682054,0.006209894431794649,N/A,N/A,N/A,N/A,N/A,N/A,N/A,N/A,0.14650578049545276,0.1298701298701298,0.14742125090054828,0.1304347826086956,0.7476999331094034,0.7185911386509098,0.5863709614693444
feaco_baseline__pos_only_1p5__xyz1p5__ryp0__seed42,4831,0.9828192920720348,0.017180707927965222,N/A,N/A,N/A,N/A,N/A,N/A,N/A,N/A,0.07353322000636228,0.0602409638554216,0.07481865750857965,0.062305900621118,0.6737442951920586,0.6509220729521346,0.5201076626185498
feaco_baseline__pos_only_2p0__xyz2__ryp0__seed20,4831,0.9929621196439661,0.007037880356033921,N/A,N/A,N/A,N/A,N/A,N/A,N/A,N/A,0.09590530292165941,0.0863309352517985,0.0965850569969849,0.087248322147651,0.7222407987162212,0.6945857498521479,0.5605348119922554
feaco_baseline__pos_only_2p0__xyz2__ryp0__seed28,4831,0.9929621196439661,0.007037880356033921,N/A,N/A,N/A,N/A,N/A,N/A,N/A,N/A,0.10644427761838843,0.0858585858585858,0.10719872945058047,0.0869565217391304,0.7081403629129464,0.6780343799097216,0.5476710290716873
feaco_baseline__pos_only_2p0__xyz2__ryp0__seed42,4831,0.9025046574208239,0.09749534257917614,N/A,N/A,N/A,N/A,N/A,N/A,N/A,N/A,0.019947285668866756,0.0,0.02210214152896681,0.0086581709145427,0.5048359156311417,0.48638706075275717,0.38738584194978465
feaco_baseline__rot_only_10p0__xyz0__ryp10__seed20,4831,0.9944110950113848,0.005588904988615195,N/A,N/A,N/A,N/A,N/A,N/A,N/A,N/A,0.010149715668654203,0.0,0.010206760282112502,0.0,0.509759636787989,0.490730100707426,0.41592999250016316
feaco_baseline__rot_only_10p0__xyz0__ryp10__seed28,4831,0.9948250879735044,0.0051749120264955595,N/A,N/A,N/A,N/A,N/A,N/A,N/A,N/A,0.1766197601223028,0.1728395061728395,0.17753850627358403,0.17325884543761635,0.8090312234405654,0.6925487822612737,0.45517181839766363
feaco_baseline__rot_only_10p0__xyz0__ryp10__seed42,4831,0.994204098530325,0.005795901469675013,N/A,N/A,N/A,N/A,N/A,N/A,N/A,N/A,0.05151399166492765,0.0426829268292682,0.05181430225552062,0.0428571428571428,0.5189840004329851,0.46996644946983734,0.37216232196580357
feaco_baseline__rot_only_14p0__xyz0__ryp14__seed20,4831,0.9908921548333678,0.009107845166632211,N/A,N/A,N/A,N/A,N/A,N/A,N/A,N/A,0.008357255480721361,0.0,0.008434071699888218,0.0,0.4989977484659814,0.48195241537600475,0.412144510693063
feaco_baseline__rot_only_14p0__xyz0__ryp14__seed28,4831,0.9948250879735044,0.0051749120264955595,N/A,N/A,N/A,N/A,N/A,N/A,N/A,N/A,0.14477236317007136,0.1375,0.14552544454319907,0.1379310344827586,0.7355595584786139,0.5983407806241265,0.40503503151406095
feaco_baseline__rot_only_14p0__xyz0__ryp14__seed42,4831,0.9939971020492652,0.006002897950734831,N/A,N/A,N/A,N/A,N/A,N/A,N/A,N/A,0.03478226590345139,0.0273972602739726,0.03499232123689581,0.0275229357798165,0.5076095791761764,0.47146874635645203,0.38297000640635576
feaco_baseline__rot_only_1p0__xyz0__ryp1__seed20,4831,0.994204098530325,0.005795901469675013,N/A,N/A,N/A,N/A,N/A,N/A,N/A,N/A,0.11647713100284252,0.1123595505617977,0.11715615654273,0.1129032258064516,0.6493086172786219,0.5245301969521915,0.3668751039691623
feaco_baseline__rot_only_1p0__xyz0__ryp1__seed28,4831,0.994204098530325,0.005795901469675013,N/A,N/A,N/A,N/A,N/A,N/A,N/A,N/A,0.26349394989629066,0.2631578947368421,0.26503003788236107,0.2637362637362637,0.871204951566967,0.8578002164707577,0.7476844132351342
feaco_baseline__rot_only_1p0__xyz0__ryp1__seed42,4831,0.9935831090871455,0.006416890912854467,N/A,N/A,N/A,N/A,N/A,N/A,N/A,N/A,0.24285665373989054,0.2421875,0.2444251029619607,0.24278779472954226,0.8650289924278763,0.8327737667630716,0.6489921155174672
feaco_baseline__rot_only_2p0__xyz0__ryp2__seed20,4831,0.9944110950113848,0.005588904988615195,N/A,N/A,N/A,N/A,N/A,N/A,N/A,N/A,0.05747153828574806,0.048780487804878,0.057794546515080945,0.0491803278688524,0.5228652968227373,0.47237425040120784,0.37123009105278426
feaco_baseline__rot_only_2p0__xyz0__ryp2__seed28,4831,0.9946180914924446,0.005381908507555377,N/A,N/A,N/A,N/A,N/A,N/A,N/A,N/A,0.25898675946016725,0.2608695652173913,0.2603881446310235,0.2619047619047619,0.8700164364736308,0.8534349306488562,0.7242173541443095
feaco_baseline__rot_only_2p0__xyz0__ryp2__seed42,4831,0.9937901055682054,0.006209894431794649,N/A,N/A,N/A,N/A,N/A,N/A,N/A,N/A,0.1984556608899328,0.1945945945945946,0.19969575041850976,0.1951219512195122,0.8369136990804757,0.7440975530276794,0.4887269075224192
feaco_baseline__rot_only_4p0__xyz0__ryp4__seed20,4831,0.9929621196439661,0.007037880356033921,N/A,N/A,N/A,N/A,N/A,N/A,N/A,N/A,0.023372293471686238,0.0169491525423728,0.02353795075291145,0.017094017094017,0.5067933251213351,0.48031193418493345,0.3963121627874964
feaco_baseline__rot_only_4p0__xyz0__ryp4__seed28,4831,0.9937901055682054,0.006209894431794649,N/A,N/A,N/A,N/A,N/A,N/A,N/A,N/A,0.24234657666524992,0.2416107382550335,0.24386092727969644,0.2424242424242424,0.8652974682639692,0.8364230560524787,0.6545597993972666
feaco_baseline__rot_only_4p0__xyz0__ryp4__seed42,4831,0.994204098530325,0.005795901469675013,N/A,N/A,N/A,N/A,N/A,N/A,N/A,N/A,0.1331434519306588,0.1290322580645161,0.1339196369512831,0.1294117647058823,0.6990135835199425,0.5545986173566995,0.37802195178604353
feaco_baseline__rot_only_6p0__xyz0__ryp6__seed20,4831,0.9939971020492652,0.006002897950734831,N/A,N/A,N/A,N/A,N/A,N/A,N/A,N/A,0.015463929881496873,0.0090497737556561,0.015557318879115243,0.0091324200913242,0.5113474211396637,0.48815940376394135,0.4072353066836054
feaco_baseline__rot_only_6p0__xyz0__ryp6__seed28,4831,0.9944110950113848,0.005588904988615195,N/A,N/A,N/A,N/A,N/A,N/A,N/A,N/A,0.2198621845843482,0.220125786163522,0.2210978796267665,0.22088684795867108,0.8537948272437457,0.7984823649402568,0.5715414605130779
feaco_baseline__rot_only_6p0__xyz0__ryp6__seed42,4831,0.9944110950113848,0.005588904988615195,N/A,N/A,N/A,N/A,N/A,N/A,N/A,N/A,0.09157119388636634,0.0849056603773584,0.09208585296940792,0.0853080568720379,0.5793456781811271,0.4922325019172314,0.36407980372416904
feaco_baseline__rot_only_8p0__xyz0__ryp8__seed20,4831,0.9950320844545643,0.0049679155454357415,N/A,N/A,N/A,N/A,N/A,N/A,N/A,N/A,0.01244226312646915,0.005181347150259,0.01250438384938058,0.0053191489361702,0.509951387469458,0.4888319973644023,0.4133843729101636
feaco_baseline__rot_only_8p0__xyz0__ryp8__seed28,4831,0.9954460774166839,0.004553922583316106,N/A,N/A,N/A,N/A,N/A,N/A,N/A,N/A,0.19710091588803041,0.1935483870967742,0.19800260441985337,0.1944444444444444,0.8377112355340735,0.7499623991935349,0.5031017585065182
feaco_baseline__rot_only_8p0__xyz0__ryp8__seed42,4831,0.9944110950113848,0.005588904988615195,N/A,N/A,N/A,N/A,N/A,N/A,N/A,N/A,0.066860685130878,0.0579710144927536,0.06723646333623473,0.058252427184466,0.5330773076752193,0.47631815650741394,0.3662114959870846
level2_status_skip__clean__xyz0__ryp0__seed20,4831,0.9308631753260195,0.06913682467398052,N/A,N/A,N/A,N/A,9.751976254807811,0.5174990296363831,50.01000213623047,6.863976860046384,0.2649732956972858,0.264367816091954,0.2763513687027921,0.2727272727272727,0.8657343401196563,0.8513880490974528,0.7497990065365141
level2_status_skip__clean__xyz0__ryp0__seed28,4831,0.9306561788449597,0.06934382115504034,N/A,N/A,N/A,N/A,9.520539596110904,0.5193376541137695,50.01000213623047,6.993442177772522,0.26494930958968654,0.2647058823529412,0.27622603510821453,0.2727272727272727,0.8657503773283256,0.8514852088999743,0.7496608448257049
level2_status_skip__clean__xyz0__ryp0__seed42,4831,0.93024218588284,0.06975781411715998,N/A,N/A,N/A,N/A,9.362111367761502,0.5163346529006958,50.01000213623047,6.9567410469054956,0.2648772885625585,0.2644628099173554,0.2763344669337083,0.2727272727272727,0.8659221420095954,0.8516057355781526,0.7496541089804551
level2_status_skip__pos_0p2_rot_10p0__xyz0p2__ryp10__seed20,4831,0.8741461395156283,0.12585386048437175,N/A,N/A,N/A,N/A,198.13904929440835,36.16115951538086,230.25782012939453,249.57605438232406,0.010172040855815103,0.0,0.009360007987067867,0.003831417624521,0.5052475813758168,0.48711572150709515,0.41670900857079424
level2_status_skip__pos_0p2_rot_10p0__xyz0p2__ryp10__seed28,4831,0.9381080521631132,0.061891947836886785,N/A,N/A,N/A,N/A,12.565851738344442,0.702642023563385,50.01000213623047,12.04006299972534,0.1699909503610002,0.1707317073170731,0.17377489561182516,0.173076923076923,0.7961778605824547,0.6821932697378534,0.451802599451912
level2_status_skip__pos_0p2_rot_10p0__xyz0p2__ryp10__seed42,4831,0.9153384392465328,0.0846615607534672,N/A,N/A,N/A,N/A,19.756439561811238,2.1530940532684326,50.01000213623047,29.106676578521714,0.05038064722576617,0.042016806722689,0.05044011006861045,0.04259442520204515,0.5153860059524655,0.4698595649607348,0.3800050596318177
level2_status_skip__pos_0p2_rot_14p0__xyz0p2__ryp14__seed20,4831,0.8199130614779548,0.18008693852204516,N/A,N/A,N/A,N/A,109.93024225244146,50.01000213623047,356.2274475097656,406.0457763671875,0.008523411247057413,0.0,0.006874730508318814,0.0,0.4968589941897666,0.48130154081395315,0.4131750804422526
level2_status_skip__pos_0p2_rot_14p0__xyz0p2__ryp14__seed28,4831,0.9405920099358311,0.05940799006416886,N/A,N/A,N/A,N/A,11.36631624682025,0.7914373874664307,50.01000213623047,12.040949916839583,0.14120173765007601,0.1393442622950819,0.1430944795933429,0.1408923338689857,0.7259129327327327,0.5941674335712623,0.39950117813653957
level2_status_skip__pos_0p2_rot_14p0__xyz0p2__ryp14__seed42,4831,0.912854481473815,0.08714551852618502,N/A,N/A,N/A,N/A,32.710138926295635,3.6738922595977774,50.01000213623047,43.63512611389162,0.03411798499083464,0.027027027027027,0.03367558683039199,0.0273972602739726,0.5010912664258321,0.4668813182399304,0.38757357843469326
level2_status_skip__pos_0p2_rot_1p0__xyz0p2__ryp1__seed20,4831,0.9273442351480025,0.07265576485199754,N/A,N/A,N/A,N/A,15.694192860084268,0.9358354806900024,50.01000213623047,14.782897758483887,0.1131116797786691,0.108433734939759,0.11540891301187359,0.11067842235799405,0.6445725137031357,0.5228097151592368,0.37000870172743056
level2_status_skip__pos_0p2_rot_1p0__xyz0p2__ryp1__seed28,4831,0.9333471330987373,0.06665286690126271,N/A,N/A,N/A,N/A,12.840589978088573,0.6264011859893799,50.01000213623047,10.340147590637129,0.21158992553263806,0.2153846153846154,0.21904525518581344,0.22,0.8562300960794654,0.8419688344742986,0.7237582416235485
level2_status_skip__pos_0p2_rot_1p0__xyz0p2__ryp1__seed42,4831,0.9248602773752846,0.07513972262471535,N/A,N/A,N/A,N/A,8.775631420404636,0.5772053599357605,50.01000213623047,8.257062673568724,0.22878499324578197,0.225563909774436,0.23825284331171026,0.2333333333333333,0.85541664499846,0.8217583934536559,0.6400024110285452
level2_status_skip__pos_0p2_rot_2p0__xyz0p2__ryp2__seed20,4831,0.9184433864624302,0.08155661353756982,N/A,N/A,N/A,N/A,22.648671453976373,1.919244408607483,50.01000213623047,30.092300415039052,0.056240455790418975,0.0476190476190476,0.05532110058356506,0.047457627118644,0.5239047527687459,0.47388531734123207,0.3773542921341568
level2_status_skip__pos_0p2_rot_2p0__xyz0p2__ryp2__seed28,4831,0.9352101014282758,0.06478989857172424,N/A,N/A,N/A,N/A,11.843967147798551,0.6173317432403564,50.01000213623047,9.390688085555992,0.21054604299169374,0.2142857142857142,0.21763121831916957,0.2195121951219512,0.8552555083367982,0.8367373700411312,0.7004271634933322
level2_status_skip__pos_0p2_rot_2p0__xyz0p2__ryp2__seed42,4831,0.9200993583109087,0.07990064168909128,N/A,N/A,N/A,N/A,12.292148351222224,0.6403561234474182,50.01000213623047,7.957148742675781,0.1879743562987939,0.1818181818181818,0.1953947052204684,0.1888888888888888,0.8283315802703157,0.734756103641051,0.4877463737797629
level2_status_skip__pos_0p2_rot_4p0__xyz0p2__ryp4__seed20,4831,0.9157524322086524,0.08424756779134757,N/A,N/A,N/A,N/A,36.84642242353091,6.163725852966309,56.77396202087402,62.066534614562954,0.023826372002710716,0.0174825174825174,0.023779779846911445,0.01795064579361455,0.5009568447076784,0.4755623213540214,0.39705346930090624
level2_status_skip__pos_0p2_rot_4p0__xyz0p2__ryp4__seed28,4831,0.9356240943903954,0.0643759056096046,N/A,N/A,N/A,N/A,8.284815153468143,0.6306442022323608,50.01000213623047,10.465915203094488,0.20568593491526682,0.208955223880597,0.21193846174982786,0.2121212121212121,0.8520207886822662,0.8209003834736412,0.6355629588355136
level2_status_skip__pos_0p2_rot_4p0__xyz0p2__ryp4__seed42,4831,0.9236182984889257,0.07638170151107426,N/A,N/A,N/A,N/A,16.541125403529428,0.8536059856414795,50.01000213623047,12.243122434616089,0.1274254517525471,0.1228070175438596,0.13046142741491296,0.125,0.6916364101436907,0.5506669982545858,0.38095358541583113
level2_status_skip__pos_0p2_rot_6p0__xyz0p2__ryp6__seed20,4831,0.9095425377768578,0.09045746222314222,N/A,N/A,N/A,N/A,44.876504023932036,12.84989070892334,110.73570251464844,120.57011184692352,0.015303994460415466,0.0087719298245614,0.01489542598268961,0.009600024576062901,0.5058927880754311,0.48490751742742094,0.40923460404809564
level2_status_skip__pos_0p2_rot_6p0__xyz0p2__ryp6__seed28,4831,0.936038087352515,0.06396191264748496,N/A,N/A,N/A,N/A,11.460635722131785,0.6330822110176086,50.01000213623047,10.478649282455423,0.19616635867597518,0.2,0.201893397772781,0.2031885162601626,0.841717020223457,0.784851206267098,0.5577133671125271
level2_status_skip__pos_0p2_rot_6p0__xyz0p2__ryp6__seed42,4831,0.9217553301593873,0.07824466984061274,N/A,N/A,N/A,N/A,14.294317377512302,1.119998812675476,50.01000213623047,14.84232749938964,0.08893691310426521,0.081967213114754,0.08990835569156135,0.0825242718446602,0.5724063783656046,0.48863287237291075,0.37086731020683505
level2_status_skip__pos_0p2_rot_8p0__xyz0p2__ryp8__seed20,4831,0.8977437383564479,0.10225626164355206,N/A,N/A,N/A,N/A,59.749526077756535,21.90567779541016,182.8731689453125,193.71969604492173,0.012109710430750632,0.0053475935828877,0.012117098229032978,0.0073529411764705,0.5072301189217054,0.4871333345079098,0.4143983269517467
level2_status_skip__pos_0p2_rot_8p0__xyz0p2__ryp8__seed28,4831,0.9356240943903954,0.0643759056096046,N/A,N/A,N/A,N/A,12.053182926458604,0.6499717831611633,50.01000213623047,10.063442564010623,0.18476716139225155,0.1866666666666666,0.1891774982455855,0.1891891891891892,0.8259508282914632,0.7361294910161029,0.49471020434866614
level2_status_skip__pos_0p2_rot_8p0__xyz0p2__ryp8__seed42,4831,0.9196853653487891,0.08031463465121091,N/A,N/A,N/A,N/A,22.020752636982962,1.606905817985535,50.01000213623047,23.55535793304442,0.06425556484325119,0.056338028169014,0.0639081574605693,0.0564516129032258,0.5292098661094993,0.47674695425473435,0.3745931145172147
level2_status_skip__pos_0p5_rot_10p0__xyz0p5__ryp10__seed20,4831,0.8644173049058166,0.13558269509418341,N/A,N/A,N/A,N/A,86.77043851868284,41.94636917114258,238.72610473632812,260.63160705566406,0.010123077569214302,0.0,0.008945377012446257,0.0,0.4981285066886249,0.48096757550594843,0.4125462224933018
level2_status_skip__pos_0p5_rot_10p0__xyz0p5__ryp10__seed28,4831,0.9391430345684123,0.060856965431587695,N/A,N/A,N/A,N/A,25.57328097876431,0.8453607559204102,50.01000213623047,20.960130691528207,0.16552729072588837,0.1610738255033557,0.1691699984366914,0.1639344262295081,0.782189345566567,0.6779863710554225,0.4567247053876209
level2_status_skip__pos_0p5_rot_10p0__xyz0p5__ryp10__seed42,4831,0.9027116539018837,0.09728834609811632,N/A,N/A,N/A,N/A,24.459616033103963,2.8374176025390625,50.01000213623047,39.63668441772461,0.0420233393210309,0.0343511450381679,0.04181136213085959,0.0347222222222222,0.5121608708569589,0.4758656549682615,0.388579479119222
level2_status_skip__pos_0p5_rot_14p0__xyz0p5__ryp14__seed20,4831,0.8085282550196646,0.19147174498033537,N/A,N/A,N/A,N/A,128.00128646826715,50.01000213623047,369.0841827392578,435.65863037109375,0.008435846689213858,0.0,0.006569814673741857,0.0,0.48857391296476244,0.4743005304282491,0.4093894593464332
level2_status_skip__pos_0p5_rot_14p0__xyz0p5__ryp14__seed28,4831,0.935003104947216,0.06499689505278405,N/A,N/A,N/A,N/A,19.18911807571564,0.9436443448066713,50.01000213623047,20.117911911010733,0.13593709461986583,0.1296296296296296,0.13822385899225167,0.1311475409836065,0.7183801546119046,0.5976043089122799,0.4057783091238921
level2_status_skip__pos_0p5_rot_14p0__xyz0p5__ryp14__seed42,4831,0.9031256468640033,0.09687435313599668,N/A,N/A,N/A,N/A,26.980643975393676,4.592119216918945,50.15753364562988,55.61277389526344,0.028330231455509742,0.0209790209790209,0.027560336783422512,0.0209205020920502,0.49795275145873635,0.470191440573756,0.3956028162965179
level2_status_skip__pos_0p5_rot_1p0__xyz0p5__ryp1__seed20,4831,0.9203063547919685,0.07969364520803146,N/A,N/A,N/A,N/A,14.850976181486024,0.9712978601455688,50.01000213623047,16.855409622192383,0.1060077924567354,0.1011235955056179,0.1075634322207547,0.1025641025641025,0.6385772215137435,0.5263360737362321,0.37920044791284224
level2_status_skip__pos_0p5_rot_1p0__xyz0p5__ryp1__seed28,4831,0.9345891119850962,0.0654108880149038,N/A,N/A,N/A,N/A,11.693549269790232,0.6802679896354675,50.01000213623047,23.74020729064943,0.22161548387998792,0.22,0.2293597057479727,0.2272727272727272,0.8353416189949137,0.8199757542805921,0.7058385120587618
level2_status_skip__pos_0p5_rot_1p0__xyz0p5__ryp1__seed42,4831,0.9124404885116953,0.08755951148830465,N/A,N/A,N/A,N/A,11.50069534243637,0.7606505155563354,50.01000213623047,13.667164850234965,0.1798671690692924,0.1774193548387097,0.18691147977673414,0.1834097859327217,0.8241363271135754,0.7899870337192381,0.6019483245050454
level2_status_skip__pos_0p5_rot_2p0__xyz0p5__ryp2__seed20,4831,0.9149244462844132,0.08507555371558684,N/A,N/A,N/A,N/A,19.23566528452054,2.19989013671875,50.01000213623047,30.167743015289307,0.052673677107641634,0.044776119402985,0.051995769194321376,0.044776119402985,0.518916472640151,0.4750431679349248,0.3851998423791401
level2_status_skip__pos_0p5_rot_2p0__xyz0p5__ryp2__seed28,4831,0.9343821155040364,0.06561788449596362,N/A,N/A,N/A,N/A,11.100382872610751,0.6893978714942932,50.01000213623047,21.902673149108836,0.22005528101183758,0.2183908045977011,0.22800201493175096,0.2254901960784313,0.8359625230640356,0.8172719606741767,0.6919773430022168
level2_status_skip__pos_0p5_rot_2p0__xyz0p5__ryp2__seed42,4831,0.9124404885116953,0.08755951148830465,N/A,N/A,N/A,N/A,16.437923999951362,0.8346153497695923,50.01000213623047,16.895616436004584,0.1541699127664688,0.15,0.15992961684352644,0.1546391752577319,0.797620103614399,0.709873954902797,0.48310179877113124
level2_status_skip__pos_0p5_rot_4p0__xyz0p5__ryp4__seed20,4831,0.9105775201821569,0.08942247981784313,N/A,N/A,N/A,N/A,33.399928969691395,6.410739898681641,61.33745193481445,67.83489913940427,0.021843745095177038,0.0152091254752851,0.021956069807402636,0.0158730158730158,0.49701086498102764,0.47483122260771,0.40185011220294403
level2_status_skip__pos_0p5_rot_4p0__xyz0p5__ryp4__seed28,4831,0.9323121506934382,0.0676878493065618,N/A,N/A,N/A,N/A,16.41999607417868,0.7262503504753113,50.01000213623047,20.440417766571013,0.21059166480675987,0.2093023255813953,0.21747820636463733,0.2142857142857142,0.8317479124342387,0.8036567731343678,0.636874896151196
level2_status_skip__pos_0p5_rot_4p0__xyz0p5__ryp4__seed42,4831,0.9064375905609605,0.09356240943903948,N/A,N/A,N/A,N/A,15.4968964882959,1.037001132965088,50.01000213623047,16.82770824432359,0.10728428243743508,0.1016949152542373,0.10945297856592794,0.1034482758620689,0.667329578058675,0.5475028790872637,0.39172088574768144
level2_status_skip__pos_0p5_rot_6p0__xyz0p5__ryp6__seed20,4831,0.909335541295798,0.09066445870420203,N/A,N/A,N/A,N/A,77.14361817645585,13.671053886413574,141.53135681152344,157.34109497070253,0.014687050227145967,0.0076923076923076,0.01425839240699159,0.0087719298245614,0.49892015743870155,0.47933083361682477,0.4072147441465865
level2_status_skip__pos_0p5_rot_6p0__xyz0p5__ryp6__seed28,4831,0.9335541295797971,0.06644587042020289,N/A,N/A,N/A,N/A,17.185663628406488,0.7617027163505554,50.01000213623047,20.965672206878672,0.1963094244487264,0.196078431372549,0.20236284864606108,0.2,0.8235118640696157,0.7714159140830978,0.5684247672116627
level2_status_skip__pos_0p5_rot_6p0__xyz0p5__ryp6__seed42,4831,0.9043676257503622,0.09563237424963777,N/A,N/A,N/A,N/A,20.3718053864917,1.416453242301941,50.01000213623047,21.908304977416964,0.07423603826914192,0.0666666666666666,0.07293526277077385,0.0662983425414364,0.5633467477293665,0.49361235715276164,0.38036620057733206
level2_status_skip__pos_0p5_rot_8p0__xyz0p5__ryp8__seed20,4831,0.8888428896708755,0.11115711032912445,N/A,N/A,N/A,N/A,63.59095799700147,24.6435546875,198.03658294677734,214.90261306762696,0.01246522437782769,0.005050505050505,0.01175449797699993,0.0068729333963155,0.500651423308568,0.48230248478648424,0.4111641528908613
level2_status_skip__pos_0p5_rot_8p0__xyz0p5__ryp8__seed28,4831,0.9379010556820534,0.0620989443179466,N/A,N/A,N/A,N/A,14.780026352609415,0.8062037229537964,50.01000213623047,18.842653274536136,0.17965842391537512,0.1764705882352941,0.18459396122770677,0.1802325581395348,0.8075712812738658,0.7304068747969379,0.505172908652051
level2_status_skip__pos_0p5_rot_8p0__xyz0p5__ryp8__seed42,4831,0.9031256468640033,0.09687435313599668,N/A,N/A,N/A,N/A,19.460124882581216,1.9997483491897583,50.01000213623047,27.909012031555147,0.05332388581272072,0.044776119402985,0.05210882627103604,0.044776119402985,0.5241028335844171,0.4796373575880886,0.38586876521179253
level2_status_skip__pos_1p0_rot_10p0__xyz1__ryp10__seed20,4831,0.8422686814324156,0.15773131856758438,N/A,N/A,N/A,N/A,94.03304459992661,47.97024154663086,274.9839782714844,300.7402832031249,0.008510092790783564,0.0,0.006984350489231475,0.0,0.48281910671511946,0.4694525663809112,0.4040921440128037
level2_status_skip__pos_1p0_rot_10p0__xyz1__ryp10__seed28,4831,0.9279652245911819,0.07203477540881809,N/A,N/A,N/A,N/A,19.56060973837588,1.4640920162200928,50.01000213623047,48.63249168395979,0.13978781514534536,0.1379310344827586,0.142791519577751,0.1414141414141414,0.7448191891908051,0.6696476369285396,0.47100049900163776
level2_status_skip__pos_1p0_rot_10p0__xyz1__ryp10__seed42,4831,0.845373628648313,0.154626371351687,N/A,N/A,N/A,N/A,52.59470375234855,5.067078590393066,76.00007247924805,92.40071258544917,0.028970007934755373,0.0209424083769633,0.027362051678344962,0.0212765957446808,0.4982269360354924,0.46709018243174844,0.38548121436864136
level2_status_skip__pos_1p0_rot_14p0__xyz1__ryp14__seed20,4831,0.7816187124818879,0.21838128751811214,N/A,N/A,N/A,N/A,139.6924235665682,50.01000213623047,367.42201232910156,427.8465194702149,0.006995155695728569,0.0,0.005066698243417892,0.0,0.4741362235774759,0.4631509276692462,0.4004289829734534
level2_status_skip__pos_1p0_rot_14p0__xyz1__ryp14__seed28,4831,0.9306561788449597,0.06934382115504034,N/A,N/A,N/A,N/A,20.546324314493678,1.6699137687683103,50.01000213623047,47.93476390838623,0.11777451090696643,0.1132075471698113,0.12009164039945867,0.1147540983606557,0.6989760734485935,0.6068838774624626,0.42605933654928213
level2_status_skip__pos_1p0_rot_14p0__xyz1__ryp14__seed42,4831,0.8457876216104326,0.15421237838956736,N/A,N/A,N/A,N/A,55.018527127037416,7.566650390625,88.59648132324219,109.2972011566162,0.020663604953231444,0.0129870129870129,0.01954138611458601,0.0135440870734988,0.4876288341277534,0.46362514095531554,0.38708950238369766
level2_status_skip__pos_1p0_rot_1p0__xyz1__ryp1__seed20,4831,0.9049886151935417,0.09501138480645832,N/A,N/A,N/A,N/A,20.462110391236475,1.362109899520874,50.01000213623047,27.58738403320309,0.09116979614920682,0.0816326530612244,0.09239876506592971,0.0833333333333333,0.6211554326686675,0.5272883763042764,0.3885827059853547
level2_status_skip__pos_1p0_rot_1p0__xyz1__ryp1__seed28,4831,0.926723245704823,0.073276754295177,N/A,N/A,N/A,N/A,19.593770330712925,1.1398543119430542,50.01000213623047,42.98024826049803,0.18099025358950316,0.1785714285714285,0.18791723039957212,0.1864406779661017,0.7944946865797461,0.7711793258218965,0.6424020617101719
level2_status_skip__pos_1p0_rot_1p0__xyz1__ryp1__seed42,4831,0.8548954667770647,0.14510453322293526,N/A,N/A,N/A,N/A,30.892908236252314,1.5545330047607422,50.01000213623047,52.27786979675283,0.11423236819055832,0.109090909090909,0.12251734663054385,0.1176470588235294,0.7541944664039922,0.7225110147793403,0.550707476533199
level2_status_skip__pos_1p0_rot_2p0__xyz1__ryp2__seed20,4831,0.9080935624094391,0.09190643759056094,N/A,N/A,N/A,N/A,33.852780852202805,2.76351261138916,50.01000213623047,48.136523437499996,0.04465226160044857,0.037037037037037,0.044057516588478264,0.0373443983402489,0.5161010732921482,0.47878330995800134,0.39136381439793116
level2_status_skip__pos_1p0_rot_2p0__xyz1__ryp2__seed28,4831,0.9250672738563445,0.07493272614365554,N/A,N/A,N/A,N/A,83.83192055077609,1.1117578744888306,50.01000213623047,38.95166854858397,0.1786254520583667,0.1785714285714285,0.18548909598664404,0.1864406779661017,0.7937015103030373,0.7679099331599154,0.6299530851862196
level2_status_skip__pos_1p0_rot_2p0__xyz1__ryp2__seed42,4831,0.8555164562202443,0.1444835437797557,N/A,N/A,N/A,N/A,62.48936198250701,1.6508550643920898,50.01000213623047,65.67957305908199,0.10047268033589431,0.0961538461538461,0.1067240984366661,0.1038961038961039,0.7306490982415238,0.65589612494599,0.4559737947486194
level2_status_skip__pos_1p0_rot_4p0__xyz1__ryp4__seed20,4831,0.9018836679776444,0.09811633202235559,N/A,N/A,N/A,N/A,45.81458472222077,7.845446109771728,100.8442268371582,113.65084991455048,0.018760979561159172,0.0117647058823529,0.017921817936825176,0.0124223602484472,0.49490807914555984,0.4750822488295828,0.4045336483056616
level2_status_skip__pos_1p0_rot_4p0__xyz1__ryp4__seed28,4831,0.923204305526806,0.07679569447319401,N/A,N/A,N/A,N/A,50.447517080984326,1.1655880212783811,50.01000213623047,41.09652042388926,0.17147084989104536,0.1704545454545454,0.17795284539483625,0.17754244317867604,0.7897760808147345,0.7581385688104068,0.5995164874718759
level2_status_skip__pos_1p0_rot_4p0__xyz1__ryp4__seed42,4831,0.8551024632581246,0.14489753674187544,N/A,N/A,N/A,N/A,49.007445337191285,1.9757133722305296,50.01000213623047,52.0316047668457,0.07131168415616904,0.0620689655172413,0.07330664653202786,0.0638297872340425,0.6231591093820628,0.5313665987115319,0.38289757408223046
level2_status_skip__pos_1p0_rot_6p0__xyz1__ryp6__seed20,4831,0.8898778720761747,0.11012212792382525,N/A,N/A,N/A,N/A,57.34477483583265,16.28565788269043,165.48567962646484,183.67950592041012,0.012565305201553434,0.005,0.01185628228029896,0.0061728395061728,0.49137840066639543,0.47397587663873797,0.4061261637084536
level2_status_skip__pos_1p0_rot_6p0__xyz1__ryp6__seed28,4831,0.926723245704823,0.073276754295177,N/A,N/A,N/A,N/A,62.35967528936446,1.2642472982406616,50.01000213623047,49.5200973510742,0.16079245248334187,0.1586538461538461,0.16595035255798093,0.1666666666666666,0.7786564405268762,0.7306523593915064,0.547130329326931
level2_status_skip__pos_1p0_rot_6p0__xyz1__ryp6__seed42,4831,0.8515835230801077,0.14841647691989235,N/A,N/A,N/A,N/A,38.295862804864356,2.542512893676758,50.01000213623047,57.96543807983391,0.04935266132804738,0.040590405904059,0.04917055184075775,0.0422535211267605,0.5423342324374386,0.4839870778680159,0.37548258896733594
level2_status_skip__pos_1p0_rot_8p0__xyz1__ryp8__seed20,4831,0.8681432415648934,0.13185675843510658,N/A,N/A,N/A,N/A,92.59722417120305,29.854507446289062,251.10733795166018,268.176985168457,0.010683193980226014,0.0,0.010059168562578916,0.0,0.4873219608612343,0.4729114750321981,0.405847235353007
level2_status_skip__pos_1p0_rot_8p0__xyz1__ryp8__seed28,4831,0.9240322914510454,0.07596770854895463,N/A,N/A,N/A,N/A,18.991565794275978,1.4012255668640137,50.01000213623047,45.4264497756957,0.15036652802547415,0.1489361702127659,0.15463568920870796,0.1538461538461538,0.7676696085091328,0.7004000810416893,0.5032347996458008
level2_status_skip__pos_1p0_rot_8p0__xyz1__ryp8__seed42,4831,0.8532394949285862,0.1467605050714138,N/A,N/A,N/A,N/A,33.33817362886202,3.776189088821411,64.70201873779297,77.44492340087882,0.03633133570130352,0.027027027027027,0.035804233761811015,0.02784237726098185,0.507180014914595,0.4704852061537853,0.37857027292188544
level2_status_skip__pos_1p5_rot_10p0__xyz1p5__ryp10__seed20,4831,0.8029393500310494,0.19706064996895056,N/A,N/A,N/A,N/A,140.6505332322804,50.01000213623047,336.6608581542969,394.391616821289,0.007459274761487717,0.0,0.005660986103159423,0.0,0.47314873413291836,0.46114026964766885,0.3989148381022129
level2_status_skip__pos_1p5_rot_10p0__xyz1p5__ryp10__seed28,4831,0.9085075553715587,0.0914924446284413,N/A,N/A,N/A,N/A,31.302509355145926,3.1720662117004395,87.0315933227539,98.20519104003907,0.1102987811558978,0.0973451327433628,0.11446853999871542,0.1038961038961039,0.7031084099873065,0.6412605945623554,0.46849948473324166
level2_status_skip__pos_1p5_rot_10p0__xyz1p5__ryp10__seed42,4831,0.726764645001035,0.273235354998965,N/A,N/A,N/A,N/A,71.10278246856677,16.171754837036133,123.81863784790039,171.9241180419922,0.021382652872906586,0.0125,0.020825318422908246,0.0136986301369863,0.49318328365292025,0.4628149224334964,0.37455561571379287
level2_status_skip__pos_1p5_rot_14p0__xyz1p5__ryp14__seed20,4831,0.7323535499896502,0.2676464500103498,N/A,N/A,N/A,N/A,161.11571620917053,50.01000213623047,452.2430419921875,570.2839935302726,0.006460218137420236,0.0,0.00446198264360653,0.0,0.4678939534389206,0.4576764926365904,0.3936561133107301
level2_status_skip__pos_1p5_rot_14p0__xyz1p5__ryp14__seed28,4831,0.9064375905609605,0.09356240943903948,N/A,N/A,N/A,N/A,35.89614448521956,3.987943172454834,91.99810791015625,103.08047561645505,0.09155947574997823,0.0779220779220779,0.09404399516689937,0.0823970037453183,0.6673195376384526,0.593415939195022,0.4269708146921704
level2_status_skip__pos_1p5_rot_14p0__xyz1p5__ryp14__seed42,4831,0.7176567998344028,0.2823432001655972,N/A,N/A,N/A,N/A,62.15927062207533,24.326740264892575,161.64378356933594,218.29652252197235,0.015281957666074408,0.0059171597633136,0.014384539323645569,0.008130081300813,0.49056713583945577,0.4666832307347291,0.3857961953955457
level2_status_skip__pos_1p5_rot_1p0__xyz1p5__ryp1__seed20,4831,0.8857379424549783,0.11426205754502172,N/A,N/A,N/A,N/A,32.68259086766473,2.309755325317383,65.55260467529297,80.95480422973633,0.06963733775453569,0.0612244897959183,0.06986849572409447,0.0625,0.604460170797691,0.526087012026528,0.38978638464224086
level2_status_skip__pos_1p5_rot_1p0__xyz1p5__ryp1__seed28,4831,0.9091285448147381,0.09087145518526185,N/A,N/A,N/A,N/A,36.006772207454745,2.7535128593444824,87.69017791748047,99.32155761718745,0.14339937265436217,0.125,0.15034444689853876,0.1349693251533742,0.7414202762710044,0.7111658368193364,0.5785039719685717
level2_status_skip__pos_1p5_rot_1p0__xyz1p5__ryp1__seed42,4831,0.7213827364934796,0.2786172635065204,N/A,N/A,N/A,N/A,67.62611315738134,7.707746982574463,80.45428466796875,115.0653076171875,0.0701536279428162,0.0588235294117647,0.08176210964343449,0.0759493670886076,0.6767857929145354,0.6469500958293857,0.49657016014058586
level2_status_skip__pos_1p5_rot_2p0__xyz1p5__ryp2__seed20,4831,0.8743531359966881,0.12564686400331193,N/A,N/A,N/A,N/A,37.95961556665073,4.832951068878174,86.66131210327148,104.47765502929686,0.035948095007360015,0.0276243093922651,0.034598278544016405,0.0277777777777777,0.51184439890603,0.4787148441646562,0.39277311745854065
level2_status_skip__pos_1p5_rot_2p0__xyz1p5__ryp2__seed28,4831,0.9068515835230802,0.09314841647691985,N/A,N/A,N/A,N/A,29.851453722011843,2.759964942932129,86.17692184448242,94.83499908447266,0.14221665260023875,0.125,0.14904152979233184,0.1368421052631579,0.7398641778958005,0.708170345991013,0.574300554690808
level2_status_skip__pos_1p5_rot_2p0__xyz1p5__ryp2__seed42,4831,0.7240736907472572,0.27592630925274275,N/A,N/A,N/A,N/A,44.21209059341367,7.724556922912598,85.50316619873047,132.00948410034158,0.06214190240746546,0.0508474576271186,0.07210437941875428,0.0638297872340425,0.6583653397478784,0.6046696928352482,0.436424691517232
level2_status_skip__pos_1p5_rot_4p0__xyz1p5__ryp4__seed20,4831,0.8714551852618505,0.1285448147381495,N/A,N/A,N/A,N/A,61.42563146695994,11.351216316223145,176.99149322509766,204.07518997192338,0.016148670430793696,0.008695652173913,0.015216369623285897,0.01,0.48850616990707413,0.4705221854789022,0.3996640785774638
level2_status_skip__pos_1p5_rot_4p0__xyz1p5__ryp4__seed28,4831,0.9149244462844132,0.08507555371558684,N/A,N/A,N/A,N/A,34.056880981242024,2.468186140060425,80.06290435791016,85.47520828247099,0.13861941871984695,0.1267605633802817,0.1445563664659141,0.1347732432904465,0.7385447887156411,0.7014684759493482,0.5522147643936971
level2_status_skip__pos_1p5_rot_4p0__xyz1p5__ryp4__seed42,4831,0.7259366590767957,0.2740633409232043,N/A,N/A,N/A,N/A,62.57166095687388,10.170711517333984,108.92422103881836,146.98025054931637,0.04625454073470277,0.0344827586206896,0.04927336300384946,0.04,0.5829444545109054,0.5154314786074099,0.3753561755669005
level2_status_skip__pos_1p5_rot_6p0__xyz1p5__ryp6__seed20,4831,0.8642103084247568,0.13578969157524323,N/A,N/A,N/A,N/A,93.50302364828485,23.30434799194336,282.6512908935547,315.0257720947265,0.011373736939929905,0.0,0.01049619374147758,0.0043478260869565,0.4814773048768338,0.46643686715253746,0.40075557686403346
level2_status_skip__pos_1p5_rot_6p0__xyz1p5__ryp6__seed28,4831,0.9153384392465328,0.0846615607534672,N/A,N/A,N/A,N/A,36.72777736286836,2.6999011039733887,82.16455841064453,87.67594261169428,0.13120860120430533,0.11875,0.1362151357554509,0.12598817304699655,0.7328262582931919,0.6855533317850472,0.5220353205595053
level2_status_skip__pos_1p5_rot_6p0__xyz1p5__ryp6__seed42,4831,0.7265576485199752,0.2734423514800248,N/A,N/A,N/A,N/A,47.67584529859776,11.034862518310549,102.12272262573242,152.72690048217748,0.0337286197796668,0.0224719101123595,0.03427264366564954,0.0253164556962025,0.5264985591978297,0.47824074433112373,0.3693776879253785
level2_status_skip__pos_1p5_rot_8p0__xyz1p5__ryp8__seed20,4831,0.8358517905195612,0.16414820948043884,N/A,N/A,N/A,N/A,119.60186620751256,39.28116607666016,296.31776428222656,332.7203262329099,0.0093786249678555,0.0,0.008534951681347847,0.0,0.4806195827337432,0.4676814114456925,0.39784308983851896
level2_status_skip__pos_1p5_rot_8p0__xyz1p5__ryp8__seed28,4831,0.9145104533222935,0.08548954667770647,N/A,N/A,N/A,N/A,31.24939491869192,2.9677748680114746,91.3512954711914,101.56490821838366,0.1214928584539108,0.1097560975609756,0.12590404328674476,0.11600672877846785,0.7199615959579486,0.6652812264536447,0.4938662743761478
level2_status_skip__pos_1p5_rot_8p0__xyz1p5__ryp8__seed42,4831,0.7226247153798385,0.2773752846201615,N/A,N/A,N/A,N/A,46.966905804940495,13.298240661621094,113.94456100463867,155.19373321533203,0.02651423136487669,0.0163934426229508,0.026643552615276653,0.018348623853211,0.49734922961960587,0.4599211688242023,0.36650742957626153
level2_status_skip__pos_2p0_rot_10p0__xyz2__ryp10__seed20,4831,0.7607120678948458,0.2392879321051542,N/A,N/A,N/A,N/A,295.6539684389719,50.01000213623047,429.83290100097656,559.4135925292952,0.006864686850905103,0.0,0.004948924526310336,0.0,0.4661511025368692,0.4545252708787424,0.39245750911634053
level2_status_skip__pos_2p0_rot_10p0__xyz2__ryp10__seed28,4831,0.8729041606292693,0.12709583937073066,N/A,N/A,N/A,N/A,40.81695657641152,7.248562335968018,140.38719177246094,160.92575683593716,0.08344676753587542,0.064516129032258,0.0877077284352127,0.0704225352112676,0.6696771467031755,0.6171634626604812,0.4640226480192258
level2_status_skip__pos_2p0_rot_10p0__xyz2__ryp10__seed42,4831,0.35541295797971434,0.6445870420202857,N/A,N/A,N/A,N/A,90.8149039040641,50.01000213623047,195.5835189819336,705.6722900390605,0.010833118333714567,0.0,0.007753606143492138,0.0,0.5415842472755698,0.5220393269684419,0.43238472710993187
level2_status_skip__pos_2p0_rot_14p0__xyz2__ryp14__seed20,4831,0.6812254191678742,0.31877458083212584,N/A,N/A,N/A,N/A,210.83498769229587,50.01000213623047,597.3086853027344,777.8980102539062,0.006390401060327261,0.0,0.0035899886954596687,0.0,0.467521313831728,0.4570622929271162,0.3951872184237282
level2_status_skip__pos_2p0_rot_14p0__xyz2__ryp14__seed28,4831,0.8778720761747051,0.12212792382529492,N/A,N/A,N/A,N/A,43.00361031373744,8.737959861755371,153.15393829345703,169.34996032714844,0.07061200787943775,0.0508474576271186,0.07235685921877072,0.0526315789473684,0.6429455944323113,0.5851184297311403,0.4386977462009873
level2_status_skip__pos_2p0_rot_14p0__xyz2__ryp14__seed42,4831,0.3510660318774581,0.6489339681225419,N/A,N/A,N/A,N/A,182.0312434021415,50.01000213623047,194.52579498291013,782.0217590332031,0.008610642904365135,0.0,0.005988793588677921,0.0,0.5388202247760993,0.5216720090993381,0.43584396882799725
level2_status_skip__pos_2p0_rot_1p0__xyz2__ryp1__seed20,4831,0.8310908714551852,0.16890912854481477,N/A,N/A,N/A,N/A,43.27863927817319,4.833650588989258,105.12897109985352,121.50716247558574,0.057555504441830066,0.0470588235294117,0.05898959595502079,0.0508474576271186,0.5942248290135195,0.5271355181430056,0.3914204724819546
level2_status_skip__pos_2p0_rot_1p0__xyz2__ryp1__seed28,4831,0.8706271993376112,0.12937280066238876,N/A,N/A,N/A,N/A,46.81605679387622,5.947982311248779,141.5455551147461,162.02456665039062,0.10640250509485136,0.0869565217391304,0.11328603896211215,0.09828747072599531,0.705720853858912,0.6753472028335459,0.5439029033149302
level2_status_skip__pos_2p0_rot_1p0__xyz2__ryp1__seed42,4831,0.3624508383357483,0.6375491616642517,N/A,N/A,N/A,N/A,90.77738007149283,50.01000213623047,159.16996002197266,548.5627136230469,0.019198009149304668,0.0,0.02451109847733015,0.0108695652173913,0.5851755874381112,0.565189493818531,0.45912735236962365
level2_status_skip__pos_2p0_rot_2p0__xyz2__ryp2__seed20,4831,0.8236389981370317,0.17636100186296833,N/A,N/A,N/A,N/A,42.18969002325277,7.656196117401123,114.99128723144531,145.1983810424804,0.029641806686075814,0.0208333333333333,0.028473675926658344,0.0217391304347826,0.5061155270374762,0.47458934122490953,0.38383965307374174
level2_status_skip__pos_2p0_rot_2p0__xyz2__ryp2__seed28,4831,0.8714551852618505,0.1285448147381495,N/A,N/A,N/A,N/A,40.991260369090654,5.836715698242188,135.97757720947266,157.23520050048788,0.1057761374335476,0.0849056603773584,0.11299955926565688,0.0980392156862745,0.7043708672153395,0.6735159485509077,0.5403937343060083
level2_status_skip__pos_2p0_rot_2p0__xyz2__ryp2__seed42,4831,0.3547919685365349,0.6452080314634652,N/A,N/A,N/A,N/A,70.76831352753955,50.01000213623047,158.57764434814453,515.2451232910148,0.017939463703498124,0.0,0.02180055945749493,0.01055416318574205,0.5791547624519553,0.5543375553622257,0.4467161988584343
level2_status_skip__pos_2p0_rot_4p0__xyz2__ryp4__seed20,4831,0.8199130614779548,0.18008693852204516,N/A,N/A,N/A,N/A,74.00791529211642,19.08536529541016,251.28195190429688,308.3283386230469,0.012652668380475766,0.0,0.012314154575903758,0.0059523809523809,0.4843455615539912,0.4651467672011564,0.3916887437546067
level2_status_skip__pos_2p0_rot_4p0__xyz2__ryp4__seed28,4831,0.870834195818671,0.12916580418132895,N/A,N/A,N/A,N/A,43.85531626802718,6.791305541992188,142.81552124023438,156.87105407714844,0.09977581065533053,0.0789473684210526,0.10616524257952029,0.0891089108910891,0.6958251167235262,0.6614918303798936,0.5199498995498928
level2_status_skip__pos_2p0_rot_4p0__xyz2__ryp4__seed42,4831,0.34713309873732145,0.6528669012626785,N/A,N/A,N/A,N/A,258.1214721523485,50.01000213623047,159.14618682861328,502.7050781249987,0.01589287363236107,0.0,0.015769211606608238,0.0072463768115942,0.562648816289949,0.5360664190919248,0.4302837776948567
level2_status_skip__pos_2p0_rot_6p0__xyz2__ryp6__seed20,4831,0.8027323535499896,0.19726764645001038,N/A,N/A,N/A,N/A,98.93742470124775,36.50055313110352,327.46522521972656,406.5256317138668,0.0094442612707932,0.0,0.008511629093440616,0.0,0.4758999060778861,0.46144719077213575,0.39481731465182734
level2_status_skip__pos_2p0_rot_6p0__xyz2__ryp6__seed28,4831,0.8693852204512523,0.13061477954874767,N/A,N/A,N/A,N/A,51.14963091801594,6.577643394470215,149.569091796875,182.7935752868651,0.09726814437530794,0.0769230769230769,0.10347332497991933,0.0888888888888888,0.6961673897481845,0.6526513028923244,0.503689631109474
level2_status_skip__pos_2p0_rot_6p0__xyz2__ryp6__seed42,4831,0.35727592630925276,0.6427240736907472,N/A,N/A,N/A,N/A,98.19146567224794,50.01000213623047,174.1630630493164,519.2740783691406,0.013484918031458393,0.0,0.01255186347758866,0.005050505050505,0.5473041086669648,0.5242272679295209,0.42941026322223497
level2_status_skip__pos_2p0_rot_8p0__xyz2__ryp8__seed20,4831,0.7718898778720762,0.2281101221279238,N/A,N/A,N/A,N/A,110.7731782972714,50.01000213623047,347.4482116699219,429.614953613281,0.008056630119258387,0.0,0.006893549186311089,0.0,0.47202458759108135,0.45877929246142496,0.3941231852118944
level2_status_skip__pos_2p0_rot_8p0__xyz2__ryp8__seed28,4831,0.8704202028565514,0.12957979714344858,N/A,N/A,N/A,N/A,46.92519345748696,6.966283798217773,149.62704467773438,176.65424499511712,0.09052077705646747,0.072072072072072,0.09534555076203621,0.08,0.6830066489397371,0.6358312887304212,0.4805010158637205
level2_status_skip__pos_2p0_rot_8p0__xyz2__ryp8__seed42,4831,0.3419581867108259,0.6580418132891741,N/A,N/A,N/A,N/A,79.89785765352731,50.01000213623047,173.0939712524414,537.0976013183562,0.0119219838593675,0.0,0.009776171305709637,0.0,0.5446015854914842,0.5247368888202645,0.43302599726840435
level2_status_skip__pos_only_0p2__xyz0p2__ryp0__seed20,4831,0.9258952597805837,0.07410474021941627,N/A,N/A,N/A,N/A,8.680787521641038,0.5556042790412903,50.01000213623047,8.776020622253359,0.24234897139528533,0.2403846153846154,0.25199940556576156,0.2481203007518796,0.8645044374791666,0.8513461509517676,0.7441356561742178
level2_status_skip__pos_only_0p2__xyz0p2__ryp0__seed28,4831,0.936038087352515,0.06396191264748496,N/A,N/A,N/A,N/A,11.012766311259858,0.6189271211624146,50.01000213623047,8.774653959274286,0.21223975676529047,0.2136752136752136,0.21942473949365526,0.2199290780141844,0.8562434298654927,0.841071692209809,0.7275432312299743
level2_status_skip__pos_only_0p2__xyz0p2__ryp0__seed42,4831,0.9236182984889257,0.07638170151107426,N/A,N/A,N/A,N/A,13.12285404262793,0.537325382232666,50.01000213623047,7.368779897689814,0.2475326098239003,0.2455089820359281,0.25854476680485616,0.2542372881355932,0.8631470222297963,0.8494628871900092,0.7423728037166977
level2_status_skip__pos_only_0p5__xyz0p5__ryp0__seed20,4831,0.920927344235148,0.079072655764852,N/A,N/A,N/A,N/A,11.740808642265543,0.6566970348358154,50.01000213623047,10.491625213623024,0.19860970826091107,0.2016129032258064,0.2056055028725325,0.2076923076923077,0.8527303295701395,0.8351549103123146,0.7194499307195676
level2_status_skip__pos_only_0p5__xyz0p5__ryp0__seed28,4831,0.9306561788449597,0.06934382115504034,N/A,N/A,N/A,N/A,13.723333952584172,0.6783179044723511,50.01000213623047,24.18634605407715,0.22239868495250162,0.2222222222222222,0.23038520698282683,0.2295081967213114,0.8363968183771824,0.8184193279146831,0.7053615776518072
level2_status_skip__pos_only_0p5__xyz0p5__ryp0__seed42,4831,0.915131442765473,0.08486855723452702,N/A,N/A,N/A,N/A,14.08950999639249,0.7519087791442871,50.01000213623047,13.835485458374023,0.19061424110144357,0.1866666666666666,0.1984534495592923,0.1929824561403508,0.8312327562248799,0.8156181132256365,0.6959206095824192
level2_status_skip__pos_only_1p0__xyz1__ryp0__seed20,4831,0.9066445870420203,0.09335541295797967,N/A,N/A,N/A,N/A,16.98702401320448,0.8758437633514404,50.01000213623047,22.394341850280775,0.17787381695174892,0.1709401709401709,0.1847063653037795,0.1768969126111983,0.8136478053986393,0.7946182359301706,0.6702131447011955
level2_status_skip__pos_only_1p0__xyz1__ryp0__seed28,4831,0.924446284413165,0.07555371558683499,N/A,N/A,N/A,N/A,16.0894207433169,1.1575160026550293,50.01000213623047,41.131452560424805,0.18316575960260523,0.1782178217821782,0.18986392946965208,0.18537609774723168,0.7967285270832125,0.7738302879023646,0.6480953751959276
level2_status_skip__pos_only_1p0__xyz1__ryp0__seed42,4831,0.8629683295383979,0.13703167046160214,N/A,N/A,N/A,N/A,81.75560828000569,1.5252604484558103,50.01000213623047,55.9679306030272,0.12136940533813295,0.1147540983606557,0.12916044677507582,0.1229508196721311,0.7642490707693372,0.744998250562048,0.6120519478765422
level2_status_skip__pos_only_1p5__xyz1p5__ryp0__seed20,4831,0.8847029600496792,0.11529703995032081,N/A,N/A,N/A,N/A,24.57786598334455,1.4605578184127808,50.01000213623047,57.07322940826414,0.12890875635124574,0.1240875912408759,0.13436499263680965,0.1313131313131313,0.773138679006593,0.7508242993818842,0.6164631457009601
level2_status_skip__pos_only_1p5__xyz1p5__ryp0__seed28,4831,0.9095425377768578,0.09045746222314222,N/A,N/A,N/A,N/A,70.43739256635075,2.52616810798645,93.30839538574217,101.79075622558501,0.14650578049545276,0.1298701298701298,0.15336346615838264,0.14006369426751591,0.743786536521052,0.7151148657741131,0.5839172932994241
level2_status_skip__pos_only_1p5__xyz1p5__ryp0__seed42,4831,0.72096874353136,0.27903125646864,N/A,N/A,N/A,N/A,36.84322288248157,6.940118312835693,67.66021728515625,95.76013031005849,0.07353322000636228,0.0602409638554216,0.08630172359992438,0.08,0.6828672707024414,0.6608876101410681,0.5306426792274257
level2_status_skip__pos_only_2p0__xyz2__ryp0__seed20,4831,0.8414406955081764,0.15855930449182365,N/A,N/A,N/A,N/A,96.16134847060478,3.1204330921173096,78.54742431640625,98.53522949218748,0.09590530292165941,0.0863309352517985,0.10159209993765987,0.0952380952380952,0.7219583116745144,0.6947119472108526,0.5604988102490942
level2_status_skip__pos_only_2p0__xyz2__ryp0__seed28,4831,0.8700062098944318,0.12999379010556822,N/A,N/A,N/A,N/A,43.13355630448177,6.222761154174805,142.52375030517578,160.36460418701157,0.10644427761838843,0.0858585858585858,0.11376736645271297,0.0967741935483871,0.70295086725276,0.6734131871200232,0.5452462269368478
level2_status_skip__pos_only_2p0__xyz2__ryp0__seed42,4831,0.3566549368660733,0.6433450631339267,N/A,N/A,N/A,N/A,111.18900798184102,50.01000213623047,159.15819549560547,457.4407745361326,0.019947285668866756,0.0,0.025494952616808227,0.0123456790123456,0.592070134401272,0.5736629642408202,0.4672462447789154
level2_status_skip__rot_only_10p0__xyz0__ryp10__seed20,4831,0.8745601324777479,0.1254398675222521,N/A,N/A,N/A,N/A,69.36029789500714,34.74431228637695,205.9237518310547,221.46818847656192,0.010149715668654203,0.0,0.009303688797625985,0.0043859649122807,0.5103507243867123,0.4914839439233617,0.4173340707347712
level2_status_skip__rot_only_10p0__xyz0__ryp10__seed28,4831,0.9290002069964811,0.07099979300351889,N/A,N/A,N/A,N/A,11.488906441472565,0.6635884046554565,50.01000213623047,9.321057748794523,0.1766197601223028,0.1728395061728395,0.1811462945036211,0.1764705882352941,0.8033982671280433,0.6874848650102446,0.45165371888936867
level2_status_skip__rot_only_10p0__xyz0__ryp10__seed42,4831,0.923204305526806,0.07679569447319401,N/A,N/A,N/A,N/A,18.07754518666839,2.039235830307007,50.01000213623047,27.35752592086793,0.05151399166492765,0.0426829268292682,0.05169457316699708,0.043256237006236944,0.5165036499900115,0.46759356125808094,0.3713161901403188
level2_status_skip__rot_only_14p0__xyz0__ryp14__seed20,4831,0.824466984061271,0.17553301593872905,N/A,N/A,N/A,N/A,112.15091496814274,50.01000213623047,342.8401641845703,395.6705261230449,0.008357255480721361,0.0,0.006661449965379974,0.0,0.5029593065654294,0.48634965470696556,0.41695605616409687
level2_status_skip__rot_only_14p0__xyz0__ryp14__seed28,4831,0.9294141999586008,0.07058580004139925,N/A,N/A,N/A,N/A,12.875672189180904,0.7609962224960327,50.01000213623047,10.412573719024682,0.14477236317007136,0.1375,0.14738961278148466,0.13918547055586128,0.730504957953245,0.5935753305005209,0.40171923347996935
level2_status_skip__rot_only_14p0__xyz0__ryp14__seed42,4831,0.924446284413165,0.07555371558683499,N/A,N/A,N/A,N/A,22.371854433370743,3.451088190078736,50.01000213623047,40.53804016113282,0.03478226590345139,0.0273972602739726,0.0346838625422157,0.0276748225446886,0.5052161951231728,0.4692246594780607,0.3822725417232341
level2_status_skip__rot_only_1p0__xyz0__ryp1__seed20,4831,0.9271372386669426,0.07286276133305736,N/A,N/A,N/A,N/A,14.678041928495553,0.925625503063202,50.01000213623047,14.279491806030267,0.11647713100284252,0.1123595505617977,0.1193057315664855,0.1145833333333333,0.6458190292614485,0.5213623491617149,0.365735176705008
level2_status_skip__rot_only_1p0__xyz0__ryp1__seed28,4831,0.9310701718070793,0.0689298281929207,N/A,N/A,N/A,N/A,8.733193801646692,0.5082226991653442,50.01000213623047,8.074788713455193,0.26349394989629066,0.2631578947368421,0.27429117833642486,0.2710280373831775,0.8664042460037972,0.8529595805389233,0.7435699085596289
level2_status_skip__rot_only_1p0__xyz0__ryp1__seed42,4831,0.9335541295797971,0.06644587042020289,N/A,N/A,N/A,N/A,7.07947741034504,0.5563657879829407,50.01000213623047,8.114707565307619,0.24285665373989054,0.2421875,0.2522488066399802,0.25,0.8598529887690577,0.8276866360254198,0.6451197697400484
level2_status_skip__rot_only_2p0__xyz0__ryp2__seed20,4831,0.9213413371972676,0.07865866280273237,N/A,N/A,N/A,N/A,19.637268804036864,1.8910341262817385,50.01000213623047,22.230578422546387,0.05747153828574806,0.048780487804878,0.05714497601913319,0.0491803278688524,0.5200612055132514,0.46992856279305617,0.3707322095082519
level2_status_skip__rot_only_2p0__xyz0__ryp2__seed28,4831,0.935003104947216,0.06499689505278405,N/A,N/A,N/A,N/A,8.768540100377141,0.5273091197013855,50.01000213623047,8.562499809265123,0.25898675946016725,0.2608695652173913,0.26904102699200194,0.2685185185185185,0.8653738026337758,0.848936915550907,0.7204416630061242
level2_status_skip__rot_only_2p0__xyz0__ryp2__seed42,4831,0.9298281929207204,0.07017180707927961,N/A,N/A,N/A,N/A,10.056982608277707,0.6167897582054138,50.01000213623047,9.711267566680903,0.1984556608899328,0.1945945945945946,0.20551183315349592,0.2,0.8314522702485588,0.7390463111935321,0.4850718286976468
level2_status_skip__rot_only_4p0__xyz0__ryp4__seed20,4831,0.9203063547919685,0.07969364520803146,N/A,N/A,N/A,N/A,39.27983361586568,6.051225662231445,58.55380630493164,64.67416954040527,0.023372293471686238,0.0169491525423728,0.023105341957395414,0.0172413793103448,0.5050830190158991,0.47901447560678584,0.3956467116074215
level2_status_skip__rot_only_4p0__xyz0__ryp4__seed28,4831,0.9368660732767543,0.06313392672324569,N/A,N/A,N/A,N/A,8.527975822368868,0.5290985107421875,50.01000213623047,7.18524444103241,0.24234657666524992,0.2416107382550335,0.2509765028512763,0.25,0.8604560706187508,0.8315558172753738,0.6509133551541425
level2_status_skip__rot_only_4p0__xyz0__ryp4__seed42,4831,0.9321051542123784,0.06789484578762162,N/A,N/A,N/A,N/A,15.25342694356439,0.8375054597854614,50.01000213623047,12.290353488922065,0.1331434519306588,0.1290322580645161,0.1356356797455004,0.1307692307692307,0.6945113775750615,0.5505778273294007,0.37628650991799606
level2_status_skip__rot_only_6p0__xyz0__ryp6__seed20,4831,0.9147174498033533,0.08528255019664666,N/A,N/A,N/A,N/A,49.39699657596501,12.613819122314451,110.03059387207031,117.57304687499979,0.015463929881496873,0.0090497737556561,0.015074192498248573,0.0096153846153846,0.5102930076748219,0.4873372413982599,0.407112773089471
level2_status_skip__rot_only_6p0__xyz0__ryp6__seed28,4831,0.9347961084661561,0.06520389153384387,N/A,N/A,N/A,N/A,8.538025659320349,0.5887694954872131,50.01000213623047,8.958743572235107,0.2198621845843482,0.220125786163522,0.2276088663851168,0.2266666666666666,0.848615019286219,0.7938038544959563,0.5680285659832349
level2_status_skip__rot_only_6p0__xyz0__ryp6__seed42,4831,0.9281722210722417,0.07182777892775827,N/A,N/A,N/A,N/A,16.298831106498827,1.1539368629455566,50.01000213623047,14.55206475257869,0.09157119388636634,0.0849056603773584,0.09301485337742145,0.0865384615384615,0.5761808466541796,0.48959540929187734,0.3631648803900896
level2_status_skip__rot_only_8p0__xyz0__ryp8__seed20,4831,0.9010556820534051,0.09894431794659486,N/A,N/A,N/A,N/A,69.91808858737843,21.5618953704834,171.13079833984375,190.36847534179682,0.01244226312646915,0.005181347150259,0.01184472272814238,0.0066666666666666,0.5096865881581577,0.48870753763393004,0.41346300117486245
level2_status_skip__rot_only_8p0__xyz0__ryp8__seed28,4831,0.9300351894017802,0.0699648105982198,N/A,N/A,N/A,N/A,9.764690772436888,0.6106027960777283,50.01000213623047,8.544790840148897,0.19710091588803041,0.1935483870967742,0.20360322774943024,0.2,0.832149945680959,0.7451004434866588,0.4995100172580974
level2_status_skip__rot_only_8p0__xyz0__ryp8__seed42,4831,0.9242392879321052,0.07576071206789481,N/A,N/A,N/A,N/A,19.20875321879491,1.4944401979446411,50.01000213623047,21.189060211181665,0.066860685130878,0.0579710144927536,0.06645133353021314,0.0581395348837209,0.5299514535381608,0.4736115290375642,0.36543521184195443
level2_status_skip_vertical_blur_bss0p05__clean__xyz0__ryp0__seed20,4831,0.9304491823638998,0.06955081763610016,N/A,N/A,N/A,N/A,9.247238415037158,0.5156028866767883,50.01000213623047,7.00354943275453,0.2650595707060948,0.2650602409638554,0.2763955635417047,0.2727272727272727,0.8662765620274363,0.852051279840061,0.7497244813814498
level2_status_skip_vertical_blur_bss0p05__clean__xyz0__ryp0__seed28,4831,0.9308631753260195,0.06913682467398052,N/A,N/A,N/A,N/A,9.778716477711063,0.5194209218025208,50.01000213623047,7.003954410552963,0.26501770663657703,0.2653061224489796,0.27639223422206916,0.2734375,0.8658966975213302,0.8516827751034667,0.7496598820193551
level2_status_skip_vertical_blur_bss0p05__clean__xyz0__ryp0__seed42,4831,0.9310701718070793,0.0689298281929207,N/A,N/A,N/A,N/A,9.562579212393942,0.5189784169197083,50.01000213623047,7.283077859878533,0.2648095863706425,0.264367816091954,0.2761539263709489,0.2727272727272727,0.8657698954936592,0.8515093438680549,0.7499585000748484
level2_status_skip_vertical_blur_bss0p05__pos_0p2_rot_10p0__xyz0p2__ryp10__seed20,4831,0.8741461395156283,0.12585386048437175,N/A,N/A,N/A,N/A,198.13904929440835,36.16115951538086,230.25782012939453,249.57605438232406,0.010172040855815103,0.0,0.009360007987067867,0.003831417624521,0.5068357912297955,0.488873584591796,0.4183493451504231
level2_status_skip_vertical_blur_bss0p05__pos_0p2_rot_10p0__xyz0p2__ryp10__seed28,4831,0.9381080521631132,0.061891947836886785,N/A,N/A,N/A,N/A,12.565851738344442,0.702642023563385,50.01000213623047,12.04006299972534,0.1699909503610002,0.1707317073170731,0.17377489561182516,0.173076923076923,0.7962444267464545,0.6822509972940586,0.45185911243285176
level2_status_skip_vertical_blur_bss0p05__pos_0p2_rot_10p0__xyz0p2__ryp10__seed42,4831,0.9153384392465328,0.0846615607534672,N/A,N/A,N/A,N/A,19.756439561811238,2.1530940532684326,50.01000213623047,29.106676578521714,0.05038064722576617,0.042016806722689,0.05044011006861045,0.04259442520204515,0.5154196193956556,0.46992324191750673,0.38013177646079177
level2_status_skip_vertical_blur_bss0p05__pos_0p2_rot_14p0__xyz0p2__ryp14__seed20,4831,0.8199130614779548,0.18008693852204516,N/A,N/A,N/A,N/A,109.93024225244146,50.01000213623047,356.2274475097656,406.0457763671875,0.008523411247057413,0.0,0.006874730508318814,0.0,0.5014281817625592,0.4861261358158863,0.41708285508120985
level2_status_skip_vertical_blur_bss0p05__pos_0p2_rot_14p0__xyz0p2__ryp14__seed28,4831,0.9405920099358311,0.05940799006416886,N/A,N/A,N/A,N/A,11.36631624682025,0.7914373874664307,50.01000213623047,12.040949916839583,0.14120173765007601,0.1393442622950819,0.1430944795933429,0.1408923338689857,0.725984423188692,0.5942468173274611,0.39962744314115745
level2_status_skip_vertical_blur_bss0p05__pos_0p2_rot_14p0__xyz0p2__ryp14__seed42,4831,0.912854481473815,0.08714551852618502,N/A,N/A,N/A,N/A,32.710138926295635,3.6738922595977774,50.01000213623047,43.63512611389162,0.03411798499083464,0.027027027027027,0.03367558683039199,0.0273972602739726,0.5011891714803918,0.46703341725548003,0.38760658358469263
level2_status_skip_vertical_blur_bss0p05__pos_0p2_rot_1p0__xyz0p2__ryp1__seed20,4831,0.9273442351480025,0.07265576485199754,N/A,N/A,N/A,N/A,15.694192860084268,0.9358354806900024,50.01000213623047,14.782897758483887,0.1131116797786691,0.108433734939759,0.11540891301187359,0.11067842235799405,0.6446574380350055,0.5228935867841398,0.3700613389428536
level2_status_skip_vertical_blur_bss0p05__pos_0p2_rot_1p0__xyz0p2__ryp1__seed28,4831,0.9333471330987373,0.06665286690126271,N/A,N/A,N/A,N/A,12.840589978088573,0.6264011859893799,50.01000213623047,10.340147590637129,0.21158992553263806,0.2153846153846154,0.21904525518581344,0.22,0.8561995617667765,0.8419583676000186,0.7237786352743162
level2_status_skip_vertical_blur_bss0p05__pos_0p2_rot_1p0__xyz0p2__ryp1__seed42,4831,0.9248602773752846,0.07513972262471535,N/A,N/A,N/A,N/A,8.775631420404636,0.5772053599357605,50.01000213623047,8.257062673568724,0.22878499324578197,0.225563909774436,0.23825284331171026,0.2333333333333333,0.8554067372789623,0.8217498046153172,0.6398740927568488
level2_status_skip_vertical_blur_bss0p05__pos_0p2_rot_2p0__xyz0p2__ryp2__seed20,4831,0.9184433864624302,0.08155661353756982,N/A,N/A,N/A,N/A,22.648671453976373,1.919244408607483,50.01000213623047,30.092300415039052,0.056240455790418975,0.0476190476190476,0.05532110058356506,0.047457627118644,0.5239896440592591,0.4739953494809978,0.37741398086829897
level2_status_skip_vertical_blur_bss0p05__pos_0p2_rot_2p0__xyz0p2__ryp2__seed28,4831,0.9352101014282758,0.06478989857172424,N/A,N/A,N/A,N/A,11.843967147798551,0.6173317432403564,50.01000213623047,9.390688085555992,0.21054604299169374,0.2142857142857142,0.21763121831916957,0.2195121951219512,0.8553171769206044,0.8367975876765492,0.700490068089281
level2_status_skip_vertical_blur_bss0p05__pos_0p2_rot_2p0__xyz0p2__ryp2__seed42,4831,0.9200993583109087,0.07990064168909128,N/A,N/A,N/A,N/A,12.292148351222224,0.6403561234474182,50.01000213623047,7.957148742675781,0.1879743562987939,0.1818181818181818,0.1953947052204684,0.1888888888888888,0.828467342312015,0.7348762748861872,0.48781950073592584
level2_status_skip_vertical_blur_bss0p05__pos_0p2_rot_4p0__xyz0p2__ryp4__seed20,4831,0.9157524322086524,0.08424756779134757,N/A,N/A,N/A,N/A,36.84642242353091,6.163725852966309,56.77396202087402,62.066534614562954,0.023826372002710716,0.0174825174825174,0.023779779846911445,0.01795064579361455,0.5009957250666439,0.47565017795967257,0.3971311274548221
level2_status_skip_vertical_blur_bss0p05__pos_0p2_rot_4p0__xyz0p2__ryp4__seed28,4831,0.9356240943903954,0.0643759056096046,N/A,N/A,N/A,N/A,8.284815153468143,0.6306442022323608,50.01000213623047,10.465915203094488,0.20568593491526682,0.208955223880597,0.21193846174982786,0.2121212121212121,0.8520196695153581,0.8209011190736568,0.6356471869831246
level2_status_skip_vertical_blur_bss0p05__pos_0p2_rot_4p0__xyz0p2__ryp4__seed42,4831,0.9236182984889257,0.07638170151107426,N/A,N/A,N/A,N/A,16.541125403529428,0.8536059856414795,50.01000213623047,12.243122434616089,0.1274254517525471,0.1228070175438596,0.13046142741491296,0.125,0.6917232953544198,0.5507287286274056,0.3810163408363338
level2_status_skip_vertical_blur_bss0p05__pos_0p2_rot_6p0__xyz0p2__ryp6__seed20,4831,0.9095425377768578,0.09045746222314222,N/A,N/A,N/A,N/A,44.876504023932036,12.84989070892334,110.73570251464844,120.57011184692352,0.015303994460415466,0.0087719298245614,0.01489542598268961,0.009600024576062901,0.506120831238631,0.48528888455846075,0.4097834735935636
level2_status_skip_vertical_blur_bss0p05__pos_0p2_rot_6p0__xyz0p2__ryp6__seed28,4831,0.936038087352515,0.06396191264748496,N/A,N/A,N/A,N/A,11.460635722131785,0.6330822110176086,50.01000213623047,10.478649282455423,0.19616635867597518,0.2,0.201893397772781,0.2031885162601626,0.8417604050841709,0.7849127550025584,0.5578083064013473
level2_status_skip_vertical_blur_bss0p05__pos_0p2_rot_6p0__xyz0p2__ryp6__seed42,4831,0.9217553301593873,0.07824466984061274,N/A,N/A,N/A,N/A,14.294317377512302,1.119998812675476,50.01000213623047,14.84232749938964,0.08893691310426521,0.081967213114754,0.08990835569156135,0.0825242718446602,0.5724682988827546,0.4886759571486496,0.3709025919482417
level2_status_skip_vertical_blur_bss0p05__pos_0p2_rot_8p0__xyz0p2__ryp8__seed20,4831,0.8977437383564479,0.10225626164355206,N/A,N/A,N/A,N/A,59.749526077756535,21.90567779541016,182.8731689453125,193.71969604492173,0.012109710430750632,0.0053475935828877,0.012117098229032978,0.0073529411764705,0.508326415159136,0.48837015987759286,0.41570870146614713
level2_status_skip_vertical_blur_bss0p05__pos_0p2_rot_8p0__xyz0p2__ryp8__seed28,4831,0.9356240943903954,0.0643759056096046,N/A,N/A,N/A,N/A,12.053182926458604,0.6499717831611633,50.01000213623047,10.063442564010623,0.18476716139225155,0.1866666666666666,0.1891774982455855,0.1891891891891892,0.8260142358604651,0.7362044463522757,0.4948051855847087
level2_status_skip_vertical_blur_bss0p05__pos_0p2_rot_8p0__xyz0p2__ryp8__seed42,4831,0.9196853653487891,0.08031463465121091,N/A,N/A,N/A,N/A,22.020752636982962,1.606905817985535,50.01000213623047,23.55535793304442,0.06425556484325119,0.056338028169014,0.0639081574605693,0.0564516129032258,0.529336351856959,0.4769198773952051,0.37468665459816203
level2_status_skip_vertical_blur_bss0p05__pos_0p5_rot_10p0__xyz0p5__ryp10__seed20,4831,0.8644173049058166,0.13558269509418341,N/A,N/A,N/A,N/A,86.77043851868284,41.94636917114258,238.72610473632812,260.63160705566406,0.010123077569214302,0.0,0.008945377012446257,0.0,0.5001692461541555,0.48371818008330353,0.4145766800306873
level2_status_skip_vertical_blur_bss0p05__pos_0p5_rot_10p0__xyz0p5__ryp10__seed28,4831,0.9391430345684123,0.060856965431587695,N/A,N/A,N/A,N/A,25.57328097876431,0.8453607559204102,50.01000213623047,20.960130691528207,0.16552729072588837,0.1610738255033557,0.1691699984366914,0.1639344262295081,0.782321679441299,0.6781138994018111,0.4568713903328252
level2_status_skip_vertical_blur_bss0p05__pos_0p5_rot_10p0__xyz0p5__ryp10__seed42,4831,0.9027116539018837,0.09728834609811632,N/A,N/A,N/A,N/A,24.459616033103963,2.8374176025390625,50.01000213623047,39.63668441772461,0.0420233393210309,0.0343511450381679,0.04181136213085959,0.0347222222222222,0.5122386705810047,0.4760616142446988,0.3887815109471386
level2_status_skip_vertical_blur_bss0p05__pos_0p5_rot_14p0__xyz0p5__ryp14__seed20,4831,0.8085282550196646,0.19147174498033537,N/A,N/A,N/A,N/A,128.00128646826715,50.01000213623047,369.0841827392578,435.65863037109375,0.008435846689213858,0.0,0.006569814673741857,0.0,0.49311230553659463,0.4791610208367043,0.4131647881718902
level2_status_skip_vertical_blur_bss0p05__pos_0p5_rot_14p0__xyz0p5__ryp14__seed28,4831,0.935003104947216,0.06499689505278405,N/A,N/A,N/A,N/A,19.18911807571564,0.9436443448066713,50.01000213623047,20.117911911010733,0.13593709461986583,0.1296296296296296,0.13822385899225167,0.1311475409836065,0.7184283056084257,0.5976721921568442,0.40574453460829013
level2_status_skip_vertical_blur_bss0p05__pos_0p5_rot_14p0__xyz0p5__ryp14__seed42,4831,0.9031256468640033,0.09687435313599668,N/A,N/A,N/A,N/A,26.980643975393676,4.592119216918945,50.15753364562988,55.61277389526344,0.028330231455509742,0.0209790209790209,0.027560336783422512,0.0209205020920502,0.4980636234789001,0.47051062134230287,0.39584060271221394
level2_status_skip_vertical_blur_bss0p05__pos_0p5_rot_1p0__xyz0p5__ryp1__seed20,4831,0.9203063547919685,0.07969364520803146,N/A,N/A,N/A,N/A,14.850976181486024,0.9712978601455688,50.01000213623047,16.855409622192383,0.1060077924567354,0.1011235955056179,0.1075634322207547,0.1025641025641025,0.6386316823043926,0.5263714228596781,0.37923971791363353
level2_status_skip_vertical_blur_bss0p05__pos_0p5_rot_1p0__xyz0p5__ryp1__seed28,4831,0.9345891119850962,0.0654108880149038,N/A,N/A,N/A,N/A,11.693549269790232,0.6802679896354675,50.01000213623047,23.74020729064943,0.22161548387998792,0.22,0.2293597057479727,0.2272727272727272,0.8353896780263971,0.8200706505176775,0.7058586430687642
level2_status_skip_vertical_blur_bss0p05__pos_0p5_rot_1p0__xyz0p5__ryp1__seed42,4831,0.9124404885116953,0.08755951148830465,N/A,N/A,N/A,N/A,11.50069534243637,0.7606505155563354,50.01000213623047,13.667164850234965,0.1798671690692924,0.1774193548387097,0.18691147977673414,0.1834097859327217,0.8242127483331404,0.790090256504248,0.6020067355096811
level2_status_skip_vertical_blur_bss0p05__pos_0p5_rot_2p0__xyz0p5__ryp2__seed20,4831,0.9149244462844132,0.08507555371558684,N/A,N/A,N/A,N/A,19.23566528452054,2.19989013671875,50.01000213623047,30.167743015289307,0.052673677107641634,0.044776119402985,0.051995769194321376,0.044776119402985,0.5189381247210384,0.4750983210919009,0.3852364631186055
level2_status_skip_vertical_blur_bss0p05__pos_0p5_rot_2p0__xyz0p5__ryp2__seed28,4831,0.9343821155040364,0.06561788449596362,N/A,N/A,N/A,N/A,11.100382872610751,0.6893978714942932,50.01000213623047,21.902673149108836,0.22005528101183758,0.2183908045977011,0.22800201493175096,0.2254901960784313,0.8361471865172967,0.8174325411471223,0.6921428284178193
level2_status_skip_vertical_blur_bss0p05__pos_0p5_rot_2p0__xyz0p5__ryp2__seed42,4831,0.9124404885116953,0.08755951148830465,N/A,N/A,N/A,N/A,16.437923999951362,0.8346153497695923,50.01000213623047,16.895616436004584,0.1541699127664688,0.15,0.15992961684352644,0.1546391752577319,0.7976253036853135,0.7098800514010732,0.4831344870635523
level2_status_skip_vertical_blur_bss0p05__pos_0p5_rot_4p0__xyz0p5__ryp4__seed20,4831,0.9105775201821569,0.08942247981784313,N/A,N/A,N/A,N/A,33.399928969691395,6.410739898681641,61.33745193481445,67.83489913940427,0.021843745095177038,0.0152091254752851,0.021956069807402636,0.0158730158730158,0.4971492433142648,0.4750525930703842,0.40221703211154064
level2_status_skip_vertical_blur_bss0p05__pos_0p5_rot_4p0__xyz0p5__ryp4__seed28,4831,0.9323121506934382,0.0676878493065618,N/A,N/A,N/A,N/A,16.41999607417868,0.7262503504753113,50.01000213623047,20.440417766571013,0.21059166480675987,0.2093023255813953,0.21747820636463733,0.2142857142857142,0.8318964751734608,0.8037377043758985,0.637010718843937
level2_status_skip_vertical_blur_bss0p05__pos_0p5_rot_4p0__xyz0p5__ryp4__seed42,4831,0.9064375905609605,0.09356240943903948,N/A,N/A,N/A,N/A,15.4968964882959,1.037001132965088,50.01000213623047,16.82770824432359,0.10728428243743508,0.1016949152542373,0.10945297856592794,0.1034482758620689,0.667393457561233,0.5475268941097231,0.39185937289694994
level2_status_skip_vertical_blur_bss0p05__pos_0p5_rot_6p0__xyz0p5__ryp6__seed20,4831,0.909335541295798,0.09066445870420203,N/A,N/A,N/A,N/A,77.14361817645585,13.671053886413574,141.53135681152344,157.34109497070253,0.014687050227145967,0.0076923076923076,0.01425839240699159,0.0087719298245614,0.49935008102477274,0.4799719883094862,0.4079183912675597
level2_status_skip_vertical_blur_bss0p05__pos_0p5_rot_6p0__xyz0p5__ryp6__seed28,4831,0.9335541295797971,0.06644587042020289,N/A,N/A,N/A,N/A,17.185663628406488,0.7617027163505554,50.01000213623047,20.965672206878672,0.1963094244487264,0.196078431372549,0.20236284864606108,0.2,0.8236255214997856,0.7715388472781214,0.5685056960168234
level2_status_skip_vertical_blur_bss0p05__pos_0p5_rot_6p0__xyz0p5__ryp6__seed42,4831,0.9043676257503622,0.09563237424963777,N/A,N/A,N/A,N/A,20.3718053864917,1.416453242301941,50.01000213623047,21.908304977416964,0.07423603826914192,0.0666666666666666,0.07293526277077385,0.0662983425414364,0.5635654809034524,0.4938278422264687,0.3806417219955049
level2_status_skip_vertical_blur_bss0p05__pos_0p5_rot_8p0__xyz0p5__ryp8__seed20,4831,0.8888428896708755,0.11115711032912445,N/A,N/A,N/A,N/A,63.59095799700147,24.6435546875,198.03658294677734,214.90261306762696,0.01246522437782769,0.005050505050505,0.01175449797699993,0.0068729333963155,0.5016352431254587,0.4837977648297693,0.4126685661917733
level2_status_skip_vertical_blur_bss0p05__pos_0p5_rot_8p0__xyz0p5__ryp8__seed28,4831,0.9379010556820534,0.0620989443179466,N/A,N/A,N/A,N/A,14.780026352609415,0.8062037229537964,50.01000213623047,18.842653274536136,0.17965842391537512,0.1764705882352941,0.18459396122770677,0.1802325581395348,0.807667525981794,0.7305171132298777,0.5052757049363267
level2_status_skip_vertical_blur_bss0p05__pos_0p5_rot_8p0__xyz0p5__ryp8__seed42,4831,0.9031256468640033,0.09687435313599668,N/A,N/A,N/A,N/A,19.460124882581216,1.9997483491897583,50.01000213623047,27.909012031555147,0.05332388581272072,0.044776119402985,0.05210882627103604,0.044776119402985,0.5242045940336487,0.47978442868470833,0.38603184924855555
level2_status_skip_vertical_blur_bss0p05__pos_1p0_rot_10p0__xyz1__ryp10__seed20,4831,0.8422686814324156,0.15773131856758438,N/A,N/A,N/A,N/A,94.03304459992661,47.97024154663086,274.9839782714844,300.7402832031249,0.008510092790783564,0.0,0.006984350489231475,0.0,0.48549362014110525,0.47265436548359685,0.4069246870389786
level2_status_skip_vertical_blur_bss0p05__pos_1p0_rot_10p0__xyz1__ryp10__seed28,4831,0.9279652245911819,0.07203477540881809,N/A,N/A,N/A,N/A,19.56060973837588,1.4640920162200928,50.01000213623047,48.63249168395979,0.13978781514534536,0.1379310344827586,0.142791519577751,0.1414141414141414,0.7450340041485557,0.6698076663193095,0.4711009871136573
level2_status_skip_vertical_blur_bss0p05__pos_1p0_rot_10p0__xyz1__ryp10__seed42,4831,0.845373628648313,0.154626371351687,N/A,N/A,N/A,N/A,52.59470375234855,5.067078590393066,76.00007247924805,92.40071258544917,0.028970007934755373,0.0209424083769633,0.027362051678344962,0.0212765957446808,0.49844138807918037,0.467393458370676,0.38601950336623553
level2_status_skip_vertical_blur_bss0p05__pos_1p0_rot_14p0__xyz1__ryp14__seed20,4831,0.7816187124818879,0.21838128751811214,N/A,N/A,N/A,N/A,139.6924235665682,50.01000213623047,367.42201232910156,427.8465194702149,0.006995155695728569,0.0,0.005066698243417892,0.0,0.4800983578118704,0.4691233946260915,0.4050941466109154
level2_status_skip_vertical_blur_bss0p05__pos_1p0_rot_14p0__xyz1__ryp14__seed28,4831,0.9306561788449597,0.06934382115504034,N/A,N/A,N/A,N/A,20.546324314493678,1.6699137687683103,50.01000213623047,47.93476390838623,0.11777451090696643,0.1132075471698113,0.12009164039945867,0.1147540983606557,0.6992316301712703,0.607056688674837,0.426213924034268
level2_status_skip_vertical_blur_bss0p05__pos_1p0_rot_14p0__xyz1__ryp14__seed42,4831,0.8457876216104326,0.15421237838956736,N/A,N/A,N/A,N/A,55.018527127037416,7.566650390625,88.59648132324219,109.2972011566162,0.020663604953231444,0.0129870129870129,0.01954138611458601,0.0135440870734988,0.48824271042956335,0.46435750156129274,0.38795238705591356
level2_status_skip_vertical_blur_bss0p05__pos_1p0_rot_1p0__xyz1__ryp1__seed20,4831,0.9049886151935417,0.09501138480645832,N/A,N/A,N/A,N/A,20.462110391236475,1.362109899520874,50.01000213623047,27.58738403320309,0.09116979614920682,0.0816326530612244,0.09239876506592971,0.0833333333333333,0.6213073902498003,0.5274914482711647,0.3886471790414059
level2_status_skip_vertical_blur_bss0p05__pos_1p0_rot_1p0__xyz1__ryp1__seed28,4831,0.926723245704823,0.073276754295177,N/A,N/A,N/A,N/A,19.593770330712925,1.1398543119430542,50.01000213623047,42.98024826049803,0.18099025358950316,0.1785714285714285,0.18791723039957212,0.1864406779661017,0.7948011604811281,0.7714331080982852,0.6425556176315059
level2_status_skip_vertical_blur_bss0p05__pos_1p0_rot_1p0__xyz1__ryp1__seed42,4831,0.8548954667770647,0.14510453322293526,N/A,N/A,N/A,N/A,30.892908236252314,1.5545330047607422,50.01000213623047,52.27786979675283,0.11423236819055832,0.109090909090909,0.12251734663054385,0.1176470588235294,0.7543733997115639,0.7228582445734677,0.5510774533542396
level2_status_skip_vertical_blur_bss0p05__pos_1p0_rot_2p0__xyz1__ryp2__seed20,4831,0.9080935624094391,0.09190643759056094,N/A,N/A,N/A,N/A,33.852780852202805,2.76351261138916,50.01000213623047,48.136523437499996,0.04465226160044857,0.037037037037037,0.044057516588478264,0.0373443983402489,0.5162935045809701,0.4789576605385035,0.39167231600644414
level2_status_skip_vertical_blur_bss0p05__pos_1p0_rot_2p0__xyz1__ryp2__seed28,4831,0.9250672738563445,0.07493272614365554,N/A,N/A,N/A,N/A,83.83192055077609,1.1117578744888306,50.01000213623047,38.95166854858397,0.1786254520583667,0.1785714285714285,0.18548909598664404,0.1864406779661017,0.7940150802831364,0.7682534351556664,0.6303731944014207
level2_status_skip_vertical_blur_bss0p05__pos_1p0_rot_2p0__xyz1__ryp2__seed42,4831,0.8555164562202443,0.1444835437797557,N/A,N/A,N/A,N/A,62.48936198250701,1.6508550643920898,50.01000213623047,65.67957305908199,0.10047268033589431,0.0961538461538461,0.1067240984366661,0.1038961038961039,0.7310972264945933,0.6564347871754799,0.45637572164377965
level2_status_skip_vertical_blur_bss0p05__pos_1p0_rot_4p0__xyz1__ryp4__seed20,4831,0.9018836679776444,0.09811633202235559,N/A,N/A,N/A,N/A,45.81458472222077,7.845446109771728,100.8442268371582,113.65084991455048,0.018760979561159172,0.0117647058823529,0.017921817936825176,0.0124223602484472,0.4952871414879401,0.4756061423423573,0.40491291397405105
level2_status_skip_vertical_blur_bss0p05__pos_1p0_rot_4p0__xyz1__ryp4__seed28,4831,0.923204305526806,0.07679569447319401,N/A,N/A,N/A,N/A,50.447517080984326,1.1655880212783811,50.01000213623047,41.09652042388926,0.17147084989104536,0.1704545454545454,0.17795284539483625,0.17754244317867604,0.7899601097382092,0.7584550453975452,0.5998463428006988
level2_status_skip_vertical_blur_bss0p05__pos_1p0_rot_4p0__xyz1__ryp4__seed42,4831,0.8551024632581246,0.14489753674187544,N/A,N/A,N/A,N/A,49.007445337191285,1.9757133722305296,50.01000213623047,52.0316047668457,0.07131168415616904,0.0620689655172413,0.07330664653202786,0.0638297872340425,0.6234445800408203,0.5317328729205075,0.3832754278665892
level2_status_skip_vertical_blur_bss0p05__pos_1p0_rot_6p0__xyz1__ryp6__seed20,4831,0.8898778720761747,0.11012212792382525,N/A,N/A,N/A,N/A,57.34477483583265,16.28565788269043,165.48567962646484,183.67950592041012,0.012565305201553434,0.005,0.01185628228029896,0.0061728395061728,0.49224918556531605,0.4751292342105555,0.40715670755929784
level2_status_skip_vertical_blur_bss0p05__pos_1p0_rot_6p0__xyz1__ryp6__seed28,4831,0.926723245704823,0.073276754295177,N/A,N/A,N/A,N/A,62.35967528936446,1.2642472982406616,50.01000213623047,49.5200973510742,0.16079245248334187,0.1586538461538461,0.16595035255798093,0.1666666666666666,0.7788867807701438,0.7309849417380024,0.5473495189929146
level2_status_skip_vertical_blur_bss0p05__pos_1p0_rot_6p0__xyz1__ryp6__seed42,4831,0.8515835230801077,0.14841647691989235,N/A,N/A,N/A,N/A,38.295862804864356,2.542512893676758,50.01000213623047,57.96543807983391,0.04935266132804738,0.040590405904059,0.04917055184075775,0.0422535211267605,0.5424904414451229,0.48426993766525844,0.3758266537817988
level2_status_skip_vertical_blur_bss0p05__pos_1p0_rot_8p0__xyz1__ryp8__seed20,4831,0.8681432415648934,0.13185675843510658,N/A,N/A,N/A,N/A,92.59722417120305,29.854507446289062,251.10733795166018,268.176985168457,0.010683193980226014,0.0,0.010059168562578916,0.0,0.48856765718780476,0.4745898698210441,0.4075984928910579
level2_status_skip_vertical_blur_bss0p05__pos_1p0_rot_8p0__xyz1__ryp8__seed28,4831,0.9240322914510454,0.07596770854895463,N/A,N/A,N/A,N/A,18.991565794275978,1.4012255668640137,50.01000213623047,45.4264497756957,0.15036652802547415,0.1489361702127659,0.15463568920870796,0.1538461538461538,0.7676435954105554,0.7004685837622234,0.5034034126349021
level2_status_skip_vertical_blur_bss0p05__pos_1p0_rot_8p0__xyz1__ryp8__seed42,4831,0.8532394949285862,0.1467605050714138,N/A,N/A,N/A,N/A,33.33817362886202,3.776189088821411,64.70201873779297,77.44492340087882,0.03633133570130352,0.027027027027027,0.035804233761811015,0.02784237726098185,0.5074944109101824,0.4709754128566235,0.37895914152067245
level2_status_skip_vertical_blur_bss0p05__pos_1p5_rot_10p0__xyz1p5__ryp10__seed20,4831,0.8029393500310494,0.19706064996895056,N/A,N/A,N/A,N/A,140.6505332322804,50.01000213623047,336.6608581542969,394.391616821289,0.007459274761487717,0.0,0.005660986103159423,0.0,0.4767697151899204,0.46539770438851097,0.40301632059581594
level2_status_skip_vertical_blur_bss0p05__pos_1p5_rot_10p0__xyz1p5__ryp10__seed28,4831,0.9085075553715587,0.0914924446284413,N/A,N/A,N/A,N/A,31.302509355145926,3.1720662117004395,87.0315933227539,98.20519104003907,0.1102987811558978,0.0973451327433628,0.11446853999871542,0.1038961038961039,0.7037427665042006,0.6419684791583409,0.46910099709663555
level2_status_skip_vertical_blur_bss0p05__pos_1p5_rot_10p0__xyz1p5__ryp10__seed42,4831,0.726764645001035,0.273235354998965,N/A,N/A,N/A,N/A,71.10278246856677,16.171754837036133,123.81863784790039,171.9241180419922,0.021382652872906586,0.0125,0.020825318422908246,0.0136986301369863,0.4944386243137507,0.46401771136842757,0.37593317465668996
level2_status_skip_vertical_blur_bss0p05__pos_1p5_rot_14p0__xyz1p5__ryp14__seed20,4831,0.7323535499896502,0.2676464500103498,N/A,N/A,N/A,N/A,161.11571620917053,50.01000213623047,452.2430419921875,570.2839935302726,0.006460218137420236,0.0,0.00446198264360653,0.0,0.47466080971774705,0.4645229062230812,0.3993114133927901
level2_status_skip_vertical_blur_bss0p05__pos_1p5_rot_14p0__xyz1p5__ryp14__seed28,4831,0.9064375905609605,0.09356240943903948,N/A,N/A,N/A,N/A,35.89614448521956,3.987943172454834,91.99810791015625,103.08047561645505,0.09155947574997823,0.0779220779220779,0.09404399516689937,0.0823970037453183,0.6678477713963819,0.594094025244314,0.4277452310271545
level2_status_skip_vertical_blur_bss0p05__pos_1p5_rot_14p0__xyz1p5__ryp14__seed42,4831,0.7176567998344028,0.2823432001655972,N/A,N/A,N/A,N/A,62.15927062207533,24.326740264892575,161.64378356933594,218.29652252197235,0.015281957666074408,0.0059171597633136,0.014384539323645569,0.008130081300813,0.49216025558337656,0.46819032871805155,0.3874728468184813
level2_status_skip_vertical_blur_bss0p05__pos_1p5_rot_1p0__xyz1p5__ryp1__seed20,4831,0.8857379424549783,0.11426205754502172,N/A,N/A,N/A,N/A,32.68259086766473,2.309755325317383,65.55260467529297,80.95480422973633,0.06963733775453569,0.0612244897959183,0.06986849572409447,0.0625,0.6045705162529782,0.5263781953269445,0.3900797554286344
level2_status_skip_vertical_blur_bss0p05__pos_1p5_rot_1p0__xyz1p5__ryp1__seed28,4831,0.9091285448147381,0.09087145518526185,N/A,N/A,N/A,N/A,36.006772207454745,2.7535128593444824,87.69017791748047,99.32155761718745,0.14339937265436217,0.125,0.15034444689853876,0.1349693251533742,0.7421367194410815,0.7120642865384997,0.5792151794930929
level2_status_skip_vertical_blur_bss0p05__pos_1p5_rot_1p0__xyz1p5__ryp1__seed42,4831,0.7213827364934796,0.2786172635065204,N/A,N/A,N/A,N/A,67.62611315738134,7.707746982574463,80.45428466796875,115.0653076171875,0.0701536279428162,0.0588235294117647,0.08176210964343449,0.0759493670886076,0.6779455954260846,0.6480937146757242,0.4976144258841144
level2_status_skip_vertical_blur_bss0p05__pos_1p5_rot_2p0__xyz1p5__ryp2__seed20,4831,0.8743531359966881,0.12564686400331193,N/A,N/A,N/A,N/A,37.95961556665073,4.832951068878174,86.66131210327148,104.47765502929686,0.035948095007360015,0.0276243093922651,0.034598278544016405,0.0277777777777777,0.5117770946709552,0.47887863818290655,0.3931373443409209
level2_status_skip_vertical_blur_bss0p05__pos_1p5_rot_2p0__xyz1p5__ryp2__seed28,4831,0.9068515835230802,0.09314841647691985,N/A,N/A,N/A,N/A,29.851453722011843,2.759964942932129,86.17692184448242,94.83499908447266,0.14221665260023875,0.125,0.14904152979233184,0.1368421052631579,0.7403854319855352,0.7089049268930616,0.5748986166839469
level2_status_skip_vertical_blur_bss0p05__pos_1p5_rot_2p0__xyz1p5__ryp2__seed42,4831,0.7240736907472572,0.27592630925274275,N/A,N/A,N/A,N/A,44.21209059341367,7.724556922912598,85.50316619873047,132.00948410034158,0.06214190240746546,0.0508474576271186,0.07210437941875428,0.0638297872340425,0.6592398335549546,0.6055034772989213,0.4372139103314104
level2_status_skip_vertical_blur_bss0p05__pos_1p5_rot_4p0__xyz1p5__ryp4__seed20,4831,0.8714551852618505,0.1285448147381495,N/A,N/A,N/A,N/A,61.42563146695994,11.351216316223145,176.99149322509766,204.07518997192338,0.016148670430793696,0.008695652173913,0.015216369623285897,0.01,0.48918397534045177,0.47117785324322276,0.4005103624213917
level2_status_skip_vertical_blur_bss0p05__pos_1p5_rot_4p0__xyz1p5__ryp4__seed28,4831,0.9149244462844132,0.08507555371558684,N/A,N/A,N/A,N/A,34.056880981242024,2.468186140060425,80.06290435791016,85.47520828247099,0.13861941871984695,0.1267605633802817,0.1445563664659141,0.1347732432904465,0.7393434057623061,0.70229659465509,0.5530529897495271
level2_status_skip_vertical_blur_bss0p05__pos_1p5_rot_4p0__xyz1p5__ryp4__seed42,4831,0.7259366590767957,0.2740633409232043,N/A,N/A,N/A,N/A,62.57166095687388,10.170711517333984,108.92422103881836,146.98025054931637,0.04625454073470277,0.0344827586206896,0.04927336300384946,0.04,0.5841077572222465,0.5165493550554717,0.3763796352352866
level2_status_skip_vertical_blur_bss0p05__pos_1p5_rot_6p0__xyz1p5__ryp6__seed20,4831,0.8642103084247568,0.13578969157524323,N/A,N/A,N/A,N/A,93.50302364828485,23.30434799194336,282.6512908935547,315.0257720947265,0.011373736939929905,0.0,0.01049619374147758,0.0043478260869565,0.482928638521281,0.46806730003196356,0.40263140387102936
level2_status_skip_vertical_blur_bss0p05__pos_1p5_rot_6p0__xyz1p5__ryp6__seed28,4831,0.9153384392465328,0.0846615607534672,N/A,N/A,N/A,N/A,36.72777736286836,2.6999011039733887,82.16455841064453,87.67594261169428,0.13120860120430533,0.11875,0.1362151357554509,0.12598817304699655,0.7333325857124514,0.6862047213197928,0.5222477792261145
level2_status_skip_vertical_blur_bss0p05__pos_1p5_rot_6p0__xyz1p5__ryp6__seed42,4831,0.7265576485199752,0.2734423514800248,N/A,N/A,N/A,N/A,47.67584529859776,11.034862518310549,102.12272262573242,152.72690048217748,0.0337286197796668,0.0224719101123595,0.03427264366564954,0.0253164556962025,0.5271932936701059,0.4790525220465168,0.370513645184654
level2_status_skip_vertical_blur_bss0p05__pos_1p5_rot_8p0__xyz1p5__ryp8__seed20,4831,0.8358517905195612,0.16414820948043884,N/A,N/A,N/A,N/A,119.60186620751256,39.28116607666016,296.31776428222656,332.7203262329099,0.0093786249678555,0.0,0.008534951681347847,0.0,0.4826199709325364,0.4701418960329611,0.4005561893501381
level2_status_skip_vertical_blur_bss0p05__pos_1p5_rot_8p0__xyz1p5__ryp8__seed28,4831,0.9145104533222935,0.08548954667770647,N/A,N/A,N/A,N/A,31.24939491869192,2.9677748680114746,91.3512954711914,101.56490821838366,0.1214928584539108,0.1097560975609756,0.12590404328674476,0.11600672877846785,0.720509309109886,0.6660290538291262,0.4944962516336632
level2_status_skip_vertical_blur_bss0p05__pos_1p5_rot_8p0__xyz1p5__ryp8__seed42,4831,0.7226247153798385,0.2773752846201615,N/A,N/A,N/A,N/A,46.966905804940495,13.298240661621094,113.94456100463867,155.19373321533203,0.02651423136487669,0.0163934426229508,0.026643552615276653,0.018348623853211,0.49853919849108697,0.4612141546980653,0.36758025173282627
level2_status_skip_vertical_blur_bss0p05__pos_2p0_rot_10p0__xyz2__ryp10__seed20,4831,0.7607120678948458,0.2392879321051542,N/A,N/A,N/A,N/A,295.6539684389719,50.01000213623047,429.83290100097656,559.4135925292952,0.006864686850905103,0.0,0.004948924526310336,0.0,0.4699529921946384,0.45859341896338807,0.39614788340162427
level2_status_skip_vertical_blur_bss0p05__pos_2p0_rot_10p0__xyz2__ryp10__seed28,4831,0.8729041606292693,0.12709583937073066,N/A,N/A,N/A,N/A,40.81695657641152,7.248562335968018,140.38719177246094,160.92575683593716,0.08344676753587542,0.064516129032258,0.0877077284352127,0.0704225352112676,0.6707115357765348,0.6183512867773804,0.4651754397047234
level2_status_skip_vertical_blur_bss0p05__pos_2p0_rot_10p0__xyz2__ryp10__seed42,4831,0.35541295797971434,0.6445870420202857,N/A,N/A,N/A,N/A,90.8149039040641,50.01000213623047,195.5835189819336,705.6722900390605,0.010833118333714567,0.0,0.007753606143492138,0.0,0.5457619049409335,0.5262472186185676,0.4354920172331426
level2_status_skip_vertical_blur_bss0p05__pos_2p0_rot_14p0__xyz2__ryp14__seed20,4831,0.6812254191678742,0.31877458083212584,N/A,N/A,N/A,N/A,210.83498769229587,50.01000213623047,597.3086853027344,777.8980102539062,0.006390401060327261,0.0,0.0035899886954596687,0.0,0.4746284446000106,0.46439509817000874,0.401028141405987
level2_status_skip_vertical_blur_bss0p05__pos_2p0_rot_14p0__xyz2__ryp14__seed28,4831,0.8778720761747051,0.12212792382529492,N/A,N/A,N/A,N/A,43.00361031373744,8.737959861755371,153.15393829345703,169.34996032714844,0.07061200787943775,0.0508474576271186,0.07235685921877072,0.0526315789473684,0.6442315092181475,0.5867436561041206,0.4398282328268165
level2_status_skip_vertical_blur_bss0p05__pos_2p0_rot_14p0__xyz2__ryp14__seed42,4831,0.3510660318774581,0.6489339681225419,N/A,N/A,N/A,N/A,182.0312434021415,50.01000213623047,194.52579498291013,782.0217590332031,0.008610642904365135,0.0,0.005988793588677921,0.0,0.5437177815052727,0.5263728114202757,0.4387260292821144
level2_status_skip_vertical_blur_bss0p05__pos_2p0_rot_1p0__xyz2__ryp1__seed20,4831,0.8310908714551852,0.16890912854481477,N/A,N/A,N/A,N/A,43.27863927817319,4.833650588989258,105.12897109985352,121.50716247558574,0.057555504441830066,0.0470588235294117,0.05898959595502079,0.0508474576271186,0.5948442240588045,0.5279482078211274,0.39193041690925223
level2_status_skip_vertical_blur_bss0p05__pos_2p0_rot_1p0__xyz2__ryp1__seed28,4831,0.8706271993376112,0.12937280066238876,N/A,N/A,N/A,N/A,46.81605679387622,5.947982311248779,141.5455551147461,162.02456665039062,0.10640250509485136,0.0869565217391304,0.11328603896211215,0.09828747072599531,0.7065098424781934,0.6764676665253476,0.5445316703640924
level2_status_skip_vertical_blur_bss0p05__pos_2p0_rot_1p0__xyz2__ryp1__seed42,4831,0.3624508383357483,0.6375491616642517,N/A,N/A,N/A,N/A,90.77738007149283,50.01000213623047,159.16996002197266,548.5627136230469,0.019198009149304668,0.0,0.02451109847733015,0.0108695652173913,0.5892242642766049,0.5686919820094722,0.46138528842722554
level2_status_skip_vertical_blur_bss0p05__pos_2p0_rot_2p0__xyz2__ryp2__seed20,4831,0.8236389981370317,0.17636100186296833,N/A,N/A,N/A,N/A,42.18969002325277,7.656196117401123,114.99128723144531,145.1983810424804,0.029641806686075814,0.0208333333333333,0.028473675926658344,0.0217391304347826,0.5068018365755607,0.47557797580858974,0.38473418946335924
level2_status_skip_vertical_blur_bss0p05__pos_2p0_rot_2p0__xyz2__ryp2__seed28,4831,0.8714551852618505,0.1285448147381495,N/A,N/A,N/A,N/A,40.991260369090654,5.836715698242188,135.97757720947266,157.23520050048788,0.1057761374335476,0.0849056603773584,0.11299955926565688,0.0980392156862745,0.7054902733150016,0.6750256356980523,0.5414954241759407
level2_status_skip_vertical_blur_bss0p05__pos_2p0_rot_2p0__xyz2__ryp2__seed42,4831,0.3547919685365349,0.6452080314634652,N/A,N/A,N/A,N/A,70.76831352753955,50.01000213623047,158.57764434814453,515.2451232910148,0.017939463703498124,0.0,0.02180055945749493,0.01055416318574205,0.5832231390380209,0.558018759760794,0.44873098263364414
level2_status_skip_vertical_blur_bss0p05__pos_2p0_rot_4p0__xyz2__ryp4__seed20,4831,0.8199130614779548,0.18008693852204516,N/A,N/A,N/A,N/A,74.00791529211642,19.08536529541016,251.28195190429688,308.3283386230469,0.012652668380475766,0.0,0.012314154575903758,0.0059523809523809,0.48621891944252005,0.4672720375968367,0.393413797983196
level2_status_skip_vertical_blur_bss0p05__pos_2p0_rot_4p0__xyz2__ryp4__seed28,4831,0.870834195818671,0.12916580418132895,N/A,N/A,N/A,N/A,43.85531626802718,6.791305541992188,142.81552124023438,156.87105407714844,0.09977581065533053,0.0789473684210526,0.10616524257952029,0.0891089108910891,0.6970662714097932,0.6629776823975405,0.5211279652629308
level2_status_skip_vertical_blur_bss0p05__pos_2p0_rot_4p0__xyz2__ryp4__seed42,4831,0.34713309873732145,0.6528669012626785,N/A,N/A,N/A,N/A,258.1214721523485,50.01000213623047,159.14618682861328,502.7050781249987,0.01589287363236107,0.0,0.015769211606608238,0.0072463768115942,0.566528341498724,0.539361357712137,0.4326228878566716
level2_status_skip_vertical_blur_bss0p05__pos_2p0_rot_6p0__xyz2__ryp6__seed20,4831,0.8027323535499896,0.19726764645001038,N/A,N/A,N/A,N/A,98.93742470124775,36.50055313110352,327.46522521972656,406.5256317138668,0.0094442612707932,0.0,0.008511629093440616,0.0,0.4779584933231749,0.463529441906146,0.39710282452742107
level2_status_skip_vertical_blur_bss0p05__pos_2p0_rot_6p0__xyz2__ryp6__seed28,4831,0.8693852204512523,0.13061477954874767,N/A,N/A,N/A,N/A,51.14963091801594,6.577643394470215,149.569091796875,182.7935752868651,0.09726814437530794,0.0769230769230769,0.10347332497991933,0.0888888888888888,0.697249144561247,0.6540054435215871,0.5046132003690464
level2_status_skip_vertical_blur_bss0p05__pos_2p0_rot_6p0__xyz2__ryp6__seed42,4831,0.35727592630925276,0.6427240736907472,N/A,N/A,N/A,N/A,98.19146567224794,50.01000213623047,174.1630630493164,519.2740783691406,0.013484918031458393,0.0,0.01255186347758866,0.005050505050505,0.5514221829855476,0.5275124463956251,0.4317036045344414
level2_status_skip_vertical_blur_bss0p05__pos_2p0_rot_8p0__xyz2__ryp8__seed20,4831,0.7718898778720762,0.2281101221279238,N/A,N/A,N/A,N/A,110.7731782972714,50.01000213623047,347.4482116699219,429.614953613281,0.008056630119258387,0.0,0.006893549186311089,0.0,0.4748451329948117,0.46191235517441914,0.39685131865535545
level2_status_skip_vertical_blur_bss0p05__pos_2p0_rot_8p0__xyz2__ryp8__seed28,4831,0.8704202028565514,0.12957979714344858,N/A,N/A,N/A,N/A,46.92519345748696,6.966283798217773,149.62704467773438,176.65424499511712,0.09052077705646747,0.072072072072072,0.09534555076203621,0.08,0.684542843170379,0.6374913568459607,0.48198786773227403
level2_status_skip_vertical_blur_bss0p05__pos_2p0_rot_8p0__xyz2__ryp8__seed42,4831,0.3419581867108259,0.6580418132891741,N/A,N/A,N/A,N/A,79.89785765352731,50.01000213623047,173.0939712524414,537.0976013183562,0.0119219838593675,0.0,0.009776171305709637,0.0,0.5488954789077578,0.5287617512925172,0.4359912814259443
level2_status_skip_vertical_blur_bss0p05__pos_only_0p2__xyz0p2__ryp0__seed20,4831,0.9258952597805837,0.07410474021941627,N/A,N/A,N/A,N/A,8.680787521641038,0.5556042790412903,50.01000213623047,8.776020622253359,0.24234897139528533,0.2403846153846154,0.25199940556576156,0.2481203007518796,0.8645651258234425,0.8513881398045279,0.7441856973159846
level2_status_skip_vertical_blur_bss0p05__pos_only_0p2__xyz0p2__ryp0__seed28,4831,0.936038087352515,0.06396191264748496,N/A,N/A,N/A,N/A,11.012766311259858,0.6189271211624146,50.01000213623047,8.774653959274286,0.21223975676529047,0.2136752136752136,0.21942473949365526,0.2199290780141844,0.8562298530135954,0.8411373631178269,0.7276321540990758
level2_status_skip_vertical_blur_bss0p05__pos_only_0p2__xyz0p2__ryp0__seed42,4831,0.9236182984889257,0.07638170151107426,N/A,N/A,N/A,N/A,13.12285404262793,0.537325382232666,50.01000213623047,7.368779897689814,0.2475326098239003,0.2455089820359281,0.25854476680485616,0.2542372881355932,0.8631633402537173,0.8494794639709972,0.7423290210763808
level2_status_skip_vertical_blur_bss0p05__pos_only_0p5__xyz0p5__ryp0__seed20,4831,0.920927344235148,0.079072655764852,N/A,N/A,N/A,N/A,11.740808642265543,0.6566970348358154,50.01000213623047,10.491625213623024,0.19860970826091107,0.2016129032258064,0.2056055028725325,0.2076923076923077,0.852880109371734,0.8352899942709494,0.7195754222615589
level2_status_skip_vertical_blur_bss0p05__pos_only_0p5__xyz0p5__ryp0__seed28,4831,0.9306561788449597,0.06934382115504034,N/A,N/A,N/A,N/A,13.723333952584172,0.6783179044723511,50.01000213623047,24.18634605407715,0.22239868495250162,0.2222222222222222,0.23038520698282683,0.2295081967213114,0.8364761768845663,0.8184885454835163,0.705252183507322
level2_status_skip_vertical_blur_bss0p05__pos_only_0p5__xyz0p5__ryp0__seed42,4831,0.915131442765473,0.08486855723452702,N/A,N/A,N/A,N/A,14.08950999639249,0.7519087791442871,50.01000213623047,13.835485458374023,0.19061424110144357,0.1866666666666666,0.1984534495592923,0.1929824561403508,0.8314893749480606,0.8158775021138418,0.6960522157176001
level2_status_skip_vertical_blur_bss0p05__pos_only_1p0__xyz1__ryp0__seed20,4831,0.9066445870420203,0.09335541295797967,N/A,N/A,N/A,N/A,16.98702401320448,0.8758437633514404,50.01000213623047,22.394341850280775,0.17787381695174892,0.1709401709401709,0.1847063653037795,0.1768969126111983,0.8137773252664736,0.7948038133410589,0.6703497163794923
level2_status_skip_vertical_blur_bss0p05__pos_only_1p0__xyz1__ryp0__seed28,4831,0.924446284413165,0.07555371558683499,N/A,N/A,N/A,N/A,16.0894207433169,1.1575160026550293,50.01000213623047,41.131452560424805,0.18316575960260523,0.1782178217821782,0.18986392946965208,0.18537609774723168,0.7969693669283467,0.7740828472683368,0.6482889176360571
level2_status_skip_vertical_blur_bss0p05__pos_only_1p0__xyz1__ryp0__seed42,4831,0.8629683295383979,0.13703167046160214,N/A,N/A,N/A,N/A,81.75560828000569,1.5252604484558103,50.01000213623047,55.9679306030272,0.12136940533813295,0.1147540983606557,0.12916044677507582,0.1229508196721311,0.7645509239991685,0.7452291182898915,0.6124685057028378
level2_status_skip_vertical_blur_bss0p05__pos_only_1p5__xyz1p5__ryp0__seed20,4831,0.8847029600496792,0.11529703995032081,N/A,N/A,N/A,N/A,24.57786598334455,1.4605578184127808,50.01000213623047,57.07322940826414,0.12890875635124574,0.1240875912408759,0.13436499263680965,0.1313131313131313,0.7733881024589743,0.7511103881924447,0.6167392778473981
level2_status_skip_vertical_blur_bss0p05__pos_only_1p5__xyz1p5__ryp0__seed28,4831,0.9095425377768578,0.09045746222314222,N/A,N/A,N/A,N/A,70.43739256635075,2.52616810798645,93.30839538574217,101.79075622558501,0.14650578049545276,0.1298701298701298,0.15336346615838264,0.14006369426751591,0.7447091965884965,0.7162410474969859,0.5848033036035529
level2_status_skip_vertical_blur_bss0p05__pos_only_1p5__xyz1p5__ryp0__seed42,4831,0.72096874353136,0.27903125646864,N/A,N/A,N/A,N/A,36.84322288248157,6.940118312835693,67.66021728515625,95.76013031005849,0.07353322000636228,0.0602409638554216,0.08630172359992438,0.08,0.6837265516049149,0.6619426847150843,0.5315756210387377
level2_status_skip_vertical_blur_bss0p05__pos_only_2p0__xyz2__ryp0__seed20,4831,0.8414406955081764,0.15855930449182365,N/A,N/A,N/A,N/A,96.16134847060478,3.1204330921173096,78.54742431640625,98.53522949218748,0.09590530292165941,0.0863309352517985,0.10159209993765987,0.0952380952380952,0.7226684819042704,0.6953883819012402,0.5610682927976522
level2_status_skip_vertical_blur_bss0p05__pos_only_2p0__xyz2__ryp0__seed28,4831,0.8700062098944318,0.12999379010556822,N/A,N/A,N/A,N/A,43.13355630448177,6.222761154174805,142.52375030517578,160.36460418701157,0.10644427761838843,0.0858585858585858,0.11376736645271297,0.0967741935483871,0.7038008671123978,0.6743627572424249,0.5462482997220311
level2_status_skip_vertical_blur_bss0p05__pos_only_2p0__xyz2__ryp0__seed42,4831,0.3566549368660733,0.6433450631339267,N/A,N/A,N/A,N/A,111.18900798184102,50.01000213623047,159.15819549560547,457.4407745361326,0.019947285668866756,0.0,0.025494952616808227,0.0123456790123456,0.596338266360344,0.5776410521962106,0.47032466603409856
level2_status_skip_vertical_blur_bss0p05__rot_only_10p0__xyz0__ryp10__seed20,4831,0.8745601324777479,0.1254398675222521,N/A,N/A,N/A,N/A,69.36029789500714,34.74431228637695,205.9237518310547,221.46818847656192,0.010149715668654203,0.0,0.009303688797625985,0.0043859649122807,0.5121670796986141,0.49333952944731196,0.4189288254267174
level2_status_skip_vertical_blur_bss0p05__rot_only_10p0__xyz0__ryp10__seed28,4831,0.9290002069964811,0.07099979300351889,N/A,N/A,N/A,N/A,11.488906441472565,0.6635884046554565,50.01000213623047,9.321057748794523,0.1766197601223028,0.1728395061728395,0.1811462945036211,0.1764705882352941,0.8034823527491995,0.6875154025942638,0.45164644379305047
level2_status_skip_vertical_blur_bss0p05__rot_only_10p0__xyz0__ryp10__seed42,4831,0.923204305526806,0.07679569447319401,N/A,N/A,N/A,N/A,18.07754518666839,2.039235830307007,50.01000213623047,27.35752592086793,0.05151399166492765,0.0426829268292682,0.05169457316699708,0.043256237006236944,0.5165486999765188,0.46760904467068864,0.3712953349200939
level2_status_skip_vertical_blur_bss0p05__rot_only_14p0__xyz0__ryp14__seed20,4831,0.824466984061271,0.17553301593872905,N/A,N/A,N/A,N/A,112.15091496814274,50.01000213623047,342.8401641845703,395.6705261230449,0.008357255480721361,0.0,0.006661449965379974,0.0,0.5074246320333364,0.49056881871566405,0.4204539348786904
level2_status_skip_vertical_blur_bss0p05__rot_only_14p0__xyz0__ryp14__seed28,4831,0.9294141999586008,0.07058580004139925,N/A,N/A,N/A,N/A,12.875672189180904,0.7609962224960327,50.01000213623047,10.412573719024682,0.14477236317007136,0.1375,0.14738961278148466,0.13918547055586128,0.7305382713997122,0.5935792264859754,0.4017054665292234
level2_status_skip_vertical_blur_bss0p05__rot_only_14p0__xyz0__ryp14__seed42,4831,0.924446284413165,0.07555371558683499,N/A,N/A,N/A,N/A,22.371854433370743,3.451088190078736,50.01000213623047,40.53804016113282,0.03478226590345139,0.0273972602739726,0.0346838625422157,0.0276748225446886,0.5052816038502125,0.46927215606274736,0.38232448502433575
level2_status_skip_vertical_blur_bss0p05__rot_only_1p0__xyz0__ryp1__seed20,4831,0.9271372386669426,0.07286276133305736,N/A,N/A,N/A,N/A,14.678041928495553,0.925625503063202,50.01000213623047,14.279491806030267,0.11647713100284252,0.1123595505617977,0.1193057315664855,0.1145833333333333,0.6458586118234817,0.5213928852411899,0.3657493821054563
level2_status_skip_vertical_blur_bss0p05__rot_only_1p0__xyz0__ryp1__seed28,4831,0.9310701718070793,0.0689298281929207,N/A,N/A,N/A,N/A,8.733193801646692,0.5082226991653442,50.01000213623047,8.074788713455193,0.26349394989629066,0.2631578947368421,0.27429117833642486,0.2710280373831775,0.8663735206192309,0.8529466360316602,0.743545153111773
level2_status_skip_vertical_blur_bss0p05__rot_only_1p0__xyz0__ryp1__seed42,4831,0.9335541295797971,0.06644587042020289,N/A,N/A,N/A,N/A,7.07947741034504,0.5563657879829407,50.01000213623047,8.114707565307619,0.24285665373989054,0.2421875,0.2522488066399802,0.25,0.8598695077918765,0.8277141835682202,0.6451459285581297
level2_status_skip_vertical_blur_bss0p05__rot_only_2p0__xyz0__ryp2__seed20,4831,0.9213413371972676,0.07865866280273237,N/A,N/A,N/A,N/A,19.637268804036864,1.8910341262817385,50.01000213623047,22.230578422546387,0.05747153828574806,0.048780487804878,0.05714497601913319,0.0491803278688524,0.5200699145987482,0.4699279202795803,0.370803398923999
level2_status_skip_vertical_blur_bss0p05__rot_only_2p0__xyz0__ryp2__seed28,4831,0.935003104947216,0.06499689505278405,N/A,N/A,N/A,N/A,8.768540100377141,0.5273091197013855,50.01000213623047,8.562499809265123,0.25898675946016725,0.2608695652173913,0.26904102699200194,0.2685185185185185,0.8654617200903433,0.8490426782518816,0.7205956151608028
level2_status_skip_vertical_blur_bss0p05__rot_only_2p0__xyz0__ryp2__seed42,4831,0.9298281929207204,0.07017180707927961,N/A,N/A,N/A,N/A,10.056982608277707,0.6167897582054138,50.01000213623047,9.711267566680903,0.1984556608899328,0.1945945945945946,0.20551183315349592,0.2,0.8315273180371191,0.7391415638918551,0.48511701403764834
level2_status_skip_vertical_blur_bss0p05__rot_only_4p0__xyz0__ryp4__seed20,4831,0.9203063547919685,0.07969364520803146,N/A,N/A,N/A,N/A,39.27983361586568,6.051225662231445,58.55380630493164,64.67416954040527,0.023372293471686238,0.0169491525423728,0.023105341957395414,0.0172413793103448,0.505232281836186,0.47924532169091816,0.39591939810585225
level2_status_skip_vertical_blur_bss0p05__rot_only_4p0__xyz0__ryp4__seed28,4831,0.9368660732767543,0.06313392672324569,N/A,N/A,N/A,N/A,8.527975822368868,0.5290985107421875,50.01000213623047,7.18524444103241,0.24234657666524992,0.2416107382550335,0.2509765028512763,0.25,0.8604278940946476,0.8315518621885974,0.6509781351110113
level2_status_skip_vertical_blur_bss0p05__rot_only_4p0__xyz0__ryp4__seed42,4831,0.9321051542123784,0.06789484578762162,N/A,N/A,N/A,N/A,15.25342694356439,0.8375054597854614,50.01000213623047,12.290353488922065,0.1331434519306588,0.1290322580645161,0.1356356797455004,0.1307692307692307,0.6944702213704416,0.5505926418337894,0.37626832789832987
level2_status_skip_vertical_blur_bss0p05__rot_only_6p0__xyz0__ryp6__seed20,4831,0.9147174498033533,0.08528255019664666,N/A,N/A,N/A,N/A,49.39699657596501,12.613819122314451,110.03059387207031,117.57304687499979,0.015463929881496873,0.0090497737556561,0.015074192498248573,0.0096153846153846,0.5110064911036131,0.4881677208908162,0.4079028678309932
level2_status_skip_vertical_blur_bss0p05__rot_only_6p0__xyz0__ryp6__seed28,4831,0.9347961084661561,0.06520389153384387,N/A,N/A,N/A,N/A,8.538025659320349,0.5887694954872131,50.01000213623047,8.958743572235107,0.2198621845843482,0.220125786163522,0.2276088663851168,0.2266666666666666,0.8486867381493313,0.7938731349483588,0.5680901458682693
level2_status_skip_vertical_blur_bss0p05__rot_only_6p0__xyz0__ryp6__seed42,4831,0.9281722210722417,0.07182777892775827,N/A,N/A,N/A,N/A,16.298831106498827,1.1539368629455566,50.01000213623047,14.55206475257869,0.09157119388636634,0.0849056603773584,0.09301485337742145,0.0865384615384615,0.5762609472065251,0.48964370924903566,0.3631675094729595
level2_status_skip_vertical_blur_bss0p05__rot_only_8p0__xyz0__ryp8__seed20,4831,0.9010556820534051,0.09894431794659486,N/A,N/A,N/A,N/A,69.91808858737843,21.5618953704834,171.13079833984375,190.36847534179682,0.01244226312646915,0.005181347150259,0.01184472272814238,0.0066666666666666,0.5104603554204363,0.4896330551467223,0.41453502835734757
level2_status_skip_vertical_blur_bss0p05__rot_only_8p0__xyz0__ryp8__seed28,4831,0.9300351894017802,0.0699648105982198,N/A,N/A,N/A,N/A,9.764690772436888,0.6106027960777283,50.01000213623047,8.544790840148897,0.19710091588803041,0.1935483870967742,0.20360322774943024,0.2,0.8321284240591692,0.7450961693088488,0.49950034651579406
level2_status_skip_vertical_blur_bss0p05__rot_only_8p0__xyz0__ryp8__seed42,4831,0.9242392879321052,0.07576071206789481,N/A,N/A,N/A,N/A,19.20875321879491,1.4944401979446411,50.01000213623047,21.189060211181665,0.066860685130878,0.0579710144927536,0.06645133353021314,0.0581395348837209,0.5300945458661567,0.4736916833574542,0.3656335576370255
uncertainty_fusion_attbias_a0p20_b3p5__clean__xyz0__ryp0__seed20,4831,0.9308631753260195,0.06913682467398052,N/A,N/A,N/A,N/A,9.483022157374776,0.5156028866767883,50.01000213623047,7.043019676208495,0.2651216605983186,0.2653061224489796,0.2764752420451362,0.2727272727272727,0.8617962331336837,0.8500087646928535,0.757149484859307
uncertainty_fusion_attbias_a0p20_b3p5__clean__xyz0__ryp0__seed28,4831,0.9304491823638998,0.06955081763610016,N/A,N/A,N/A,N/A,9.495695148987183,0.5165615081787109,50.01000213623047,7.0753002166748065,0.2649856598458497,0.2647058823529412,0.2763221848508317,0.2727272727272727,0.8618174246583943,0.8500685007653487,0.756951495901193
uncertainty_fusion_attbias_a0p20_b3p5__clean__xyz0__ryp0__seed42,4831,0.9308631753260195,0.06913682467398052,N/A,N/A,N/A,N/A,9.582320921359225,0.5156028866767883,50.01000213623047,6.922598743438717,0.26483396080390026,0.2644628099173554,0.2761994765218493,0.2727272727272727,0.861646554532734,0.8498189407692566,0.7564489346749943
uncertainty_fusion_attbias_a0p20_b3p5__pos_0p2_rot_10p0__xyz0p2__ryp10__seed20,4831,0.8741461395156283,0.12585386048437175,N/A,N/A,N/A,N/A,198.13904929440835,36.16115951538086,230.25782012939453,249.57605438232406,0.010172040855815103,0.0,0.009360007987067867,0.003831417624521,0.6574298219607253,0.6419749285190489,0.5439116272308143
uncertainty_fusion_attbias_a0p20_b3p5__pos_0p2_rot_10p0__xyz0p2__ryp10__seed28,4831,0.9381080521631132,0.061891947836886785,N/A,N/A,N/A,N/A,12.565851738344442,0.702642023563385,50.01000213623047,12.04006299972534,0.1699909503610002,0.1707317073170731,0.17377489561182516,0.173076923076923,0.8015143787607235,0.700651309473612,0.4802557659958996
uncertainty_fusion_attbias_a0p20_b3p5__pos_0p2_rot_10p0__xyz0p2__ryp10__seed42,4831,0.9153384392465328,0.0846615607534672,N/A,N/A,N/A,N/A,19.756439561811238,2.1530940532684326,50.01000213623047,29.106676578521714,0.05038064722576617,0.042016806722689,0.05044011006861045,0.04259442520204515,0.5753390514627821,0.542907187762963,0.44818265848069405
uncertainty_fusion_attbias_a0p20_b3p5__pos_0p2_rot_14p0__xyz0p2__ryp14__seed20,4831,0.8199130614779548,0.18008693852204516,N/A,N/A,N/A,N/A,109.93024225244146,50.01000213623047,356.2274475097656,406.0457763671875,0.008523411247057413,0.0,0.006874730508318814,0.0,0.6608802653667544,0.6451587823506234,0.5461247563149617
uncertainty_fusion_attbias_a0p20_b3p5__pos_0p2_rot_14p0__xyz0p2__ryp14__seed28,4831,0.9405920099358311,0.05940799006416886,N/A,N/A,N/A,N/A,11.36631624682025,0.7914373874664307,50.01000213623047,12.040949916839583,0.14120173765007601,0.1393442622950819,0.1430944795933429,0.1408923338689857,0.7373163097258518,0.6219194634559041,0.4344068627297223
uncertainty_fusion_attbias_a0p20_b3p5__pos_0p2_rot_14p0__xyz0p2__ryp14__seed42,4831,0.912854481473815,0.08714551852618502,N/A,N/A,N/A,N/A,32.710138926295635,3.6738922595977774,50.01000213623047,43.63512611389162,0.03411798499083464,0.027027027027027,0.03367558683039199,0.0273972602739726,0.5828530817336229,0.5577172752907819,0.47242716976803456
uncertainty_fusion_attbias_a0p20_b3p5__pos_0p2_rot_1p0__xyz0p2__ryp1__seed20,4831,0.9273442351480025,0.07265576485199754,N/A,N/A,N/A,N/A,15.694192860084268,0.9358354806900024,50.01000213623047,14.782897758483887,0.1131116797786691,0.108433734939759,0.11540891301187359,0.11067842235799405,0.6635010110661751,0.5562217543557839,0.40954580908538657
uncertainty_fusion_attbias_a0p20_b3p5__pos_0p2_rot_1p0__xyz0p2__ryp1__seed28,4831,0.9333471330987373,0.06665286690126271,N/A,N/A,N/A,N/A,12.840589978088573,0.6264011859893799,50.01000213623047,10.340147590637129,0.21158992553263806,0.2153846153846154,0.21904525518581344,0.22,0.8536082489937329,0.8418136874805231,0.7337514101361073
uncertainty_fusion_attbias_a0p20_b3p5__pos_0p2_rot_1p0__xyz0p2__ryp1__seed42,4831,0.9248602773752846,0.07513972262471535,N/A,N/A,N/A,N/A,8.775631420404636,0.5772053599357605,50.01000213623047,8.257062673568724,0.22878499324578197,0.225563909774436,0.23825284331171026,0.2333333333333333,0.8533866728277424,0.8243380043466306,0.6513326446995401
uncertainty_fusion_attbias_a0p20_b3p5__pos_0p2_rot_2p0__xyz0p2__ryp2__seed20,4831,0.9184433864624302,0.08155661353756982,N/A,N/A,N/A,N/A,22.648671453976373,1.919244408607483,50.01000213623047,30.092300415039052,0.056240455790418975,0.0476190476190476,0.05532110058356506,0.047457627118644,0.5758843919651023,0.5411470904475094,0.4423942455079635
uncertainty_fusion_attbias_a0p20_b3p5__pos_0p2_rot_2p0__xyz0p2__ryp2__seed28,4831,0.9352101014282758,0.06478989857172424,N/A,N/A,N/A,N/A,11.843967147798551,0.6173317432403564,50.01000213623047,9.390688085555992,0.21054604299169374,0.2142857142857142,0.21763121831916957,0.2195121951219512,0.8526349306354262,0.8372588137951134,0.7134333939509228
uncertainty_fusion_attbias_a0p20_b3p5__pos_0p2_rot_2p0__xyz0p2__ryp2__seed42,4831,0.9200993583109087,0.07990064168909128,N/A,N/A,N/A,N/A,12.292148351222224,0.6403561234474182,50.01000213623047,7.957148742675781,0.1879743562987939,0.1818181818181818,0.1953947052204684,0.1888888888888888,0.8273245347464457,0.7438430138393087,0.5079900941292713
uncertainty_fusion_attbias_a0p20_b3p5__pos_0p2_rot_4p0__xyz0p2__ryp4__seed20,4831,0.9157524322086524,0.08424756779134757,N/A,N/A,N/A,N/A,36.84642242353091,6.163725852966309,56.77396202087402,62.066534614562954,0.023826372002710716,0.0174825174825174,0.023779779846911445,0.01795064579361455,0.6035884501115008,0.5848345569268846,0.4979801894042
uncertainty_fusion_attbias_a0p20_b3p5__pos_0p2_rot_4p0__xyz0p2__ryp4__seed28,4831,0.9356240943903954,0.0643759056096046,N/A,N/A,N/A,N/A,8.284815153468143,0.6306442022323608,50.01000213623047,10.465915203094488,0.20568593491526682,0.208955223880597,0.21193846174982786,0.2121212121212121,0.8496109068688678,0.8239128633643383,0.6528169465825082
uncertainty_fusion_attbias_a0p20_b3p5__pos_0p2_rot_4p0__xyz0p2__ryp4__seed42,4831,0.9236182984889257,0.07638170151107426,N/A,N/A,N/A,N/A,16.541125403529428,0.8536059856414795,50.01000213623047,12.243122434616089,0.1274254517525471,0.1228070175438596,0.13046142741491296,0.125,0.7050548062534802,0.5805914166189688,0.4166174518968544
uncertainty_fusion_attbias_a0p20_b3p5__pos_0p2_rot_6p0__xyz0p2__ryp6__seed20,4831,0.9095425377768578,0.09045746222314222,N/A,N/A,N/A,N/A,44.876504023932036,12.84989070892334,110.73570251464844,120.57011184692352,0.015303994460415466,0.0087719298245614,0.01489542598268961,0.009600024576062901,0.6340552930413621,0.6183025926211901,0.528349319598954
uncertainty_fusion_attbias_a0p20_b3p5__pos_0p2_rot_6p0__xyz0p2__ryp6__seed28,4831,0.936038087352515,0.06396191264748496,N/A,N/A,N/A,N/A,11.460635722131785,0.6330822110176086,50.01000213623047,10.478649282455423,0.19616635867597518,0.2,0.201893397772781,0.2031885162601626,0.841863414516991,0.7929018907829852,0.5781336190687493
uncertainty_fusion_attbias_a0p20_b3p5__pos_0p2_rot_6p0__xyz0p2__ryp6__seed42,4831,0.9217553301593873,0.07824466984061274,N/A,N/A,N/A,N/A,14.294317377512302,1.119998812675476,50.01000213623047,14.84232749938964,0.08893691310426521,0.081967213114754,0.08990835569156135,0.0825242718446602,0.6071540301478076,0.5358825059133479,0.41942122860842446
uncertainty_fusion_attbias_a0p20_b3p5__pos_0p2_rot_8p0__xyz0p2__ryp8__seed20,4831,0.8977437383564479,0.10225626164355206,N/A,N/A,N/A,N/A,59.749526077756535,21.90567779541016,182.8731689453125,193.71969604492173,0.012109710430750632,0.0053475935828877,0.012117098229032978,0.0073529411764705,0.6517768737205557,0.6363115389147956,0.5420609597549652
uncertainty_fusion_attbias_a0p20_b3p5__pos_0p2_rot_8p0__xyz0p2__ryp8__seed28,4831,0.9356240943903954,0.0643759056096046,N/A,N/A,N/A,N/A,12.053182926458604,0.6499717831611633,50.01000213623047,10.063442564010623,0.18476716139225155,0.1866666666666666,0.1891774982455855,0.1891891891891892,0.8266202547327774,0.7489997630805042,0.5195696909062086
uncertainty_fusion_attbias_a0p20_b3p5__pos_0p2_rot_8p0__xyz0p2__ryp8__seed42,4831,0.9196853653487891,0.08031463465121091,N/A,N/A,N/A,N/A,22.020752636982962,1.606905817985535,50.01000213623047,23.55535793304442,0.06425556484325119,0.056338028169014,0.0639081574605693,0.0564516129032258,0.575845671853944,0.5370295821122177,0.43407517992675626
uncertainty_fusion_attbias_a0p20_b3p5__pos_0p5_rot_10p0__xyz0p5__ryp10__seed20,4831,0.8644173049058166,0.13558269509418341,N/A,N/A,N/A,N/A,86.77043851868284,41.94636917114258,238.72610473632812,260.63160705566406,0.010123077569214302,0.0,0.008945377012446257,0.0,0.6559417962281292,0.6403507014997273,0.5429284984827747
uncertainty_fusion_attbias_a0p20_b3p5__pos_0p5_rot_10p0__xyz0p5__ryp10__seed28,4831,0.9391430345684123,0.060856965431587695,N/A,N/A,N/A,N/A,25.57328097876431,0.8453607559204102,50.01000213623047,20.960130691528207,0.16552729072588837,0.1610738255033557,0.1691699984366914,0.1639344262295081,0.7902955582313509,0.7024939955826044,0.4939524890672081
uncertainty_fusion_attbias_a0p20_b3p5__pos_0p5_rot_10p0__xyz0p5__ryp10__seed42,4831,0.9027116539018837,0.09728834609811632,N/A,N/A,N/A,N/A,24.459616033103963,2.8374176025390625,50.01000213623047,39.63668441772461,0.0420233393210309,0.0343511450381679,0.04181136213085959,0.0347222222222222,0.5758376324671242,0.5493320369234512,0.45809464120999654
uncertainty_fusion_attbias_a0p20_b3p5__pos_0p5_rot_14p0__xyz0p5__ryp14__seed20,4831,0.8085282550196646,0.19147174498033537,N/A,N/A,N/A,N/A,128.00128646826715,50.01000213623047,369.0841827392578,435.65863037109375,0.008435846689213858,0.0,0.006569814673741857,0.0,0.6574619147994648,0.6424958493296072,0.5444350039956063
uncertainty_fusion_attbias_a0p20_b3p5__pos_0p5_rot_14p0__xyz0p5__ryp14__seed28,4831,0.935003104947216,0.06499689505278405,N/A,N/A,N/A,N/A,19.18911807571564,0.9436443448066713,50.01000213623047,20.117911911010733,0.13593709461986583,0.1296296296296296,0.13822385899225167,0.1311475409836065,0.7345273976002576,0.6318584696671516,0.44923222830912696
uncertainty_fusion_attbias_a0p20_b3p5__pos_0p5_rot_14p0__xyz0p5__ryp14__seed42,4831,0.9031256468640033,0.09687435313599668,N/A,N/A,N/A,N/A,26.980643975393676,4.592119216918945,50.15753364562988,55.61277389526344,0.028330231455509742,0.0209790209790209,0.027560336783422512,0.0209205020920502,0.5859410700917633,0.5653475894300493,0.4831908620613244
uncertainty_fusion_attbias_a0p20_b3p5__pos_0p5_rot_1p0__xyz0p5__ryp1__seed20,4831,0.9203063547919685,0.07969364520803146,N/A,N/A,N/A,N/A,14.850976181486024,0.9712978601455688,50.01000213623047,16.855409622192383,0.1060077924567354,0.1011235955056179,0.1075634322207547,0.1025641025641025,0.6587594967151067,0.5604916491527369,0.4181606225917428
uncertainty_fusion_attbias_a0p20_b3p5__pos_0p5_rot_1p0__xyz0p5__ryp1__seed28,4831,0.9345891119850962,0.0654108880149038,N/A,N/A,N/A,N/A,11.693549269790232,0.6802679896354675,50.01000213623047,23.74020729064943,0.22161548387998792,0.22,0.2293597057479727,0.2272727272727272,0.8372109928434041,0.8256806593862678,0.7230387499141089
uncertainty_fusion_attbias_a0p20_b3p5__pos_0p5_rot_1p0__xyz0p5__ryp1__seed42,4831,0.9124404885116953,0.08755951148830465,N/A,N/A,N/A,N/A,11.50069534243637,0.7606505155563354,50.01000213623047,13.667164850234965,0.1798671690692924,0.1774193548387097,0.18691147977673414,0.1834097859327217,0.8252005521299687,0.7953966877261377,0.6200489290695014
uncertainty_fusion_attbias_a0p20_b3p5__pos_0p5_rot_2p0__xyz0p5__ryp2__seed20,4831,0.9149244462844132,0.08507555371558684,N/A,N/A,N/A,N/A,19.23566528452054,2.19989013671875,50.01000213623047,30.167743015289307,0.052673677107641634,0.044776119402985,0.051995769194321376,0.044776119402985,0.5738501911696527,0.5429763005433828,0.45017556280795057
uncertainty_fusion_attbias_a0p20_b3p5__pos_0p5_rot_2p0__xyz0p5__ryp2__seed28,4831,0.9343821155040364,0.06561788449596362,N/A,N/A,N/A,N/A,11.100382872610751,0.6893978714942932,50.01000213623047,21.902673149108836,0.22005528101183758,0.2183908045977011,0.22800201493175096,0.2254901960784313,0.8381745519246915,0.8236118375822807,0.710854298384075
uncertainty_fusion_attbias_a0p20_b3p5__pos_0p5_rot_2p0__xyz0p5__ryp2__seed42,4831,0.9124404885116953,0.08755951148830465,N/A,N/A,N/A,N/A,16.437923999951362,0.8346153497695923,50.01000213623047,16.895616436004584,0.1541699127664688,0.15,0.15992961684352644,0.1546391752577319,0.8004519541310545,0.7230442350431444,0.5061731235841661
uncertainty_fusion_attbias_a0p20_b3p5__pos_0p5_rot_4p0__xyz0p5__ryp4__seed20,4831,0.9105775201821569,0.08942247981784313,N/A,N/A,N/A,N/A,33.399928969691395,6.410739898681641,61.33745193481445,67.83489913940427,0.021843745095177038,0.0152091254752851,0.021956069807402636,0.0158730158730158,0.5990520497632262,0.5824450933605474,0.49829728053605266
uncertainty_fusion_attbias_a0p20_b3p5__pos_0p5_rot_4p0__xyz0p5__ryp4__seed28,4831,0.9323121506934382,0.0676878493065618,N/A,N/A,N/A,N/A,16.41999607417868,0.7262503504753113,50.01000213623047,20.440417766571013,0.21059166480675987,0.2093023255813953,0.21747820636463733,0.2142857142857142,0.8331024435485984,0.8105140684904742,0.6589636664325689
uncertainty_fusion_attbias_a0p20_b3p5__pos_0p5_rot_4p0__xyz0p5__ryp4__seed42,4831,0.9064375905609605,0.09356240943903948,N/A,N/A,N/A,N/A,15.4968964882959,1.037001132965088,50.01000213623047,16.82770824432359,0.10728428243743508,0.1016949152542373,0.10945297856592794,0.1034482758620689,0.682051095406263,0.5788205900439174,0.4268601631381147
uncertainty_fusion_attbias_a0p20_b3p5__pos_0p5_rot_6p0__xyz0p5__ryp6__seed20,4831,0.909335541295798,0.09066445870420203,N/A,N/A,N/A,N/A,77.14361817645585,13.671053886413574,141.53135681152344,157.34109497070253,0.014687050227145967,0.0076923076923076,0.01425839240699159,0.0087719298245614,0.6307081522445825,0.6154468040065534,0.5275071610004474
uncertainty_fusion_attbias_a0p20_b3p5__pos_0p5_rot_6p0__xyz0p5__ryp6__seed28,4831,0.9335541295797971,0.06644587042020289,N/A,N/A,N/A,N/A,17.185663628406488,0.7617027163505554,50.01000213623047,20.965672206878672,0.1963094244487264,0.196078431372549,0.20236284864606108,0.2,0.8262353010909125,0.7838303165010605,0.5958399469175033
uncertainty_fusion_attbias_a0p20_b3p5__pos_0p5_rot_6p0__xyz0p5__ryp6__seed42,4831,0.9043676257503622,0.09563237424963777,N/A,N/A,N/A,N/A,20.3718053864917,1.416453242301941,50.01000213623047,21.908304977416964,0.07423603826914192,0.0666666666666666,0.07293526277077385,0.0662983425414364,0.5997470255078595,0.5433522364865325,0.4312114671734362
uncertainty_fusion_attbias_a0p20_b3p5__pos_0p5_rot_8p0__xyz0p5__ryp8__seed20,4831,0.8888428896708755,0.11115711032912445,N/A,N/A,N/A,N/A,63.59095799700147,24.6435546875,198.03658294677734,214.90261306762696,0.01246522437782769,0.005050505050505,0.01175449797699993,0.0068729333963155,0.6482568787622554,0.6336018889134764,0.5401180142777573
uncertainty_fusion_attbias_a0p20_b3p5__pos_0p5_rot_8p0__xyz0p5__ryp8__seed28,4831,0.9379010556820534,0.0620989443179466,N/A,N/A,N/A,N/A,14.780026352609415,0.8062037229537964,50.01000213623047,18.842653274536136,0.17965842391537512,0.1764705882352941,0.18459396122770677,0.1802325581395348,0.8106390994680788,0.7457697753261463,0.5371484656173325
uncertainty_fusion_attbias_a0p20_b3p5__pos_0p5_rot_8p0__xyz0p5__ryp8__seed42,4831,0.9031256468640033,0.09687435313599668,N/A,N/A,N/A,N/A,19.460124882581216,1.9997483491897583,50.01000213623047,27.909012031555147,0.05332388581272072,0.044776119402985,0.05210882627103604,0.044776119402985,0.5756553997491726,0.5439825350466959,0.4469726072532271
uncertainty_fusion_attbias_a0p20_b3p5__pos_1p0_rot_10p0__xyz1__ryp10__seed20,4831,0.8422686814324156,0.15773131856758438,N/A,N/A,N/A,N/A,94.03304459992661,47.97024154663086,274.9839782714844,300.7402832031249,0.008510092790783564,0.0,0.006984350489231475,0.0,0.6529462193854282,0.6377582877904067,0.5420460948392283
uncertainty_fusion_attbias_a0p20_b3p5__pos_1p0_rot_10p0__xyz1__ryp10__seed28,4831,0.9279652245911819,0.07203477540881809,N/A,N/A,N/A,N/A,19.56060973837588,1.4640920162200928,50.01000213623047,48.63249168395979,0.13978781514534536,0.1379310344827586,0.142791519577751,0.1414141414141414,0.7647619263091037,0.7079579939941656,0.5259337200770137
uncertainty_fusion_attbias_a0p20_b3p5__pos_1p0_rot_10p0__xyz1__ryp10__seed42,4831,0.845373628648313,0.154626371351687,N/A,N/A,N/A,N/A,52.59470375234855,5.067078590393066,76.00007247924805,92.40071258544917,0.028970007934755373,0.0209424083769633,0.027362051678344962,0.0212765957446808,0.575366140072717,0.55344023465533,0.46710760806620544
uncertainty_fusion_attbias_a0p20_b3p5__pos_1p0_rot_14p0__xyz1__ryp14__seed20,4831,0.7816187124818879,0.21838128751811214,N/A,N/A,N/A,N/A,139.6924235665682,50.01000213623047,367.42201232910156,427.8465194702149,0.006995155695728569,0.0,0.005066698243417892,0.0,0.6543108876616541,0.6393447160554406,0.5426747640150612
uncertainty_fusion_attbias_a0p20_b3p5__pos_1p0_rot_14p0__xyz1__ryp14__seed28,4831,0.9306561788449597,0.06934382115504034,N/A,N/A,N/A,N/A,20.546324314493678,1.6699137687683103,50.01000213623047,47.93476390838623,0.11777451090696643,0.1132075471698113,0.12009164039945867,0.1147540983606557,0.7281647533953012,0.6576078010520341,0.49082236848934896
uncertainty_fusion_attbias_a0p20_b3p5__pos_1p0_rot_14p0__xyz1__ryp14__seed42,4831,0.8457876216104326,0.15421237838956736,N/A,N/A,N/A,N/A,55.018527127037416,7.566650390625,88.59648132324219,109.2972011566162,0.020663604953231444,0.0129870129870129,0.01954138611458601,0.0135440870734988,0.5873321939951388,0.5702042829135798,0.4880242163754955
uncertainty_fusion_attbias_a0p20_b3p5__pos_1p0_rot_1p0__xyz1__ryp1__seed20,4831,0.9049886151935417,0.09501138480645832,N/A,N/A,N/A,N/A,20.462110391236475,1.362109899520874,50.01000213623047,27.58738403320309,0.09116979614920682,0.0816326530612244,0.09239876506592971,0.0833333333333333,0.6452847077562236,0.56781930542926,0.43244209786514926
uncertainty_fusion_attbias_a0p20_b3p5__pos_1p0_rot_1p0__xyz1__ryp1__seed28,4831,0.926723245704823,0.073276754295177,N/A,N/A,N/A,N/A,19.593770330712925,1.1398543119430542,50.01000213623047,42.98024826049803,0.18099025358950316,0.1785714285714285,0.18791723039957212,0.1864406779661017,0.8051855840042172,0.7902201230356981,0.678743261701306
uncertainty_fusion_attbias_a0p20_b3p5__pos_1p0_rot_1p0__xyz1__ryp1__seed42,4831,0.8548954667770647,0.14510453322293526,N/A,N/A,N/A,N/A,30.892908236252314,1.5545330047607422,50.01000213623047,52.27786979675283,0.11423236819055832,0.109090909090909,0.12251734663054385,0.1176470588235294,0.7683505185714583,0.7426549241104814,0.5826572226958231
uncertainty_fusion_attbias_a0p20_b3p5__pos_1p0_rot_2p0__xyz1__ryp2__seed20,4831,0.9080935624094391,0.09190643759056094,N/A,N/A,N/A,N/A,33.852780852202805,2.76351261138916,50.01000213623047,48.136523437499996,0.04465226160044857,0.037037037037037,0.044057516588478264,0.0373443983402489,0.5771083988785995,0.5500276933647971,0.45904778234764776
uncertainty_fusion_attbias_a0p20_b3p5__pos_1p0_rot_2p0__xyz1__ryp2__seed28,4831,0.9250672738563445,0.07493272614365554,N/A,N/A,N/A,N/A,83.83192055077609,1.1117578744888306,50.01000213623047,38.95166854858397,0.1786254520583667,0.1785714285714285,0.18548909598664404,0.1864406779661017,0.8059989523079778,0.7888584283991137,0.6691901933810083
uncertainty_fusion_attbias_a0p20_b3p5__pos_1p0_rot_2p0__xyz1__ryp2__seed42,4831,0.8555164562202443,0.1444835437797557,N/A,N/A,N/A,N/A,62.48936198250701,1.6508550643920898,50.01000213623047,65.67957305908199,0.10047268033589431,0.0961538461538461,0.1067240984366661,0.1038961038961039,0.7441104464173769,0.6823276812961296,0.4935010914470844
uncertainty_fusion_attbias_a0p20_b3p5__pos_1p0_rot_4p0__xyz1__ryp4__seed20,4831,0.9018836679776444,0.09811633202235559,N/A,N/A,N/A,N/A,45.81458472222077,7.845446109771728,100.8442268371582,113.65084991455048,0.018760979561159172,0.0117647058823529,0.017921817936825176,0.0124223602484472,0.6027359881446903,0.5867461650745833,0.5051930189232452
uncertainty_fusion_attbias_a0p20_b3p5__pos_1p0_rot_4p0__xyz1__ryp4__seed28,4831,0.923204305526806,0.07679569447319401,N/A,N/A,N/A,N/A,50.447517080984326,1.1655880212783811,50.01000213623047,41.09652042388926,0.17147084989104536,0.1704545454545454,0.17795284539483625,0.17754244317867604,0.8037786603219607,0.7818595927823341,0.6412771535996831
uncertainty_fusion_attbias_a0p20_b3p5__pos_1p0_rot_4p0__xyz1__ryp4__seed42,4831,0.8551024632581246,0.14489753674187544,N/A,N/A,N/A,N/A,49.007445337191285,1.9757133722305296,50.01000213623047,52.0316047668457,0.07131168415616904,0.0620689655172413,0.07330664653202786,0.0638297872340425,0.652200519990763,0.5764710798028443,0.43305116441021146
uncertainty_fusion_attbias_a0p20_b3p5__pos_1p0_rot_6p0__xyz1__ryp6__seed20,4831,0.8898778720761747,0.11012212792382525,N/A,N/A,N/A,N/A,57.34477483583265,16.28565788269043,165.48567962646484,183.67950592041012,0.012565305201553434,0.005,0.01185628228029896,0.0061728395061728,0.6234166629038495,0.6087380206201402,0.5242574367327127
uncertainty_fusion_attbias_a0p20_b3p5__pos_1p0_rot_6p0__xyz1__ryp6__seed28,4831,0.926723245704823,0.073276754295177,N/A,N/A,N/A,N/A,62.35967528936446,1.2642472982406616,50.01000213623047,49.5200973510742,0.16079245248334187,0.1586538461538461,0.16595035255798093,0.1666666666666666,0.7945502771744988,0.7599420111547411,0.5957428584197312
uncertainty_fusion_attbias_a0p20_b3p5__pos_1p0_rot_6p0__xyz1__ryp6__seed42,4831,0.8515835230801077,0.14841647691989235,N/A,N/A,N/A,N/A,38.295862804864356,2.542512893676758,50.01000213623047,57.96543807983391,0.04935266132804738,0.040590405904059,0.04917055184075775,0.0422535211267605,0.5929874436353416,0.5467090436343679,0.4396233007806086
uncertainty_fusion_attbias_a0p20_b3p5__pos_1p0_rot_8p0__xyz1__ryp8__seed20,4831,0.8681432415648934,0.13185675843510658,N/A,N/A,N/A,N/A,92.59722417120305,29.854507446289062,251.10733795166018,268.176985168457,0.010683193980226014,0.0,0.010059168562578916,0.0,0.6422303933748972,0.6275876271044235,0.5363639167292242
uncertainty_fusion_attbias_a0p20_b3p5__pos_1p0_rot_8p0__xyz1__ryp8__seed28,4831,0.9240322914510454,0.07596770854895463,N/A,N/A,N/A,N/A,18.991565794275978,1.4012255668640137,50.01000213623047,45.4264497756957,0.15036652802547415,0.1489361702127659,0.15463568920870796,0.1538461538461538,0.7818602894646529,0.7331559617883804,0.5532015575470622
uncertainty_fusion_attbias_a0p20_b3p5__pos_1p0_rot_8p0__xyz1__ryp8__seed42,4831,0.8532394949285862,0.1467605050714138,N/A,N/A,N/A,N/A,33.33817362886202,3.776189088821411,64.70201873779297,77.44492340087882,0.03633133570130352,0.027027027027027,0.035804233761811015,0.02784237726098185,0.5738818275643408,0.5473187157826921,0.45450030343826253
uncertainty_fusion_attbias_a0p20_b3p5__pos_1p5_rot_10p0__xyz1p5__ryp10__seed20,4831,0.8029393500310494,0.19706064996895056,N/A,N/A,N/A,N/A,140.6505332322804,50.01000213623047,336.6608581542969,394.391616821289,0.007459274761487717,0.0,0.005660986103159423,0.0,0.6477382450358953,0.6333875719931735,0.5397024997098311
uncertainty_fusion_attbias_a0p20_b3p5__pos_1p5_rot_10p0__xyz1p5__ryp10__seed28,4831,0.9085075553715587,0.0914924446284413,N/A,N/A,N/A,N/A,31.302509355145926,3.1720662117004395,87.0315933227539,98.20519104003907,0.1102987811558978,0.0973451327433628,0.11446853999871542,0.1038961038961039,0.7375753605114859,0.6954591579152258,0.5412228145028629
uncertainty_fusion_attbias_a0p20_b3p5__pos_1p5_rot_10p0__xyz1p5__ryp10__seed42,4831,0.726764645001035,0.273235354998965,N/A,N/A,N/A,N/A,71.10278246856677,16.171754837036133,123.81863784790039,171.9241180419922,0.021382652872906586,0.0125,0.020825318422908246,0.0136986301369863,0.588509655699661,0.5669287615764481,0.4750591718817472
uncertainty_fusion_attbias_a0p20_b3p5__pos_1p5_rot_14p0__xyz1p5__ryp14__seed20,4831,0.7323535499896502,0.2676464500103498,N/A,N/A,N/A,N/A,161.11571620917053,50.01000213623047,452.2430419921875,570.2839935302726,0.006460218137420236,0.0,0.00446198264360653,0.0,0.6509309358998298,0.6363199448585102,0.5409689257618262
uncertainty_fusion_attbias_a0p20_b3p5__pos_1p5_rot_14p0__xyz1p5__ryp14__seed28,4831,0.9064375905609605,0.09356240943903948,N/A,N/A,N/A,N/A,35.89614448521956,3.987943172454834,91.99810791015625,103.08047561645505,0.09155947574997823,0.0779220779220779,0.09404399516689937,0.0823970037453183,0.7113726619616109,0.6611699826729927,0.515221699992533
uncertainty_fusion_attbias_a0p20_b3p5__pos_1p5_rot_14p0__xyz1p5__ryp14__seed42,4831,0.7176567998344028,0.2823432001655972,N/A,N/A,N/A,N/A,62.15927062207533,24.326740264892575,161.64378356933594,218.29652252197235,0.015281957666074408,0.0059171597633136,0.014384539323645569,0.008130081300813,0.6076608239336976,0.5905979593556459,0.5020209663053095
uncertainty_fusion_attbias_a0p20_b3p5__pos_1p5_rot_1p0__xyz1p5__ryp1__seed20,4831,0.8857379424549783,0.11426205754502172,N/A,N/A,N/A,N/A,32.68259086766473,2.309755325317383,65.55260467529297,80.95480422973633,0.06963733775453569,0.0612244897959183,0.06986849572409447,0.0625,0.6390624475914549,0.5767282034768326,0.44431970164196916
uncertainty_fusion_attbias_a0p20_b3p5__pos_1p5_rot_1p0__xyz1p5__ryp1__seed28,4831,0.9091285448147381,0.09087145518526185,N/A,N/A,N/A,N/A,36.006772207454745,2.7535128593444824,87.69017791748047,99.32155761718745,0.14339937265436217,0.125,0.15034444689853876,0.1349693251533742,0.7681658650992066,0.7514568434188769,0.6413544432866051
uncertainty_fusion_attbias_a0p20_b3p5__pos_1p5_rot_1p0__xyz1p5__ryp1__seed42,4831,0.7213827364934796,0.2786172635065204,N/A,N/A,N/A,N/A,67.62611315738134,7.707746982574463,80.45428466796875,115.0653076171875,0.0701536279428162,0.0588235294117647,0.08176210964343449,0.0759493670886076,0.715774679666433,0.6948229864501645,0.556209678356154
uncertainty_fusion_attbias_a0p20_b3p5__pos_1p5_rot_2p0__xyz1p5__ryp2__seed20,4831,0.8743531359966881,0.12564686400331193,N/A,N/A,N/A,N/A,37.95961556665073,4.832951068878174,86.66131210327148,104.47765502929686,0.035948095007360015,0.0276243093922651,0.034598278544016405,0.0277777777777777,0.5849136779666378,0.5613037865521889,0.47280867798966975
uncertainty_fusion_attbias_a0p20_b3p5__pos_1p5_rot_2p0__xyz1p5__ryp2__seed28,4831,0.9068515835230802,0.09314841647691985,N/A,N/A,N/A,N/A,29.851453722011843,2.759964942932129,86.17692184448242,94.83499908447266,0.14221665260023875,0.125,0.14904152979233184,0.1368421052631579,0.7664004637471297,0.7484969504912907,0.635513846963935
uncertainty_fusion_attbias_a0p20_b3p5__pos_1p5_rot_2p0__xyz1p5__ryp2__seed42,4831,0.7240736907472572,0.27592630925274275,N/A,N/A,N/A,N/A,44.21209059341367,7.724556922912598,85.50316619873047,132.00948410034158,0.06214190240746546,0.0508474576271186,0.07210437941875428,0.0638297872340425,0.6976707967499703,0.6560552819512002,0.4970496328981766
uncertainty_fusion_attbias_a0p20_b3p5__pos_1p5_rot_4p0__xyz1p5__ryp4__seed20,4831,0.8714551852618505,0.1285448147381495,N/A,N/A,N/A,N/A,61.42563146695994,11.351216316223145,176.99149322509766,204.07518997192338,0.016148670430793696,0.008695652173913,0.015216369623285897,0.01,0.6007627451066639,0.5854981293605727,0.5052449631204524
uncertainty_fusion_attbias_a0p20_b3p5__pos_1p5_rot_4p0__xyz1p5__ryp4__seed28,4831,0.9149244462844132,0.08507555371558684,N/A,N/A,N/A,N/A,34.056880981242024,2.468186140060425,80.06290435791016,85.47520828247099,0.13861941871984695,0.1267605633802817,0.1445563664659141,0.1347732432904465,0.767254703978016,0.7457918844748919,0.6162633246469975
uncertainty_fusion_attbias_a0p20_b3p5__pos_1p5_rot_4p0__xyz1p5__ryp4__seed42,4831,0.7259366590767957,0.2740633409232043,N/A,N/A,N/A,N/A,62.57166095687388,10.170711517333984,108.92422103881836,146.98025054931637,0.04625454073470277,0.0344827586206896,0.04927336300384946,0.04,0.6378947377976936,0.5841044941794581,0.4449958821594953
uncertainty_fusion_attbias_a0p20_b3p5__pos_1p5_rot_6p0__xyz1p5__ryp6__seed20,4831,0.8642103084247568,0.13578969157524323,N/A,N/A,N/A,N/A,93.50302364828485,23.30434799194336,282.6512908935547,315.0257720947265,0.011373736939929905,0.0,0.01049619374147758,0.0043478260869565,0.6244362026100315,0.6108747682198657,0.5251978739767741
uncertainty_fusion_attbias_a0p20_b3p5__pos_1p5_rot_6p0__xyz1p5__ryp6__seed28,4831,0.9153384392465328,0.0846615607534672,N/A,N/A,N/A,N/A,36.72777736286836,2.6999011039733887,82.16455841064453,87.67594261169428,0.13120860120430533,0.11875,0.1362151357554509,0.12598817304699655,0.7608067760673091,0.7313116115900077,0.5899259249707124
uncertainty_fusion_attbias_a0p20_b3p5__pos_1p5_rot_6p0__xyz1p5__ryp6__seed42,4831,0.7265576485199752,0.2734423514800248,N/A,N/A,N/A,N/A,47.67584529859776,11.034862518310549,102.12272262573242,152.72690048217748,0.0337286197796668,0.0224719101123595,0.03427264366564954,0.0253164556962025,0.5957031797490602,0.5603718956870363,0.45315624525521947
uncertainty_fusion_attbias_a0p20_b3p5__pos_1p5_rot_8p0__xyz1p5__ryp8__seed20,4831,0.8358517905195612,0.16414820948043884,N/A,N/A,N/A,N/A,119.60186620751256,39.28116607666016,296.31776428222656,332.7203262329099,0.0093786249678555,0.0,0.008534951681347847,0.0,0.6412360012761865,0.6270398655075534,0.5355124582985602
uncertainty_fusion_attbias_a0p20_b3p5__pos_1p5_rot_8p0__xyz1p5__ryp8__seed28,4831,0.9145104533222935,0.08548954667770647,N/A,N/A,N/A,N/A,31.24939491869192,2.9677748680114746,91.3512954711914,101.56490821838366,0.1214928584539108,0.1097560975609756,0.12590404328674476,0.11600672877846785,0.7502557310359179,0.7145389273985335,0.5643491915487532
uncertainty_fusion_attbias_a0p20_b3p5__pos_1p5_rot_8p0__xyz1p5__ryp8__seed42,4831,0.7226247153798385,0.2773752846201615,N/A,N/A,N/A,N/A,46.966905804940495,13.298240661621094,113.94456100463867,155.19373321533203,0.02651423136487669,0.0163934426229508,0.026643552615276653,0.018348623853211,0.584756920997868,0.5574026191953598,0.4613145560037495
uncertainty_fusion_attbias_a0p20_b3p5__pos_2p0_rot_10p0__xyz2__ryp10__seed20,4831,0.7607120678948458,0.2392879321051542,N/A,N/A,N/A,N/A,295.6539684389719,50.01000213623047,429.83290100097656,559.4135925292952,0.006864686850905103,0.0,0.004948924526310336,0.0,0.6452869730901943,0.6306475192722258,0.5369680573675496
uncertainty_fusion_attbias_a0p20_b3p5__pos_2p0_rot_10p0__xyz2__ryp10__seed28,4831,0.8729041606292693,0.12709583937073066,N/A,N/A,N/A,N/A,40.81695657641152,7.248562335968018,140.38719177246094,160.92575683593716,0.08344676753587542,0.064516129032258,0.0877077284352127,0.0704225352112676,0.7185462320766908,0.687245475976215,0.5540678041060092
uncertainty_fusion_attbias_a0p20_b3p5__pos_2p0_rot_10p0__xyz2__ryp10__seed42,4831,0.35541295797971434,0.6445870420202857,N/A,N/A,N/A,N/A,90.8149039040641,50.01000213623047,195.5835189819336,705.6722900390605,0.010833118333714567,0.0,0.007753606143492138,0.0,0.6422757363628347,0.6254101689721573,0.5265640911135046
uncertainty_fusion_attbias_a0p20_b3p5__pos_2p0_rot_14p0__xyz2__ryp14__seed20,4831,0.6812254191678742,0.31877458083212584,N/A,N/A,N/A,N/A,210.83498769229587,50.01000213623047,597.3086853027344,777.8980102539062,0.006390401060327261,0.0,0.0035899886954596687,0.0,0.6506310129387894,0.6360391134361798,0.540401094168492
uncertainty_fusion_attbias_a0p20_b3p5__pos_2p0_rot_14p0__xyz2__ryp14__seed28,4831,0.8778720761747051,0.12212792382529492,N/A,N/A,N/A,N/A,43.00361031373744,8.737959861755371,153.15393829345703,169.34996032714844,0.07061200787943775,0.0508474576271186,0.07235685921877072,0.0526315789473684,0.7022556526732845,0.666312024243978,0.5396622938371007
uncertainty_fusion_attbias_a0p20_b3p5__pos_2p0_rot_14p0__xyz2__ryp14__seed42,4831,0.3510660318774581,0.6489339681225419,N/A,N/A,N/A,N/A,182.0312434021415,50.01000213623047,194.52579498291013,782.0217590332031,0.008610642904365135,0.0,0.005988793588677921,0.0,0.6445825786981471,0.6287870106239007,0.5292350086604849
uncertainty_fusion_attbias_a0p20_b3p5__pos_2p0_rot_1p0__xyz2__ryp1__seed20,4831,0.8310908714551852,0.16890912854481477,N/A,N/A,N/A,N/A,43.27863927817319,4.833650588989258,105.12897109985352,121.50716247558574,0.057555504441830066,0.0470588235294117,0.05898959595502079,0.0508474576271186,0.6391478890337632,0.5895843044375121,0.46134583507026755
uncertainty_fusion_attbias_a0p20_b3p5__pos_2p0_rot_1p0__xyz2__ryp1__seed28,4831,0.8706271993376112,0.12937280066238876,N/A,N/A,N/A,N/A,46.81605679387622,5.947982311248779,141.5455551147461,162.02456665039062,0.10640250509485136,0.0869565217391304,0.11328603896211215,0.09828747072599531,0.7409577168945787,0.7229191415551461,0.6153947497160545
uncertainty_fusion_attbias_a0p20_b3p5__pos_2p0_rot_1p0__xyz2__ryp1__seed42,4831,0.3624508383357483,0.6375491616642517,N/A,N/A,N/A,N/A,90.77738007149283,50.01000213623047,159.16996002197266,548.5627136230469,0.019198009149304668,0.0,0.02451109847733015,0.0108695652173913,0.6613779685331336,0.6436992129071324,0.534587487668196
uncertainty_fusion_attbias_a0p20_b3p5__pos_2p0_rot_2p0__xyz2__ryp2__seed20,4831,0.8236389981370317,0.17636100186296833,N/A,N/A,N/A,N/A,42.18969002325277,7.656196117401123,114.99128723144531,145.1983810424804,0.029641806686075814,0.0208333333333333,0.028473675926658344,0.0217391304347826,0.5944316629180223,0.5707964180490374,0.4801436820671541
uncertainty_fusion_attbias_a0p20_b3p5__pos_2p0_rot_2p0__xyz2__ryp2__seed28,4831,0.8714551852618505,0.1285448147381495,N/A,N/A,N/A,N/A,40.991260369090654,5.836715698242188,135.97757720947266,157.23520050048788,0.1057761374335476,0.0849056603773584,0.11299955926565688,0.0980392156862745,0.7407369624250816,0.7231608888299905,0.613903895209912
uncertainty_fusion_attbias_a0p20_b3p5__pos_2p0_rot_2p0__xyz2__ryp2__seed42,4831,0.3547919685365349,0.6452080314634652,N/A,N/A,N/A,N/A,70.76831352753955,50.01000213623047,158.57764434814453,515.2451232910148,0.017939463703498124,0.0,0.02180055945749493,0.01055416318574205,0.654318341679081,0.6326991526049738,0.5186639517379622
uncertainty_fusion_attbias_a0p20_b3p5__pos_2p0_rot_4p0__xyz2__ryp4__seed20,4831,0.8199130614779548,0.18008693852204516,N/A,N/A,N/A,N/A,74.00791529211642,19.08536529541016,251.28195190429688,308.3283386230469,0.012652668380475766,0.0,0.012314154575903758,0.0059523809523809,0.6089836980015948,0.5939604405591541,0.5112733407545776
uncertainty_fusion_attbias_a0p20_b3p5__pos_2p0_rot_4p0__xyz2__ryp4__seed28,4831,0.870834195818671,0.12916580418132895,N/A,N/A,N/A,N/A,43.85531626802718,6.791305541992188,142.81552124023438,156.87105407714844,0.09977581065533053,0.0789473684210526,0.10616524257952029,0.0891089108910891,0.7349177375704052,0.7148607739523597,0.5966140954607456
uncertainty_fusion_attbias_a0p20_b3p5__pos_2p0_rot_4p0__xyz2__ryp4__seed42,4831,0.34713309873732145,0.6528669012626785,N/A,N/A,N/A,N/A,258.1214721523485,50.01000213623047,159.14618682861328,502.7050781249987,0.01589287363236107,0.0,0.015769211606608238,0.0072463768115942,0.6416538572978646,0.6194597223280424,0.5086653641939056
uncertainty_fusion_attbias_a0p20_b3p5__pos_2p0_rot_6p0__xyz2__ryp6__seed20,4831,0.8027323535499896,0.19726764645001038,N/A,N/A,N/A,N/A,98.93742470124775,36.50055313110352,327.46522521972656,406.5256317138668,0.0094442612707932,0.0,0.008511629093440616,0.0,0.6270131105193185,0.6129955723571856,0.526806219257589
uncertainty_fusion_attbias_a0p20_b3p5__pos_2p0_rot_6p0__xyz2__ryp6__seed28,4831,0.8693852204512523,0.13061477954874767,N/A,N/A,N/A,N/A,51.14963091801594,6.577643394470215,149.569091796875,182.7935752868651,0.09726814437530794,0.0769230769230769,0.10347332497991933,0.0888888888888888,0.7335166335607292,0.7073303142583207,0.5823739783326305
uncertainty_fusion_attbias_a0p20_b3p5__pos_2p0_rot_6p0__xyz2__ryp6__seed42,4831,0.35727592630925276,0.6427240736907472,N/A,N/A,N/A,N/A,98.19146567224794,50.01000213623047,174.1630630493164,519.2740783691406,0.013484918031458393,0.0,0.01255186347758866,0.005050505050505,0.634374704915112,0.6153985498848924,0.5132451334213425
uncertainty_fusion_attbias_a0p20_b3p5__pos_2p0_rot_8p0__xyz2__ryp8__seed20,4831,0.7718898778720762,0.2281101221279238,N/A,N/A,N/A,N/A,110.7731782972714,50.01000213623047,347.4482116699219,429.614953613281,0.008056630119258387,0.0,0.006893549186311089,0.0,0.6397899655215163,0.6254470742504004,0.5340407564648796
uncertainty_fusion_attbias_a0p20_b3p5__pos_2p0_rot_8p0__xyz2__ryp8__seed28,4831,0.8704202028565514,0.12957979714344858,N/A,N/A,N/A,N/A,46.92519345748696,6.966283798217773,149.62704467773438,176.65424499511712,0.09052077705646747,0.072072072072072,0.09534555076203621,0.08,0.7258585316869953,0.6962188953271871,0.5660443353875346
uncertainty_fusion_attbias_a0p20_b3p5__pos_2p0_rot_8p0__xyz2__ryp8__seed42,4831,0.3419581867108259,0.6580418132891741,N/A,N/A,N/A,N/A,79.89785765352731,50.01000213623047,173.0939712524414,537.0976013183562,0.0119219838593675,0.0,0.009776171305709637,0.0,0.6392489041526107,0.6218321020671627,0.521028233033486
uncertainty_fusion_attbias_a0p20_b3p5__pos_only_0p2__xyz0p2__ryp0__seed20,4831,0.9258952597805837,0.07410474021941627,N/A,N/A,N/A,N/A,8.680787521641038,0.5556042790412903,50.01000213623047,8.776020622253359,0.24234897139528533,0.2403846153846154,0.25199940556576156,0.2481203007518796,0.8607998864243156,0.8495789655596243,0.7494959836387318
uncertainty_fusion_attbias_a0p20_b3p5__pos_only_0p2__xyz0p2__ryp0__seed28,4831,0.936038087352515,0.06396191264748496,N/A,N/A,N/A,N/A,11.012766311259858,0.6189271211624146,50.01000213623047,8.774653959274286,0.21223975676529047,0.2136752136752136,0.21942473949365526,0.2199290780141844,0.8541711776225351,0.8418263407100408,0.7387269415217766
uncertainty_fusion_attbias_a0p20_b3p5__pos_only_0p2__xyz0p2__ryp0__seed42,4831,0.9236182984889257,0.07638170151107426,N/A,N/A,N/A,N/A,13.12285404262793,0.537325382232666,50.01000213623047,7.368779897689814,0.2475326098239003,0.2455089820359281,0.25854476680485616,0.2542372881355932,0.8594097064907531,0.8477076328300234,0.748912633926266
uncertainty_fusion_attbias_a0p20_b3p5__pos_only_0p5__xyz0p5__ryp0__seed20,4831,0.920927344235148,0.079072655764852,N/A,N/A,N/A,N/A,11.740808642265543,0.6566970348358154,50.01000213623047,10.491625213623024,0.19860970826091107,0.2016129032258064,0.2056055028725325,0.2076923076923077,0.8512651546458003,0.8368098070317854,0.7294998750158653
uncertainty_fusion_attbias_a0p20_b3p5__pos_only_0p5__xyz0p5__ryp0__seed28,4831,0.9306561788449597,0.06934382115504034,N/A,N/A,N/A,N/A,13.723333952584172,0.6783179044723511,50.01000213623047,24.18634605407715,0.22239868495250162,0.2222222222222222,0.23038520698282683,0.2295081967213114,0.8372222566837235,0.8233159983202549,0.7226784259045451
uncertainty_fusion_attbias_a0p20_b3p5__pos_only_0p5__xyz0p5__ryp0__seed42,4831,0.915131442765473,0.08486855723452702,N/A,N/A,N/A,N/A,14.08950999639249,0.7519087791442871,50.01000213623047,13.835485458374023,0.19061424110144357,0.1866666666666666,0.1984534495592923,0.1929824561403508,0.8315327298229989,0.8185585630491893,0.7092846668345237
uncertainty_fusion_attbias_a0p20_b3p5__pos_only_1p0__xyz1__ryp0__seed20,4831,0.9066445870420203,0.09335541295797967,N/A,N/A,N/A,N/A,16.98702401320448,0.8758437633514404,50.01000213623047,22.394341850280775,0.17787381695174892,0.1709401709401709,0.1847063653037795,0.1768969126111983,0.819550705485105,0.8034258232571617,0.6890047299398508
uncertainty_fusion_attbias_a0p20_b3p5__pos_only_1p0__xyz1__ryp0__seed28,4831,0.924446284413165,0.07555371558683499,N/A,N/A,N/A,N/A,16.0894207433169,1.1575160026550293,50.01000213623047,41.131452560424805,0.18316575960260523,0.1782178217821782,0.18986392946965208,0.18537609774723168,0.8067847391106409,0.7918914968730261,0.682786137716026
uncertainty_fusion_attbias_a0p20_b3p5__pos_only_1p0__xyz1__ryp0__seed42,4831,0.8629683295383979,0.13703167046160214,N/A,N/A,N/A,N/A,81.75560828000569,1.5252604484558103,50.01000213623047,55.9679306030272,0.12136940533813295,0.1147540983606557,0.12916044677507582,0.1229508196721311,0.7763173074343697,0.7614725704310692,0.6427446595028988
uncertainty_fusion_attbias_a0p20_b3p5__pos_only_1p5__xyz1p5__ryp0__seed20,4831,0.8847029600496792,0.11529703995032081,N/A,N/A,N/A,N/A,24.57786598334455,1.4605578184127808,50.01000213623047,57.07322940826414,0.12890875635124574,0.1240875912408759,0.13436499263680965,0.1313131313131313,0.7883982888188186,0.7710477565208507,0.6513117585586691
uncertainty_fusion_attbias_a0p20_b3p5__pos_only_1p5__xyz1p5__ryp0__seed28,4831,0.9095425377768578,0.09045746222314222,N/A,N/A,N/A,N/A,70.43739256635075,2.52616810798645,93.30839538574217,101.79075622558501,0.14650578049545276,0.1298701298701298,0.15336346615838264,0.14006369426751591,0.7691652485460201,0.7523665396057564,0.6427874493300059
uncertainty_fusion_attbias_a0p20_b3p5__pos_only_1p5__xyz1p5__ryp0__seed42,4831,0.72096874353136,0.27903125646864,N/A,N/A,N/A,N/A,36.84322288248157,6.940118312835693,67.66021728515625,95.76013031005849,0.07353322000636228,0.0602409638554216,0.08630172359992438,0.08,0.720863139416284,0.7053396801549011,0.5912937746653624
uncertainty_fusion_attbias_a0p20_b3p5__pos_only_2p0__xyz2__ryp0__seed20,4831,0.8414406955081764,0.15855930449182365,N/A,N/A,N/A,N/A,96.16134847060478,3.1204330921173096,78.54742431640625,98.53522949218748,0.09590530292165941,0.0863309352517985,0.10159209993765987,0.0952380952380952,0.7521879928454432,0.7335418890989632,0.6153916400955739
uncertainty_fusion_attbias_a0p20_b3p5__pos_only_2p0__xyz2__ryp0__seed28,4831,0.8700062098944318,0.12999379010556822,N/A,N/A,N/A,N/A,43.13355630448177,6.222761154174805,142.52375030517578,160.36460418701157,0.10644427761838843,0.0858585858585858,0.11376736645271297,0.0967741935483871,0.7394788926218981,0.7222631497252279,0.6177614490624216
uncertainty_fusion_attbias_a0p20_b3p5__pos_only_2p0__xyz2__ryp0__seed42,4831,0.3566549368660733,0.6433450631339267,N/A,N/A,N/A,N/A,111.18900798184102,50.01000213623047,159.15819549560547,457.4407745361326,0.019947285668866756,0.0,0.025494952616808227,0.0123456790123456,0.6634506960919908,0.6479180669237661,0.5420801363031373
uncertainty_fusion_attbias_a0p20_b3p5__rot_only_10p0__xyz0__ryp10__seed20,4831,0.8745601324777479,0.1254398675222521,N/A,N/A,N/A,N/A,69.36029789500714,34.74431228637695,205.9237518310547,221.46818847656192,0.010149715668654203,0.0,0.009303688797625985,0.0043859649122807,0.6586537228512618,0.6426596246908591,0.5453583088429775
uncertainty_fusion_attbias_a0p20_b3p5__rot_only_10p0__xyz0__ryp10__seed28,4831,0.9290002069964811,0.07099979300351889,N/A,N/A,N/A,N/A,11.488906441472565,0.6635884046554565,50.01000213623047,9.321057748794523,0.1766197601223028,0.1728395061728395,0.1811462945036211,0.1764705882352941,0.8053094461336822,0.701722024306066,0.4755093987865589
uncertainty_fusion_attbias_a0p20_b3p5__rot_only_10p0__xyz0__ryp10__seed42,4831,0.923204305526806,0.07679569447319401,N/A,N/A,N/A,N/A,18.07754518666839,2.039235830307007,50.01000213623047,27.35752592086793,0.05151399166492765,0.0426829268292682,0.05169457316699708,0.043256237006236944,0.5757388013265736,0.5408773155447051,0.4435053860662465
uncertainty_fusion_attbias_a0p20_b3p5__rot_only_14p0__xyz0__ryp14__seed20,4831,0.824466984061271,0.17553301593872905,N/A,N/A,N/A,N/A,112.15091496814274,50.01000213623047,342.8401641845703,395.6705261230449,0.008357255480721361,0.0,0.006661449965379974,0.0,0.6622706847976726,0.6463025742021942,0.5468139374570162
uncertainty_fusion_attbias_a0p20_b3p5__rot_only_14p0__xyz0__ryp14__seed28,4831,0.9294141999586008,0.07058580004139925,N/A,N/A,N/A,N/A,12.875672189180904,0.7609962224960327,50.01000213623047,10.412573719024682,0.14477236317007136,0.1375,0.14738961278148466,0.13918547055586128,0.7410715448214206,0.6191281217513664,0.43396075259443206
uncertainty_fusion_attbias_a0p20_b3p5__rot_only_14p0__xyz0__ryp14__seed42,4831,0.924446284413165,0.07555371558683499,N/A,N/A,N/A,N/A,22.371854433370743,3.451088190078736,50.01000213623047,40.53804016113282,0.03478226590345139,0.0273972602739726,0.0346838625422157,0.0276748225446886,0.5844972769729166,0.5587028426893089,0.47010859958645984
uncertainty_fusion_attbias_a0p20_b3p5__rot_only_1p0__xyz0__ryp1__seed20,4831,0.9271372386669426,0.07286276133305736,N/A,N/A,N/A,N/A,14.678041928495553,0.925625503063202,50.01000213623047,14.279491806030267,0.11647713100284252,0.1123595505617977,0.1193057315664855,0.1145833333333333,0.6666463212495337,0.5564087913126723,0.40639820308138563
uncertainty_fusion_attbias_a0p20_b3p5__rot_only_1p0__xyz0__ryp1__seed28,4831,0.9310701718070793,0.0689298281929207,N/A,N/A,N/A,N/A,8.733193801646692,0.5082226991653442,50.01000213623047,8.074788713455193,0.26349394989629066,0.2631578947368421,0.27429117833642486,0.2710280373831775,0.8617848856848351,0.8502762730907599,0.7502732069402506
uncertainty_fusion_attbias_a0p20_b3p5__rot_only_1p0__xyz0__ryp1__seed42,4831,0.9335541295797971,0.06644587042020289,N/A,N/A,N/A,N/A,7.07947741034504,0.5563657879829407,50.01000213623047,8.114707565307619,0.24285665373989054,0.2421875,0.2522488066399802,0.25,0.8562437704319511,0.8284983554503712,0.6573519261461129
uncertainty_fusion_attbias_a0p20_b3p5__rot_only_2p0__xyz0__ryp2__seed20,4831,0.9213413371972676,0.07865866280273237,N/A,N/A,N/A,N/A,19.637268804036864,1.8910341262817385,50.01000213623047,22.230578422546387,0.05747153828574806,0.048780487804878,0.05714497601913319,0.0491803278688524,0.5749445171967851,0.5389468389906505,0.43801778054654217
uncertainty_fusion_attbias_a0p20_b3p5__rot_only_2p0__xyz0__ryp2__seed28,4831,0.935003104947216,0.06499689505278405,N/A,N/A,N/A,N/A,8.768540100377141,0.5273091197013855,50.01000213623047,8.562499809265123,0.25898675946016725,0.2608695652173913,0.26904102699200194,0.2685185185185185,0.8616919407784931,0.8480915419939005,0.729737251920336
uncertainty_fusion_attbias_a0p20_b3p5__rot_only_2p0__xyz0__ryp2__seed42,4831,0.9298281929207204,0.07017180707927961,N/A,N/A,N/A,N/A,10.056982608277707,0.6167897582054138,50.01000213623047,9.711267566680903,0.1984556608899328,0.1945945945945946,0.20551183315349592,0.2,0.8309820825970433,0.749132380874178,0.5059538572064309
uncertainty_fusion_attbias_a0p20_b3p5__rot_only_4p0__xyz0__ryp4__seed20,4831,0.9203063547919685,0.07969364520803146,N/A,N/A,N/A,N/A,39.27983361586568,6.051225662231445,58.55380630493164,64.67416954040527,0.023372293471686238,0.0169491525423728,0.023105341957395414,0.0172413793103448,0.6075737316888369,0.5889504158269083,0.4987939330434238
uncertainty_fusion_attbias_a0p20_b3p5__rot_only_4p0__xyz0__ryp4__seed28,4831,0.9368660732767543,0.06313392672324569,N/A,N/A,N/A,N/A,8.527975822368868,0.5290985107421875,50.01000213623047,7.18524444103241,0.24234657666524992,0.2416107382550335,0.2509765028512763,0.25,0.8569173245314865,0.8322331971770798,0.6640619972171644
uncertainty_fusion_attbias_a0p20_b3p5__rot_only_4p0__xyz0__ryp4__seed42,4831,0.9321051542123784,0.06789484578762162,N/A,N/A,N/A,N/A,15.25342694356439,0.8375054597854614,50.01000213623047,12.290353488922065,0.1331434519306588,0.1290322580645161,0.1356356797455004,0.1307692307692307,0.7087428809489172,0.5807797327066323,0.41092929627093255
uncertainty_fusion_attbias_a0p20_b3p5__rot_only_6p0__xyz0__ryp6__seed20,4831,0.9147174498033533,0.08528255019664666,N/A,N/A,N/A,N/A,49.39699657596501,12.613819122314451,110.03059387207031,117.57304687499979,0.015463929881496873,0.0090497737556561,0.015074192498248573,0.0096153846153846,0.6370862786120992,0.6209429066204692,0.5291771005332194
uncertainty_fusion_attbias_a0p20_b3p5__rot_only_6p0__xyz0__ryp6__seed28,4831,0.9347961084661561,0.06520389153384387,N/A,N/A,N/A,N/A,8.538025659320349,0.5887694954872131,50.01000213623047,8.958743572235107,0.2198621845843482,0.220125786163522,0.2276088663851168,0.2266666666666666,0.8476223530446584,0.7992004363355713,0.5868284019729588
uncertainty_fusion_attbias_a0p20_b3p5__rot_only_6p0__xyz0__ryp6__seed42,4831,0.9281722210722417,0.07182777892775827,N/A,N/A,N/A,N/A,16.298831106498827,1.1539368629455566,50.01000213623047,14.55206475257869,0.09157119388636634,0.0849056603773584,0.09301485337742145,0.0865384615384615,0.6089085455085126,0.5365721875929998,0.41307174790890683
uncertainty_fusion_attbias_a0p20_b3p5__rot_only_8p0__xyz0__ryp8__seed20,4831,0.9010556820534051,0.09894431794659486,N/A,N/A,N/A,N/A,69.91808858737843,21.5618953704834,171.13079833984375,190.36847534179682,0.01244226312646915,0.005181347150259,0.01184472272814238,0.0066666666666666,0.6532571546038386,0.6373515725670968,0.5414699935101464
uncertainty_fusion_attbias_a0p20_b3p5__rot_only_8p0__xyz0__ryp8__seed28,4831,0.9300351894017802,0.0699648105982198,N/A,N/A,N/A,N/A,9.764690772436888,0.6106027960777283,50.01000213623047,8.544790840148897,0.19710091588803041,0.1935483870967742,0.20360322774943024,0.2,0.8314505415037025,0.7551141610183675,0.5211664122770552
uncertainty_fusion_attbias_a0p20_b3p5__rot_only_8p0__xyz0__ryp8__seed42,4831,0.9242392879321052,0.07576071206789481,N/A,N/A,N/A,N/A,19.20875321879491,1.4944401979446411,50.01000213623047,21.189060211181665,0.066860685130878,0.0579710144927536,0.06645133353021314,0.0581395348837209,0.5743147798676159,0.5327659132278871,0.42702303055391727
