run_name,run_dir,config_path,method_name,core_method,noise_name,loc_err,xyz_std,ryp_std,seed,cov_log_filename,enable_status_based_skip,enable_ok_tail_vertical_blur,vertical_blur_use_ty_only,blur_sigma_scale,enable_tail_mc_warp,mc_trace_threshold,mc_num_samples,mc_random_seed,mc_use_translation_only,mc_theta_clip,mc_translation_clip
feaco_baseline__clean__xyz0__ryp0__seed20,opencood/pretrained/feaco/generated_feaco_baseline__clean__xyz0__ryp0__seed20,opencood/pretrained/feaco/generated_feaco_baseline__clean__xyz0__ryp0__seed20/config.yaml,feaco_baseline,point_pillar_where2comm_feaco,clean,False,0.0,0.0,20,feaco_baseline__clean__xyz0__ryp0__seed20.csv,False,False,True,0.05,False,9.800544452667232,3,123,True,0.15,3.0
level2_status_skip_vertical_blur_bss0p05__clean__xyz0__ryp0__seed20,opencood/pretrained/feaco/generated_level2_status_skip_vertical_blur_bss0p05__clean__xyz0__ryp0__seed20,opencood/pretrained/feaco/generated_level2_status_skip_vertical_blur_bss0p05__clean__xyz0__ryp0__seed20/config.yaml,level2_status_skip_vertical_blur_bss0p05,point_pillar_where2comm_our,clean,False,0.0,0.0,20,level2_status_skip_vertical_blur_bss0p05__clean__xyz0__ryp0__seed20.csv,True,True,True,0.05,False,9.800544452667232,3,123,True,0.15,3.0
mc_status_skip_full_k3__clean__xyz0__ryp0__seed20,opencood/pretrained/feaco/generated_mc_status_skip_full_k3__clean__xyz0__ryp0__seed20,opencood/pretrained/feaco/generated_mc_status_skip_full_k3__clean__xyz0__ryp0__seed20/config.yaml,mc_status_skip_full_k3,point_pillar_where2comm_our,clean,False,0.0,0.0,20,mc_status_skip_full_k3__clean__xyz0__ryp0__seed20.csv,True,False,True,0.05,True,9.800544452667232,3,123,False,0.15,3.0
feaco_baseline__pos_0p2_rot_1p0__xyz0p2__ryp1__seed20,opencood/pretrained/feaco/generated_feaco_baseline__pos_0p2_rot_1p0__xyz0p2__ryp1__seed20,opencood/pretrained/feaco/generated_feaco_baseline__pos_0p2_rot_1p0__xyz0p2__ryp1__seed20/config.yaml,feaco_baseline,point_pillar_where2comm_feaco,pos_0p2_rot_1p0,True,0.2,1.0,20,feaco_baseline__pos_0p2_rot_1p0__xyz0p2__ryp1__seed20.csv,False,False,True,0.05,False,9.800544452667232,3,123,True,0.15,3.0
level2_status_skip_vertical_blur_bss0p05__pos_0p2_rot_1p0__xyz0p2__ryp1__seed20,opencood/pretrained/feaco/generated_level2_status_skip_vertical_blur_bss0p05__pos_0p2_rot_1p0__xyz0p2__ryp1__seed20,opencood/pretrained/feaco/generated_level2_status_skip_vertical_blur_bss0p05__pos_0p2_rot_1p0__xyz0p2__ryp1__seed20/config.yaml,level2_status_skip_vertical_blur_bss0p05,point_pillar_where2comm_our,pos_0p2_rot_1p0,True,0.2,1.0,20,level2_status_skip_vertical_blur_bss0p05__pos_0p2_rot_1p0__xyz0p2__ryp1__seed20.csv,True,True,True,0.05,False,9.800544452667232,3,123,True,0.15,3.0
mc_status_skip_full_k3__pos_0p2_rot_1p0__xyz0p2__ryp1__seed20,opencood/pretrained/feaco/generated_mc_status_skip_full_k3__pos_0p2_rot_1p0__xyz0p2__ryp1__seed20,opencood/pretrained/feaco/generated_mc_status_skip_full_k3__pos_0p2_rot_1p0__xyz0p2__ryp1__seed20/config.yaml,mc_status_skip_full_k3,point_pillar_where2comm_our,pos_0p2_rot_1p0,True,0.2,1.0,20,mc_status_skip_full_k3__pos_0p2_rot_1p0__xyz0p2__ryp1__seed20.csv,True,False,True,0.05,True,9.800544452667232,3,123,False,0.15,3.0
feaco_baseline__pos_0p2_rot_2p0__xyz0p2__ryp2__seed20,opencood/pretrained/feaco/generated_feaco_baseline__pos_0p2_rot_2p0__xyz0p2__ryp2__seed20,opencood/pretrained/feaco/generated_feaco_baseline__pos_0p2_rot_2p0__xyz0p2__ryp2__seed20/config.yaml,feaco_baseline,point_pillar_where2comm_feaco,pos_0p2_rot_2p0,True,0.2,2.0,20,feaco_baseline__pos_0p2_rot_2p0__xyz0p2__ryp2__seed20.csv,False,False,True,0.05,False,9.800544452667232,3,123,True,0.15,3.0
level2_status_skip_vertical_blur_bss0p05__pos_0p2_rot_2p0__xyz0p2__ryp2__seed20,opencood/pretrained/feaco/generated_level2_status_skip_vertical_blur_bss0p05__pos_0p2_rot_2p0__xyz0p2__ryp2__seed20,opencood/pretrained/feaco/generated_level2_status_skip_vertical_blur_bss0p05__pos_0p2_rot_2p0__xyz0p2__ryp2__seed20/config.yaml,level2_status_skip_vertical_blur_bss0p05,point_pillar_where2comm_our,pos_0p2_rot_2p0,True,0.2,2.0,20,level2_status_skip_vertical_blur_bss0p05__pos_0p2_rot_2p0__xyz0p2__ryp2__seed20.csv,True,True,True,0.05,False,9.800544452667232,3,123,True,0.15,3.0
mc_status_skip_full_k3__pos_0p2_rot_2p0__xyz0p2__ryp2__seed20,opencood/pretrained/feaco/generated_mc_status_skip_full_k3__pos_0p2_rot_2p0__xyz0p2__ryp2__seed20,opencood/pretrained/feaco/generated_mc_status_skip_full_k3__pos_0p2_rot_2p0__xyz0p2__ryp2__seed20/config.yaml,mc_status_skip_full_k3,point_pillar_where2comm_our,pos_0p2_rot_2p0,True,0.2,2.0,20,mc_status_skip_full_k3__pos_0p2_rot_2p0__xyz0p2__ryp2__seed20.csv,True,False,True,0.05,True,9.800544452667232,3,123,False,0.15,3.0
feaco_baseline__pos_0p2_rot_4p0__xyz0p2__ryp4__seed20,opencood/pretrained/feaco/generated_feaco_baseline__pos_0p2_rot_4p0__xyz0p2__ryp4__seed20,opencood/pretrained/feaco/generated_feaco_baseline__pos_0p2_rot_4p0__xyz0p2__ryp4__seed20/config.yaml,feaco_baseline,point_pillar_where2comm_feaco,pos_0p2_rot_4p0,True,0.2,4.0,20,feaco_baseline__pos_0p2_rot_4p0__xyz0p2__ryp4__seed20.csv,False,False,True,0.05,False,9.800544452667232,3,123,True,0.15,3.0
level2_status_skip_vertical_blur_bss0p05__pos_0p2_rot_4p0__xyz0p2__ryp4__seed20,opencood/pretrained/feaco/generated_level2_status_skip_vertical_blur_bss0p05__pos_0p2_rot_4p0__xyz0p2__ryp4__seed20,opencood/pretrained/feaco/generated_level2_status_skip_vertical_blur_bss0p05__pos_0p2_rot_4p0__xyz0p2__ryp4__seed20/config.yaml,level2_status_skip_vertical_blur_bss0p05,point_pillar_where2comm_our,pos_0p2_rot_4p0,True,0.2,4.0,20,level2_status_skip_vertical_blur_bss0p05__pos_0p2_rot_4p0__xyz0p2__ryp4__seed20.csv,True,True,True,0.05,False,9.800544452667232,3,123,True,0.15,3.0
mc_status_skip_full_k3__pos_0p2_rot_4p0__xyz0p2__ryp4__seed20,opencood/pretrained/feaco/generated_mc_status_skip_full_k3__pos_0p2_rot_4p0__xyz0p2__ryp4__seed20,opencood/pretrained/feaco/generated_mc_status_skip_full_k3__pos_0p2_rot_4p0__xyz0p2__ryp4__seed20/config.yaml,mc_status_skip_full_k3,point_pillar_where2comm_our,pos_0p2_rot_4p0,True,0.2,4.0,20,mc_status_skip_full_k3__pos_0p2_rot_4p0__xyz0p2__ryp4__seed20.csv,True,False,True,0.05,True,9.800544452667232,3,123,False,0.15,3.0
feaco_baseline__pos_0p2_rot_6p0__xyz0p2__ryp6__seed20,opencood/pretrained/feaco/generated_feaco_baseline__pos_0p2_rot_6p0__xyz0p2__ryp6__seed20,opencood/pretrained/feaco/generated_feaco_baseline__pos_0p2_rot_6p0__xyz0p2__ryp6__seed20/config.yaml,feaco_baseline,point_pillar_where2comm_feaco,pos_0p2_rot_6p0,True,0.2,6.0,20,feaco_baseline__pos_0p2_rot_6p0__xyz0p2__ryp6__seed20.csv,False,False,True,0.05,False,9.800544452667232,3,123,True,0.15,3.0
level2_status_skip_vertical_blur_bss0p05__pos_0p2_rot_6p0__xyz0p2__ryp6__seed20,opencood/pretrained/feaco/generated_level2_status_skip_vertical_blur_bss0p05__pos_0p2_rot_6p0__xyz0p2__ryp6__seed20,opencood/pretrained/feaco/generated_level2_status_skip_vertical_blur_bss0p05__pos_0p2_rot_6p0__xyz0p2__ryp6__seed20/config.yaml,level2_status_skip_vertical_blur_bss0p05,point_pillar_where2comm_our,pos_0p2_rot_6p0,True,0.2,6.0,20,level2_status_skip_vertical_blur_bss0p05__pos_0p2_rot_6p0__xyz0p2__ryp6__seed20.csv,True,True,True,0.05,False,9.800544452667232,3,123,True,0.15,3.0
mc_status_skip_full_k3__pos_0p2_rot_6p0__xyz0p2__ryp6__seed20,opencood/pretrained/feaco/generated_mc_status_skip_full_k3__pos_0p2_rot_6p0__xyz0p2__ryp6__seed20,opencood/pretrained/feaco/generated_mc_status_skip_full_k3__pos_0p2_rot_6p0__xyz0p2__ryp6__seed20/config.yaml,mc_status_skip_full_k3,point_pillar_where2comm_our,pos_0p2_rot_6p0,True,0.2,6.0,20,mc_status_skip_full_k3__pos_0p2_rot_6p0__xyz0p2__ryp6__seed20.csv,True,False,True,0.05,True,9.800544452667232,3,123,False,0.15,3.0
feaco_baseline__pos_0p2_rot_8p0__xyz0p2__ryp8__seed20,opencood/pretrained/feaco/generated_feaco_baseline__pos_0p2_rot_8p0__xyz0p2__ryp8__seed20,opencood/pretrained/feaco/generated_feaco_baseline__pos_0p2_rot_8p0__xyz0p2__ryp8__seed20/config.yaml,feaco_baseline,point_pillar_where2comm_feaco,pos_0p2_rot_8p0,True,0.2,8.0,20,feaco_baseline__pos_0p2_rot_8p0__xyz0p2__ryp8__seed20.csv,False,False,True,0.05,False,9.800544452667232,3,123,True,0.15,3.0
level2_status_skip_vertical_blur_bss0p05__pos_0p2_rot_8p0__xyz0p2__ryp8__seed20,opencood/pretrained/feaco/generated_level2_status_skip_vertical_blur_bss0p05__pos_0p2_rot_8p0__xyz0p2__ryp8__seed20,opencood/pretrained/feaco/generated_level2_status_skip_vertical_blur_bss0p05__pos_0p2_rot_8p0__xyz0p2__ryp8__seed20/config.yaml,level2_status_skip_vertical_blur_bss0p05,point_pillar_where2comm_our,pos_0p2_rot_8p0,True,0.2,8.0,20,level2_status_skip_vertical_blur_bss0p05__pos_0p2_rot_8p0__xyz0p2__ryp8__seed20.csv,True,True,True,0.05,False,9.800544452667232,3,123,True,0.15,3.0
mc_status_skip_full_k3__pos_0p2_rot_8p0__xyz0p2__ryp8__seed20,opencood/pretrained/feaco/generated_mc_status_skip_full_k3__pos_0p2_rot_8p0__xyz0p2__ryp8__seed20,opencood/pretrained/feaco/generated_mc_status_skip_full_k3__pos_0p2_rot_8p0__xyz0p2__ryp8__seed20/config.yaml,mc_status_skip_full_k3,point_pillar_where2comm_our,pos_0p2_rot_8p0,True,0.2,8.0,20,mc_status_skip_full_k3__pos_0p2_rot_8p0__xyz0p2__ryp8__seed20.csv,True,False,True,0.05,True,9.800544452667232,3,123,False,0.15,3.0
feaco_baseline__pos_0p2_rot_10p0__xyz0p2__ryp10__seed20,opencood/pretrained/feaco/generated_feaco_baseline__pos_0p2_rot_10p0__xyz0p2__ryp10__seed20,opencood/pretrained/feaco/generated_feaco_baseline__pos_0p2_rot_10p0__xyz0p2__ryp10__seed20/config.yaml,feaco_baseline,point_pillar_where2comm_feaco,pos_0p2_rot_10p0,True,0.2,10.0,20,feaco_baseline__pos_0p2_rot_10p0__xyz0p2__ryp10__seed20.csv,False,False,True,0.05,False,9.800544452667232,3,123,True,0.15,3.0
level2_status_skip_vertical_blur_bss0p05__pos_0p2_rot_10p0__xyz0p2__ryp10__seed20,opencood/pretrained/feaco/generated_level2_status_skip_vertical_blur_bss0p05__pos_0p2_rot_10p0__xyz0p2__ryp10__seed20,opencood/pretrained/feaco/generated_level2_status_skip_vertical_blur_bss0p05__pos_0p2_rot_10p0__xyz0p2__ryp10__seed20/config.yaml,level2_status_skip_vertical_blur_bss0p05,point_pillar_where2comm_our,pos_0p2_rot_10p0,True,0.2,10.0,20,level2_status_skip_vertical_blur_bss0p05__pos_0p2_rot_10p0__xyz0p2__ryp10__seed20.csv,True,True,True,0.05,False,9.800544452667232,3,123,True,0.15,3.0
mc_status_skip_full_k3__pos_0p2_rot_10p0__xyz0p2__ryp10__seed20,opencood/pretrained/feaco/generated_mc_status_skip_full_k3__pos_0p2_rot_10p0__xyz0p2__ryp10__seed20,opencood/pretrained/feaco/generated_mc_status_skip_full_k3__pos_0p2_rot_10p0__xyz0p2__ryp10__seed20/config.yaml,mc_status_skip_full_k3,point_pillar_where2comm_our,pos_0p2_rot_10p0,True,0.2,10.0,20,mc_status_skip_full_k3__pos_0p2_rot_10p0__xyz0p2__ryp10__seed20.csv,True,False,True,0.05,True,9.800544452667232,3,123,False,0.15,3.0
feaco_baseline__pos_0p2_rot_14p0__xyz0p2__ryp14__seed20,opencood/pretrained/feaco/generated_feaco_baseline__pos_0p2_rot_14p0__xyz0p2__ryp14__seed20,opencood/pretrained/feaco/generated_feaco_baseline__pos_0p2_rot_14p0__xyz0p2__ryp14__seed20/config.yaml,feaco_baseline,point_pillar_where2comm_feaco,pos_0p2_rot_14p0,True,0.2,14.0,20,feaco_baseline__pos_0p2_rot_14p0__xyz0p2__ryp14__seed20.csv,False,False,True,0.05,False,9.800544452667232,3,123,True,0.15,3.0
level2_status_skip_vertical_blur_bss0p05__pos_0p2_rot_14p0__xyz0p2__ryp14__seed20,opencood/pretrained/feaco/generated_level2_status_skip_vertical_blur_bss0p05__pos_0p2_rot_14p0__xyz0p2__ryp14__seed20,opencood/pretrained/feaco/generated_level2_status_skip_vertical_blur_bss0p05__pos_0p2_rot_14p0__xyz0p2__ryp14__seed20/config.yaml,level2_status_skip_vertical_blur_bss0p05,point_pillar_where2comm_our,pos_0p2_rot_14p0,True,0.2,14.0,20,level2_status_skip_vertical_blur_bss0p05__pos_0p2_rot_14p0__xyz0p2__ryp14__seed20.csv,True,True,True,0.05,False,9.800544452667232,3,123,True,0.15,3.0
mc_status_skip_full_k3__pos_0p2_rot_14p0__xyz0p2__ryp14__seed20,opencood/pretrained/feaco/generated_mc_status_skip_full_k3__pos_0p2_rot_14p0__xyz0p2__ryp14__seed20,opencood/pretrained/feaco/generated_mc_status_skip_full_k3__pos_0p2_rot_14p0__xyz0p2__ryp14__seed20/config.yaml,mc_status_skip_full_k3,point_pillar_where2comm_our,pos_0p2_rot_14p0,True,0.2,14.0,20,mc_status_skip_full_k3__pos_0p2_rot_14p0__xyz0p2__ryp14__seed20.csv,True,False,True,0.05,True,9.800544452667232,3,123,False,0.15,3.0
feaco_baseline__pos_0p2_rot_18p0__xyz0p2__ryp18__seed20,opencood/pretrained/feaco/generated_feaco_baseline__pos_0p2_rot_18p0__xyz0p2__ryp18__seed20,opencood/pretrained/feaco/generated_feaco_baseline__pos_0p2_rot_18p0__xyz0p2__ryp18__seed20/config.yaml,feaco_baseline,point_pillar_where2comm_feaco,pos_0p2_rot_18p0,True,0.2,18.0,20,feaco_baseline__pos_0p2_rot_18p0__xyz0p2__ryp18__seed20.csv,False,False,True,0.05,False,9.800544452667232,3,123,True,0.15,3.0
level2_status_skip_vertical_blur_bss0p05__pos_0p2_rot_18p0__xyz0p2__ryp18__seed20,opencood/pretrained/feaco/generated_level2_status_skip_vertical_blur_bss0p05__pos_0p2_rot_18p0__xyz0p2__ryp18__seed20,opencood/pretrained/feaco/generated_level2_status_skip_vertical_blur_bss0p05__pos_0p2_rot_18p0__xyz0p2__ryp18__seed20/config.yaml,level2_status_skip_vertical_blur_bss0p05,point_pillar_where2comm_our,pos_0p2_rot_18p0,True,0.2,18.0,20,level2_status_skip_vertical_blur_bss0p05__pos_0p2_rot_18p0__xyz0p2__ryp18__seed20.csv,True,True,True,0.05,False,9.800544452667232,3,123,True,0.15,3.0
mc_status_skip_full_k3__pos_0p2_rot_18p0__xyz0p2__ryp18__seed20,opencood/pretrained/feaco/generated_mc_status_skip_full_k3__pos_0p2_rot_18p0__xyz0p2__ryp18__seed20,opencood/pretrained/feaco/generated_mc_status_skip_full_k3__pos_0p2_rot_18p0__xyz0p2__ryp18__seed20/config.yaml,mc_status_skip_full_k3,point_pillar_where2comm_our,pos_0p2_rot_18p0,True,0.2,18.0,20,mc_status_skip_full_k3__pos_0p2_rot_18p0__xyz0p2__ryp18__seed20.csv,True,False,True,0.05,True,9.800544452667232,3,123,False,0.15,3.0
feaco_baseline__pos_0p5_rot_1p0__xyz0p5__ryp1__seed20,opencood/pretrained/feaco/generated_feaco_baseline__pos_0p5_rot_1p0__xyz0p5__ryp1__seed20,opencood/pretrained/feaco/generated_feaco_baseline__pos_0p5_rot_1p0__xyz0p5__ryp1__seed20/config.yaml,feaco_baseline,point_pillar_where2comm_feaco,pos_0p5_rot_1p0,True,0.5,1.0,20,feaco_baseline__pos_0p5_rot_1p0__xyz0p5__ryp1__seed20.csv,False,False,True,0.05,False,9.800544452667232,3,123,True,0.15,3.0
level2_status_skip_vertical_blur_bss0p05__pos_0p5_rot_1p0__xyz0p5__ryp1__seed20,opencood/pretrained/feaco/generated_level2_status_skip_vertical_blur_bss0p05__pos_0p5_rot_1p0__xyz0p5__ryp1__seed20,opencood/pretrained/feaco/generated_level2_status_skip_vertical_blur_bss0p05__pos_0p5_rot_1p0__xyz0p5__ryp1__seed20/config.yaml,level2_status_skip_vertical_blur_bss0p05,point_pillar_where2comm_our,pos_0p5_rot_1p0,True,0.5,1.0,20,level2_status_skip_vertical_blur_bss0p05__pos_0p5_rot_1p0__xyz0p5__ryp1__seed20.csv,True,True,True,0.05,False,9.800544452667232,3,123,True,0.15,3.0
mc_status_skip_full_k3__pos_0p5_rot_1p0__xyz0p5__ryp1__seed20,opencood/pretrained/feaco/generated_mc_status_skip_full_k3__pos_0p5_rot_1p0__xyz0p5__ryp1__seed20,opencood/pretrained/feaco/generated_mc_status_skip_full_k3__pos_0p5_rot_1p0__xyz0p5__ryp1__seed20/config.yaml,mc_status_skip_full_k3,point_pillar_where2comm_our,pos_0p5_rot_1p0,True,0.5,1.0,20,mc_status_skip_full_k3__pos_0p5_rot_1p0__xyz0p5__ryp1__seed20.csv,True,False,True,0.05,True,9.800544452667232,3,123,False,0.15,3.0
feaco_baseline__pos_0p5_rot_2p0__xyz0p5__ryp2__seed20,opencood/pretrained/feaco/generated_feaco_baseline__pos_0p5_rot_2p0__xyz0p5__ryp2__seed20,opencood/pretrained/feaco/generated_feaco_baseline__pos_0p5_rot_2p0__xyz0p5__ryp2__seed20/config.yaml,feaco_baseline,point_pillar_where2comm_feaco,pos_0p5_rot_2p0,True,0.5,2.0,20,feaco_baseline__pos_0p5_rot_2p0__xyz0p5__ryp2__seed20.csv,False,False,True,0.05,False,9.800544452667232,3,123,True,0.15,3.0
level2_status_skip_vertical_blur_bss0p05__pos_0p5_rot_2p0__xyz0p5__ryp2__seed20,opencood/pretrained/feaco/generated_level2_status_skip_vertical_blur_bss0p05__pos_0p5_rot_2p0__xyz0p5__ryp2__seed20,opencood/pretrained/feaco/generated_level2_status_skip_vertical_blur_bss0p05__pos_0p5_rot_2p0__xyz0p5__ryp2__seed20/config.yaml,level2_status_skip_vertical_blur_bss0p05,point_pillar_where2comm_our,pos_0p5_rot_2p0,True,0.5,2.0,20,level2_status_skip_vertical_blur_bss0p05__pos_0p5_rot_2p0__xyz0p5__ryp2__seed20.csv,True,True,True,0.05,False,9.800544452667232,3,123,True,0.15,3.0
mc_status_skip_full_k3__pos_0p5_rot_2p0__xyz0p5__ryp2__seed20,opencood/pretrained/feaco/generated_mc_status_skip_full_k3__pos_0p5_rot_2p0__xyz0p5__ryp2__seed20,opencood/pretrained/feaco/generated_mc_status_skip_full_k3__pos_0p5_rot_2p0__xyz0p5__ryp2__seed20/config.yaml,mc_status_skip_full_k3,point_pillar_where2comm_our,pos_0p5_rot_2p0,True,0.5,2.0,20,mc_status_skip_full_k3__pos_0p5_rot_2p0__xyz0p5__ryp2__seed20.csv,True,False,True,0.05,True,9.800544452667232,3,123,False,0.15,3.0
feaco_baseline__pos_0p5_rot_4p0__xyz0p5__ryp4__seed20,opencood/pretrained/feaco/generated_feaco_baseline__pos_0p5_rot_4p0__xyz0p5__ryp4__seed20,opencood/pretrained/feaco/generated_feaco_baseline__pos_0p5_rot_4p0__xyz0p5__ryp4__seed20/config.yaml,feaco_baseline,point_pillar_where2comm_feaco,pos_0p5_rot_4p0,True,0.5,4.0,20,feaco_baseline__pos_0p5_rot_4p0__xyz0p5__ryp4__seed20.csv,False,False,True,0.05,False,9.800544452667232,3,123,True,0.15,3.0
level2_status_skip_vertical_blur_bss0p05__pos_0p5_rot_4p0__xyz0p5__ryp4__seed20,opencood/pretrained/feaco/generated_level2_status_skip_vertical_blur_bss0p05__pos_0p5_rot_4p0__xyz0p5__ryp4__seed20,opencood/pretrained/feaco/generated_level2_status_skip_vertical_blur_bss0p05__pos_0p5_rot_4p0__xyz0p5__ryp4__seed20/config.yaml,level2_status_skip_vertical_blur_bss0p05,point_pillar_where2comm_our,pos_0p5_rot_4p0,True,0.5,4.0,20,level2_status_skip_vertical_blur_bss0p05__pos_0p5_rot_4p0__xyz0p5__ryp4__seed20.csv,True,True,True,0.05,False,9.800544452667232,3,123,True,0.15,3.0
mc_status_skip_full_k3__pos_0p5_rot_4p0__xyz0p5__ryp4__seed20,opencood/pretrained/feaco/generated_mc_status_skip_full_k3__pos_0p5_rot_4p0__xyz0p5__ryp4__seed20,opencood/pretrained/feaco/generated_mc_status_skip_full_k3__pos_0p5_rot_4p0__xyz0p5__ryp4__seed20/config.yaml,mc_status_skip_full_k3,point_pillar_where2comm_our,pos_0p5_rot_4p0,True,0.5,4.0,20,mc_status_skip_full_k3__pos_0p5_rot_4p0__xyz0p5__ryp4__seed20.csv,True,False,True,0.05,True,9.800544452667232,3,123,False,0.15,3.0
feaco_baseline__pos_0p5_rot_6p0__xyz0p5__ryp6__seed20,opencood/pretrained/feaco/generated_feaco_baseline__pos_0p5_rot_6p0__xyz0p5__ryp6__seed20,opencood/pretrained/feaco/generated_feaco_baseline__pos_0p5_rot_6p0__xyz0p5__ryp6__seed20/config.yaml,feaco_baseline,point_pillar_where2comm_feaco,pos_0p5_rot_6p0,True,0.5,6.0,20,feaco_baseline__pos_0p5_rot_6p0__xyz0p5__ryp6__seed20.csv,False,False,True,0.05,False,9.800544452667232,3,123,True,0.15,3.0
level2_status_skip_vertical_blur_bss0p05__pos_0p5_rot_6p0__xyz0p5__ryp6__seed20,opencood/pretrained/feaco/generated_level2_status_skip_vertical_blur_bss0p05__pos_0p5_rot_6p0__xyz0p5__ryp6__seed20,opencood/pretrained/feaco/generated_level2_status_skip_vertical_blur_bss0p05__pos_0p5_rot_6p0__xyz0p5__ryp6__seed20/config.yaml,level2_status_skip_vertical_blur_bss0p05,point_pillar_where2comm_our,pos_0p5_rot_6p0,True,0.5,6.0,20,level2_status_skip_vertical_blur_bss0p05__pos_0p5_rot_6p0__xyz0p5__ryp6__seed20.csv,True,True,True,0.05,False,9.800544452667232,3,123,True,0.15,3.0
mc_status_skip_full_k3__pos_0p5_rot_6p0__xyz0p5__ryp6__seed20,opencood/pretrained/feaco/generated_mc_status_skip_full_k3__pos_0p5_rot_6p0__xyz0p5__ryp6__seed20,opencood/pretrained/feaco/generated_mc_status_skip_full_k3__pos_0p5_rot_6p0__xyz0p5__ryp6__seed20/config.yaml,mc_status_skip_full_k3,point_pillar_where2comm_our,pos_0p5_rot_6p0,True,0.5,6.0,20,mc_status_skip_full_k3__pos_0p5_rot_6p0__xyz0p5__ryp6__seed20.csv,True,False,True,0.05,True,9.800544452667232,3,123,False,0.15,3.0
feaco_baseline__pos_0p5_rot_8p0__xyz0p5__ryp8__seed20,opencood/pretrained/feaco/generated_feaco_baseline__pos_0p5_rot_8p0__xyz0p5__ryp8__seed20,opencood/pretrained/feaco/generated_feaco_baseline__pos_0p5_rot_8p0__xyz0p5__ryp8__seed20/config.yaml,feaco_baseline,point_pillar_where2comm_feaco,pos_0p5_rot_8p0,True,0.5,8.0,20,feaco_baseline__pos_0p5_rot_8p0__xyz0p5__ryp8__seed20.csv,False,False,True,0.05,False,9.800544452667232,3,123,True,0.15,3.0
level2_status_skip_vertical_blur_bss0p05__pos_0p5_rot_8p0__xyz0p5__ryp8__seed20,opencood/pretrained/feaco/generated_level2_status_skip_vertical_blur_bss0p05__pos_0p5_rot_8p0__xyz0p5__ryp8__seed20,opencood/pretrained/feaco/generated_level2_status_skip_vertical_blur_bss0p05__pos_0p5_rot_8p0__xyz0p5__ryp8__seed20/config.yaml,level2_status_skip_vertical_blur_bss0p05,point_pillar_where2comm_our,pos_0p5_rot_8p0,True,0.5,8.0,20,level2_status_skip_vertical_blur_bss0p05__pos_0p5_rot_8p0__xyz0p5__ryp8__seed20.csv,True,True,True,0.05,False,9.800544452667232,3,123,True,0.15,3.0
mc_status_skip_full_k3__pos_0p5_rot_8p0__xyz0p5__ryp8__seed20,opencood/pretrained/feaco/generated_mc_status_skip_full_k3__pos_0p5_rot_8p0__xyz0p5__ryp8__seed20,opencood/pretrained/feaco/generated_mc_status_skip_full_k3__pos_0p5_rot_8p0__xyz0p5__ryp8__seed20/config.yaml,mc_status_skip_full_k3,point_pillar_where2comm_our,pos_0p5_rot_8p0,True,0.5,8.0,20,mc_status_skip_full_k3__pos_0p5_rot_8p0__xyz0p5__ryp8__seed20.csv,True,False,True,0.05,True,9.800544452667232,3,123,False,0.15,3.0
feaco_baseline__pos_0p5_rot_10p0__xyz0p5__ryp10__seed20,opencood/pretrained/feaco/generated_feaco_baseline__pos_0p5_rot_10p0__xyz0p5__ryp10__seed20,opencood/pretrained/feaco/generated_feaco_baseline__pos_0p5_rot_10p0__xyz0p5__ryp10__seed20/config.yaml,feaco_baseline,point_pillar_where2comm_feaco,pos_0p5_rot_10p0,True,0.5,10.0,20,feaco_baseline__pos_0p5_rot_10p0__xyz0p5__ryp10__seed20.csv,False,False,True,0.05,False,9.800544452667232,3,123,True,0.15,3.0
level2_status_skip_vertical_blur_bss0p05__pos_0p5_rot_10p0__xyz0p5__ryp10__seed20,opencood/pretrained/feaco/generated_level2_status_skip_vertical_blur_bss0p05__pos_0p5_rot_10p0__xyz0p5__ryp10__seed20,opencood/pretrained/feaco/generated_level2_status_skip_vertical_blur_bss0p05__pos_0p5_rot_10p0__xyz0p5__ryp10__seed20/config.yaml,level2_status_skip_vertical_blur_bss0p05,point_pillar_where2comm_our,pos_0p5_rot_10p0,True,0.5,10.0,20,level2_status_skip_vertical_blur_bss0p05__pos_0p5_rot_10p0__xyz0p5__ryp10__seed20.csv,True,True,True,0.05,False,9.800544452667232,3,123,True,0.15,3.0
mc_status_skip_full_k3__pos_0p5_rot_10p0__xyz0p5__ryp10__seed20,opencood/pretrained/feaco/generated_mc_status_skip_full_k3__pos_0p5_rot_10p0__xyz0p5__ryp10__seed20,opencood/pretrained/feaco/generated_mc_status_skip_full_k3__pos_0p5_rot_10p0__xyz0p5__ryp10__seed20/config.yaml,mc_status_skip_full_k3,point_pillar_where2comm_our,pos_0p5_rot_10p0,True,0.5,10.0,20,mc_status_skip_full_k3__pos_0p5_rot_10p0__xyz0p5__ryp10__seed20.csv,True,False,True,0.05,True,9.800544452667232,3,123,False,0.15,3.0
feaco_baseline__pos_0p5_rot_14p0__xyz0p5__ryp14__seed20,opencood/pretrained/feaco/generated_feaco_baseline__pos_0p5_rot_14p0__xyz0p5__ryp14__seed20,opencood/pretrained/feaco/generated_feaco_baseline__pos_0p5_rot_14p0__xyz0p5__ryp14__seed20/config.yaml,feaco_baseline,point_pillar_where2comm_feaco,pos_0p5_rot_14p0,True,0.5,14.0,20,feaco_baseline__pos_0p5_rot_14p0__xyz0p5__ryp14__seed20.csv,False,False,True,0.05,False,9.800544452667232,3,123,True,0.15,3.0
level2_status_skip_vertical_blur_bss0p05__pos_0p5_rot_14p0__xyz0p5__ryp14__seed20,opencood/pretrained/feaco/generated_level2_status_skip_vertical_blur_bss0p05__pos_0p5_rot_14p0__xyz0p5__ryp14__seed20,opencood/pretrained/feaco/generated_level2_status_skip_vertical_blur_bss0p05__pos_0p5_rot_14p0__xyz0p5__ryp14__seed20/config.yaml,level2_status_skip_vertical_blur_bss0p05,point_pillar_where2comm_our,pos_0p5_rot_14p0,True,0.5,14.0,20,level2_status_skip_vertical_blur_bss0p05__pos_0p5_rot_14p0__xyz0p5__ryp14__seed20.csv,True,True,True,0.05,False,9.800544452667232,3,123,True,0.15,3.0
mc_status_skip_full_k3__pos_0p5_rot_14p0__xyz0p5__ryp14__seed20,opencood/pretrained/feaco/generated_mc_status_skip_full_k3__pos_0p5_rot_14p0__xyz0p5__ryp14__seed20,opencood/pretrained/feaco/generated_mc_status_skip_full_k3__pos_0p5_rot_14p0__xyz0p5__ryp14__seed20/config.yaml,mc_status_skip_full_k3,point_pillar_where2comm_our,pos_0p5_rot_14p0,True,0.5,14.0,20,mc_status_skip_full_k3__pos_0p5_rot_14p0__xyz0p5__ryp14__seed20.csv,True,False,True,0.05,True,9.800544452667232,3,123,False,0.15,3.0
feaco_baseline__pos_0p5_rot_18p0__xyz0p5__ryp18__seed20,opencood/pretrained/feaco/generated_feaco_baseline__pos_0p5_rot_18p0__xyz0p5__ryp18__seed20,opencood/pretrained/feaco/generated_feaco_baseline__pos_0p5_rot_18p0__xyz0p5__ryp18__seed20/config.yaml,feaco_baseline,point_pillar_where2comm_feaco,pos_0p5_rot_18p0,True,0.5,18.0,20,feaco_baseline__pos_0p5_rot_18p0__xyz0p5__ryp18__seed20.csv,False,False,True,0.05,False,9.800544452667232,3,123,True,0.15,3.0
level2_status_skip_vertical_blur_bss0p05__pos_0p5_rot_18p0__xyz0p5__ryp18__seed20,opencood/pretrained/feaco/generated_level2_status_skip_vertical_blur_bss0p05__pos_0p5_rot_18p0__xyz0p5__ryp18__seed20,opencood/pretrained/feaco/generated_level2_status_skip_vertical_blur_bss0p05__pos_0p5_rot_18p0__xyz0p5__ryp18__seed20/config.yaml,level2_status_skip_vertical_blur_bss0p05,point_pillar_where2comm_our,pos_0p5_rot_18p0,True,0.5,18.0,20,level2_status_skip_vertical_blur_bss0p05__pos_0p5_rot_18p0__xyz0p5__ryp18__seed20.csv,True,True,True,0.05,False,9.800544452667232,3,123,True,0.15,3.0
mc_status_skip_full_k3__pos_0p5_rot_18p0__xyz0p5__ryp18__seed20,opencood/pretrained/feaco/generated_mc_status_skip_full_k3__pos_0p5_rot_18p0__xyz0p5__ryp18__seed20,opencood/pretrained/feaco/generated_mc_status_skip_full_k3__pos_0p5_rot_18p0__xyz0p5__ryp18__seed20/config.yaml,mc_status_skip_full_k3,point_pillar_where2comm_our,pos_0p5_rot_18p0,True,0.5,18.0,20,mc_status_skip_full_k3__pos_0p5_rot_18p0__xyz0p5__ryp18__seed20.csv,True,False,True,0.05,True,9.800544452667232,3,123,False,0.15,3.0
feaco_baseline__pos_1p0_rot_1p0__xyz1__ryp1__seed20,opencood/pretrained/feaco/generated_feaco_baseline__pos_1p0_rot_1p0__xyz1__ryp1__seed20,opencood/pretrained/feaco/generated_feaco_baseline__pos_1p0_rot_1p0__xyz1__ryp1__seed20/config.yaml,feaco_baseline,point_pillar_where2comm_feaco,pos_1p0_rot_1p0,True,1.0,1.0,20,feaco_baseline__pos_1p0_rot_1p0__xyz1__ryp1__seed20.csv,False,False,True,0.05,False,9.800544452667232,3,123,True,0.15,3.0
level2_status_skip_vertical_blur_bss0p05__pos_1p0_rot_1p0__xyz1__ryp1__seed20,opencood/pretrained/feaco/generated_level2_status_skip_vertical_blur_bss0p05__pos_1p0_rot_1p0__xyz1__ryp1__seed20,opencood/pretrained/feaco/generated_level2_status_skip_vertical_blur_bss0p05__pos_1p0_rot_1p0__xyz1__ryp1__seed20/config.yaml,level2_status_skip_vertical_blur_bss0p05,point_pillar_where2comm_our,pos_1p0_rot_1p0,True,1.0,1.0,20,level2_status_skip_vertical_blur_bss0p05__pos_1p0_rot_1p0__xyz1__ryp1__seed20.csv,True,True,True,0.05,False,9.800544452667232,3,123,True,0.15,3.0
mc_status_skip_full_k3__pos_1p0_rot_1p0__xyz1__ryp1__seed20,opencood/pretrained/feaco/generated_mc_status_skip_full_k3__pos_1p0_rot_1p0__xyz1__ryp1__seed20,opencood/pretrained/feaco/generated_mc_status_skip_full_k3__pos_1p0_rot_1p0__xyz1__ryp1__seed20/config.yaml,mc_status_skip_full_k3,point_pillar_where2comm_our,pos_1p0_rot_1p0,True,1.0,1.0,20,mc_status_skip_full_k3__pos_1p0_rot_1p0__xyz1__ryp1__seed20.csv,True,False,True,0.05,True,9.800544452667232,3,123,False,0.15,3.0
feaco_baseline__pos_1p0_rot_2p0__xyz1__ryp2__seed20,opencood/pretrained/feaco/generated_feaco_baseline__pos_1p0_rot_2p0__xyz1__ryp2__seed20,opencood/pretrained/feaco/generated_feaco_baseline__pos_1p0_rot_2p0__xyz1__ryp2__seed20/config.yaml,feaco_baseline,point_pillar_where2comm_feaco,pos_1p0_rot_2p0,True,1.0,2.0,20,feaco_baseline__pos_1p0_rot_2p0__xyz1__ryp2__seed20.csv,False,False,True,0.05,False,9.800544452667232,3,123,True,0.15,3.0
level2_status_skip_vertical_blur_bss0p05__pos_1p0_rot_2p0__xyz1__ryp2__seed20,opencood/pretrained/feaco/generated_level2_status_skip_vertical_blur_bss0p05__pos_1p0_rot_2p0__xyz1__ryp2__seed20,opencood/pretrained/feaco/generated_level2_status_skip_vertical_blur_bss0p05__pos_1p0_rot_2p0__xyz1__ryp2__seed20/config.yaml,level2_status_skip_vertical_blur_bss0p05,point_pillar_where2comm_our,pos_1p0_rot_2p0,True,1.0,2.0,20,level2_status_skip_vertical_blur_bss0p05__pos_1p0_rot_2p0__xyz1__ryp2__seed20.csv,True,True,True,0.05,False,9.800544452667232,3,123,True,0.15,3.0
mc_status_skip_full_k3__pos_1p0_rot_2p0__xyz1__ryp2__seed20,opencood/pretrained/feaco/generated_mc_status_skip_full_k3__pos_1p0_rot_2p0__xyz1__ryp2__seed20,opencood/pretrained/feaco/generated_mc_status_skip_full_k3__pos_1p0_rot_2p0__xyz1__ryp2__seed20/config.yaml,mc_status_skip_full_k3,point_pillar_where2comm_our,pos_1p0_rot_2p0,True,1.0,2.0,20,mc_status_skip_full_k3__pos_1p0_rot_2p0__xyz1__ryp2__seed20.csv,True,False,True,0.05,True,9.800544452667232,3,123,False,0.15,3.0
feaco_baseline__pos_1p0_rot_4p0__xyz1__ryp4__seed20,opencood/pretrained/feaco/generated_feaco_baseline__pos_1p0_rot_4p0__xyz1__ryp4__seed20,opencood/pretrained/feaco/generated_feaco_baseline__pos_1p0_rot_4p0__xyz1__ryp4__seed20/config.yaml,feaco_baseline,point_pillar_where2comm_feaco,pos_1p0_rot_4p0,True,1.0,4.0,20,feaco_baseline__pos_1p0_rot_4p0__xyz1__ryp4__seed20.csv,False,False,True,0.05,False,9.800544452667232,3,123,True,0.15,3.0
level2_status_skip_vertical_blur_bss0p05__pos_1p0_rot_4p0__xyz1__ryp4__seed20,opencood/pretrained/feaco/generated_level2_status_skip_vertical_blur_bss0p05__pos_1p0_rot_4p0__xyz1__ryp4__seed20,opencood/pretrained/feaco/generated_level2_status_skip_vertical_blur_bss0p05__pos_1p0_rot_4p0__xyz1__ryp4__seed20/config.yaml,level2_status_skip_vertical_blur_bss0p05,point_pillar_where2comm_our,pos_1p0_rot_4p0,True,1.0,4.0,20,level2_status_skip_vertical_blur_bss0p05__pos_1p0_rot_4p0__xyz1__ryp4__seed20.csv,True,True,True,0.05,False,9.800544452667232,3,123,True,0.15,3.0
mc_status_skip_full_k3__pos_1p0_rot_4p0__xyz1__ryp4__seed20,opencood/pretrained/feaco/generated_mc_status_skip_full_k3__pos_1p0_rot_4p0__xyz1__ryp4__seed20,opencood/pretrained/feaco/generated_mc_status_skip_full_k3__pos_1p0_rot_4p0__xyz1__ryp4__seed20/config.yaml,mc_status_skip_full_k3,point_pillar_where2comm_our,pos_1p0_rot_4p0,True,1.0,4.0,20,mc_status_skip_full_k3__pos_1p0_rot_4p0__xyz1__ryp4__seed20.csv,True,False,True,0.05,True,9.800544452667232,3,123,False,0.15,3.0
feaco_baseline__pos_1p0_rot_6p0__xyz1__ryp6__seed20,opencood/pretrained/feaco/generated_feaco_baseline__pos_1p0_rot_6p0__xyz1__ryp6__seed20,opencood/pretrained/feaco/generated_feaco_baseline__pos_1p0_rot_6p0__xyz1__ryp6__seed20/config.yaml,feaco_baseline,point_pillar_where2comm_feaco,pos_1p0_rot_6p0,True,1.0,6.0,20,feaco_baseline__pos_1p0_rot_6p0__xyz1__ryp6__seed20.csv,False,False,True,0.05,False,9.800544452667232,3,123,True,0.15,3.0
level2_status_skip_vertical_blur_bss0p05__pos_1p0_rot_6p0__xyz1__ryp6__seed20,opencood/pretrained/feaco/generated_level2_status_skip_vertical_blur_bss0p05__pos_1p0_rot_6p0__xyz1__ryp6__seed20,opencood/pretrained/feaco/generated_level2_status_skip_vertical_blur_bss0p05__pos_1p0_rot_6p0__xyz1__ryp6__seed20/config.yaml,level2_status_skip_vertical_blur_bss0p05,point_pillar_where2comm_our,pos_1p0_rot_6p0,True,1.0,6.0,20,level2_status_skip_vertical_blur_bss0p05__pos_1p0_rot_6p0__xyz1__ryp6__seed20.csv,True,True,True,0.05,False,9.800544452667232,3,123,True,0.15,3.0
mc_status_skip_full_k3__pos_1p0_rot_6p0__xyz1__ryp6__seed20,opencood/pretrained/feaco/generated_mc_status_skip_full_k3__pos_1p0_rot_6p0__xyz1__ryp6__seed20,opencood/pretrained/feaco/generated_mc_status_skip_full_k3__pos_1p0_rot_6p0__xyz1__ryp6__seed20/config.yaml,mc_status_skip_full_k3,point_pillar_where2comm_our,pos_1p0_rot_6p0,True,1.0,6.0,20,mc_status_skip_full_k3__pos_1p0_rot_6p0__xyz1__ryp6__seed20.csv,True,False,True,0.05,True,9.800544452667232,3,123,False,0.15,3.0
feaco_baseline__pos_1p0_rot_8p0__xyz1__ryp8__seed20,opencood/pretrained/feaco/generated_feaco_baseline__pos_1p0_rot_8p0__xyz1__ryp8__seed20,opencood/pretrained/feaco/generated_feaco_baseline__pos_1p0_rot_8p0__xyz1__ryp8__seed20/config.yaml,feaco_baseline,point_pillar_where2comm_feaco,pos_1p0_rot_8p0,True,1.0,8.0,20,feaco_baseline__pos_1p0_rot_8p0__xyz1__ryp8__seed20.csv,False,False,True,0.05,False,9.800544452667232,3,123,True,0.15,3.0
level2_status_skip_vertical_blur_bss0p05__pos_1p0_rot_8p0__xyz1__ryp8__seed20,opencood/pretrained/feaco/generated_level2_status_skip_vertical_blur_bss0p05__pos_1p0_rot_8p0__xyz1__ryp8__seed20,opencood/pretrained/feaco/generated_level2_status_skip_vertical_blur_bss0p05__pos_1p0_rot_8p0__xyz1__ryp8__seed20/config.yaml,level2_status_skip_vertical_blur_bss0p05,point_pillar_where2comm_our,pos_1p0_rot_8p0,True,1.0,8.0,20,level2_status_skip_vertical_blur_bss0p05__pos_1p0_rot_8p0__xyz1__ryp8__seed20.csv,True,True,True,0.05,False,9.800544452667232,3,123,True,0.15,3.0
mc_status_skip_full_k3__pos_1p0_rot_8p0__xyz1__ryp8__seed20,opencood/pretrained/feaco/generated_mc_status_skip_full_k3__pos_1p0_rot_8p0__xyz1__ryp8__seed20,opencood/pretrained/feaco/generated_mc_status_skip_full_k3__pos_1p0_rot_8p0__xyz1__ryp8__seed20/config.yaml,mc_status_skip_full_k3,point_pillar_where2comm_our,pos_1p0_rot_8p0,True,1.0,8.0,20,mc_status_skip_full_k3__pos_1p0_rot_8p0__xyz1__ryp8__seed20.csv,True,False,True,0.05,True,9.800544452667232,3,123,False,0.15,3.0
feaco_baseline__pos_1p0_rot_10p0__xyz1__ryp10__seed20,opencood/pretrained/feaco/generated_feaco_baseline__pos_1p0_rot_10p0__xyz1__ryp10__seed20,opencood/pretrained/feaco/generated_feaco_baseline__pos_1p0_rot_10p0__xyz1__ryp10__seed20/config.yaml,feaco_baseline,point_pillar_where2comm_feaco,pos_1p0_rot_10p0,True,1.0,10.0,20,feaco_baseline__pos_1p0_rot_10p0__xyz1__ryp10__seed20.csv,False,False,True,0.05,False,9.800544452667232,3,123,True,0.15,3.0
level2_status_skip_vertical_blur_bss0p05__pos_1p0_rot_10p0__xyz1__ryp10__seed20,opencood/pretrained/feaco/generated_level2_status_skip_vertical_blur_bss0p05__pos_1p0_rot_10p0__xyz1__ryp10__seed20,opencood/pretrained/feaco/generated_level2_status_skip_vertical_blur_bss0p05__pos_1p0_rot_10p0__xyz1__ryp10__seed20/config.yaml,level2_status_skip_vertical_blur_bss0p05,point_pillar_where2comm_our,pos_1p0_rot_10p0,True,1.0,10.0,20,level2_status_skip_vertical_blur_bss0p05__pos_1p0_rot_10p0__xyz1__ryp10__seed20.csv,True,True,True,0.05,False,9.800544452667232,3,123,True,0.15,3.0
mc_status_skip_full_k3__pos_1p0_rot_10p0__xyz1__ryp10__seed20,opencood/pretrained/feaco/generated_mc_status_skip_full_k3__pos_1p0_rot_10p0__xyz1__ryp10__seed20,opencood/pretrained/feaco/generated_mc_status_skip_full_k3__pos_1p0_rot_10p0__xyz1__ryp10__seed20/config.yaml,mc_status_skip_full_k3,point_pillar_where2comm_our,pos_1p0_rot_10p0,True,1.0,10.0,20,mc_status_skip_full_k3__pos_1p0_rot_10p0__xyz1__ryp10__seed20.csv,True,False,True,0.05,True,9.800544452667232,3,123,False,0.15,3.0
feaco_baseline__pos_1p0_rot_14p0__xyz1__ryp14__seed20,opencood/pretrained/feaco/generated_feaco_baseline__pos_1p0_rot_14p0__xyz1__ryp14__seed20,opencood/pretrained/feaco/generated_feaco_baseline__pos_1p0_rot_14p0__xyz1__ryp14__seed20/config.yaml,feaco_baseline,point_pillar_where2comm_feaco,pos_1p0_rot_14p0,True,1.0,14.0,20,feaco_baseline__pos_1p0_rot_14p0__xyz1__ryp14__seed20.csv,False,False,True,0.05,False,9.800544452667232,3,123,True,0.15,3.0
level2_status_skip_vertical_blur_bss0p05__pos_1p0_rot_14p0__xyz1__ryp14__seed20,opencood/pretrained/feaco/generated_level2_status_skip_vertical_blur_bss0p05__pos_1p0_rot_14p0__xyz1__ryp14__seed20,opencood/pretrained/feaco/generated_level2_status_skip_vertical_blur_bss0p05__pos_1p0_rot_14p0__xyz1__ryp14__seed20/config.yaml,level2_status_skip_vertical_blur_bss0p05,point_pillar_where2comm_our,pos_1p0_rot_14p0,True,1.0,14.0,20,level2_status_skip_vertical_blur_bss0p05__pos_1p0_rot_14p0__xyz1__ryp14__seed20.csv,True,True,True,0.05,False,9.800544452667232,3,123,True,0.15,3.0
mc_status_skip_full_k3__pos_1p0_rot_14p0__xyz1__ryp14__seed20,opencood/pretrained/feaco/generated_mc_status_skip_full_k3__pos_1p0_rot_14p0__xyz1__ryp14__seed20,opencood/pretrained/feaco/generated_mc_status_skip_full_k3__pos_1p0_rot_14p0__xyz1__ryp14__seed20/config.yaml,mc_status_skip_full_k3,point_pillar_where2comm_our,pos_1p0_rot_14p0,True,1.0,14.0,20,mc_status_skip_full_k3__pos_1p0_rot_14p0__xyz1__ryp14__seed20.csv,True,False,True,0.05,True,9.800544452667232,3,123,False,0.15,3.0
feaco_baseline__pos_1p0_rot_18p0__xyz1__ryp18__seed20,opencood/pretrained/feaco/generated_feaco_baseline__pos_1p0_rot_18p0__xyz1__ryp18__seed20,opencood/pretrained/feaco/generated_feaco_baseline__pos_1p0_rot_18p0__xyz1__ryp18__seed20/config.yaml,feaco_baseline,point_pillar_where2comm_feaco,pos_1p0_rot_18p0,True,1.0,18.0,20,feaco_baseline__pos_1p0_rot_18p0__xyz1__ryp18__seed20.csv,False,False,True,0.05,False,9.800544452667232,3,123,True,0.15,3.0
level2_status_skip_vertical_blur_bss0p05__pos_1p0_rot_18p0__xyz1__ryp18__seed20,opencood/pretrained/feaco/generated_level2_status_skip_vertical_blur_bss0p05__pos_1p0_rot_18p0__xyz1__ryp18__seed20,opencood/pretrained/feaco/generated_level2_status_skip_vertical_blur_bss0p05__pos_1p0_rot_18p0__xyz1__ryp18__seed20/config.yaml,level2_status_skip_vertical_blur_bss0p05,point_pillar_where2comm_our,pos_1p0_rot_18p0,True,1.0,18.0,20,level2_status_skip_vertical_blur_bss0p05__pos_1p0_rot_18p0__xyz1__ryp18__seed20.csv,True,True,True,0.05,False,9.800544452667232,3,123,True,0.15,3.0
mc_status_skip_full_k3__pos_1p0_rot_18p0__xyz1__ryp18__seed20,opencood/pretrained/feaco/generated_mc_status_skip_full_k3__pos_1p0_rot_18p0__xyz1__ryp18__seed20,opencood/pretrained/feaco/generated_mc_status_skip_full_k3__pos_1p0_rot_18p0__xyz1__ryp18__seed20/config.yaml,mc_status_skip_full_k3,point_pillar_where2comm_our,pos_1p0_rot_18p0,True,1.0,18.0,20,mc_status_skip_full_k3__pos_1p0_rot_18p0__xyz1__ryp18__seed20.csv,True,False,True,0.05,True,9.800544452667232,3,123,False,0.15,3.0
feaco_baseline__pos_1p5_rot_1p0__xyz1p5__ryp1__seed20,opencood/pretrained/feaco/generated_feaco_baseline__pos_1p5_rot_1p0__xyz1p5__ryp1__seed20,opencood/pretrained/feaco/generated_feaco_baseline__pos_1p5_rot_1p0__xyz1p5__ryp1__seed20/config.yaml,feaco_baseline,point_pillar_where2comm_feaco,pos_1p5_rot_1p0,True,1.5,1.0,20,feaco_baseline__pos_1p5_rot_1p0__xyz1p5__ryp1__seed20.csv,False,False,True,0.05,False,9.800544452667232,3,123,True,0.15,3.0
level2_status_skip_vertical_blur_bss0p05__pos_1p5_rot_1p0__xyz1p5__ryp1__seed20,opencood/pretrained/feaco/generated_level2_status_skip_vertical_blur_bss0p05__pos_1p5_rot_1p0__xyz1p5__ryp1__seed20,opencood/pretrained/feaco/generated_level2_status_skip_vertical_blur_bss0p05__pos_1p5_rot_1p0__xyz1p5__ryp1__seed20/config.yaml,level2_status_skip_vertical_blur_bss0p05,point_pillar_where2comm_our,pos_1p5_rot_1p0,True,1.5,1.0,20,level2_status_skip_vertical_blur_bss0p05__pos_1p5_rot_1p0__xyz1p5__ryp1__seed20.csv,True,True,True,0.05,False,9.800544452667232,3,123,True,0.15,3.0
mc_status_skip_full_k3__pos_1p5_rot_1p0__xyz1p5__ryp1__seed20,opencood/pretrained/feaco/generated_mc_status_skip_full_k3__pos_1p5_rot_1p0__xyz1p5__ryp1__seed20,opencood/pretrained/feaco/generated_mc_status_skip_full_k3__pos_1p5_rot_1p0__xyz1p5__ryp1__seed20/config.yaml,mc_status_skip_full_k3,point_pillar_where2comm_our,pos_1p5_rot_1p0,True,1.5,1.0,20,mc_status_skip_full_k3__pos_1p5_rot_1p0__xyz1p5__ryp1__seed20.csv,True,False,True,0.05,True,9.800544452667232,3,123,False,0.15,3.0
feaco_baseline__pos_1p5_rot_2p0__xyz1p5__ryp2__seed20,opencood/pretrained/feaco/generated_feaco_baseline__pos_1p5_rot_2p0__xyz1p5__ryp2__seed20,opencood/pretrained/feaco/generated_feaco_baseline__pos_1p5_rot_2p0__xyz1p5__ryp2__seed20/config.yaml,feaco_baseline,point_pillar_where2comm_feaco,pos_1p5_rot_2p0,True,1.5,2.0,20,feaco_baseline__pos_1p5_rot_2p0__xyz1p5__ryp2__seed20.csv,False,False,True,0.05,False,9.800544452667232,3,123,True,0.15,3.0
level2_status_skip_vertical_blur_bss0p05__pos_1p5_rot_2p0__xyz1p5__ryp2__seed20,opencood/pretrained/feaco/generated_level2_status_skip_vertical_blur_bss0p05__pos_1p5_rot_2p0__xyz1p5__ryp2__seed20,opencood/pretrained/feaco/generated_level2_status_skip_vertical_blur_bss0p05__pos_1p5_rot_2p0__xyz1p5__ryp2__seed20/config.yaml,level2_status_skip_vertical_blur_bss0p05,point_pillar_where2comm_our,pos_1p5_rot_2p0,True,1.5,2.0,20,level2_status_skip_vertical_blur_bss0p05__pos_1p5_rot_2p0__xyz1p5__ryp2__seed20.csv,True,True,True,0.05,False,9.800544452667232,3,123,True,0.15,3.0
mc_status_skip_full_k3__pos_1p5_rot_2p0__xyz1p5__ryp2__seed20,opencood/pretrained/feaco/generated_mc_status_skip_full_k3__pos_1p5_rot_2p0__xyz1p5__ryp2__seed20,opencood/pretrained/feaco/generated_mc_status_skip_full_k3__pos_1p5_rot_2p0__xyz1p5__ryp2__seed20/config.yaml,mc_status_skip_full_k3,point_pillar_where2comm_our,pos_1p5_rot_2p0,True,1.5,2.0,20,mc_status_skip_full_k3__pos_1p5_rot_2p0__xyz1p5__ryp2__seed20.csv,True,False,True,0.05,True,9.800544452667232,3,123,False,0.15,3.0
feaco_baseline__pos_1p5_rot_4p0__xyz1p5__ryp4__seed20,opencood/pretrained/feaco/generated_feaco_baseline__pos_1p5_rot_4p0__xyz1p5__ryp4__seed20,opencood/pretrained/feaco/generated_feaco_baseline__pos_1p5_rot_4p0__xyz1p5__ryp4__seed20/config.yaml,feaco_baseline,point_pillar_where2comm_feaco,pos_1p5_rot_4p0,True,1.5,4.0,20,feaco_baseline__pos_1p5_rot_4p0__xyz1p5__ryp4__seed20.csv,False,False,True,0.05,False,9.800544452667232,3,123,True,0.15,3.0
level2_status_skip_vertical_blur_bss0p05__pos_1p5_rot_4p0__xyz1p5__ryp4__seed20,opencood/pretrained/feaco/generated_level2_status_skip_vertical_blur_bss0p05__pos_1p5_rot_4p0__xyz1p5__ryp4__seed20,opencood/pretrained/feaco/generated_level2_status_skip_vertical_blur_bss0p05__pos_1p5_rot_4p0__xyz1p5__ryp4__seed20/config.yaml,level2_status_skip_vertical_blur_bss0p05,point_pillar_where2comm_our,pos_1p5_rot_4p0,True,1.5,4.0,20,level2_status_skip_vertical_blur_bss0p05__pos_1p5_rot_4p0__xyz1p5__ryp4__seed20.csv,True,True,True,0.05,False,9.800544452667232,3,123,True,0.15,3.0
mc_status_skip_full_k3__pos_1p5_rot_4p0__xyz1p5__ryp4__seed20,opencood/pretrained/feaco/generated_mc_status_skip_full_k3__pos_1p5_rot_4p0__xyz1p5__ryp4__seed20,opencood/pretrained/feaco/generated_mc_status_skip_full_k3__pos_1p5_rot_4p0__xyz1p5__ryp4__seed20/config.yaml,mc_status_skip_full_k3,point_pillar_where2comm_our,pos_1p5_rot_4p0,True,1.5,4.0,20,mc_status_skip_full_k3__pos_1p5_rot_4p0__xyz1p5__ryp4__seed20.csv,True,False,True,0.05,True,9.800544452667232,3,123,False,0.15,3.0
feaco_baseline__pos_1p5_rot_6p0__xyz1p5__ryp6__seed20,opencood/pretrained/feaco/generated_feaco_baseline__pos_1p5_rot_6p0__xyz1p5__ryp6__seed20,opencood/pretrained/feaco/generated_feaco_baseline__pos_1p5_rot_6p0__xyz1p5__ryp6__seed20/config.yaml,feaco_baseline,point_pillar_where2comm_feaco,pos_1p5_rot_6p0,True,1.5,6.0,20,feaco_baseline__pos_1p5_rot_6p0__xyz1p5__ryp6__seed20.csv,False,False,True,0.05,False,9.800544452667232,3,123,True,0.15,3.0
level2_status_skip_vertical_blur_bss0p05__pos_1p5_rot_6p0__xyz1p5__ryp6__seed20,opencood/pretrained/feaco/generated_level2_status_skip_vertical_blur_bss0p05__pos_1p5_rot_6p0__xyz1p5__ryp6__seed20,opencood/pretrained/feaco/generated_level2_status_skip_vertical_blur_bss0p05__pos_1p5_rot_6p0__xyz1p5__ryp6__seed20/config.yaml,level2_status_skip_vertical_blur_bss0p05,point_pillar_where2comm_our,pos_1p5_rot_6p0,True,1.5,6.0,20,level2_status_skip_vertical_blur_bss0p05__pos_1p5_rot_6p0__xyz1p5__ryp6__seed20.csv,True,True,True,0.05,False,9.800544452667232,3,123,True,0.15,3.0
mc_status_skip_full_k3__pos_1p5_rot_6p0__xyz1p5__ryp6__seed20,opencood/pretrained/feaco/generated_mc_status_skip_full_k3__pos_1p5_rot_6p0__xyz1p5__ryp6__seed20,opencood/pretrained/feaco/generated_mc_status_skip_full_k3__pos_1p5_rot_6p0__xyz1p5__ryp6__seed20/config.yaml,mc_status_skip_full_k3,point_pillar_where2comm_our,pos_1p5_rot_6p0,True,1.5,6.0,20,mc_status_skip_full_k3__pos_1p5_rot_6p0__xyz1p5__ryp6__seed20.csv,True,False,True,0.05,True,9.800544452667232,3,123,False,0.15,3.0
feaco_baseline__pos_1p5_rot_8p0__xyz1p5__ryp8__seed20,opencood/pretrained/feaco/generated_feaco_baseline__pos_1p5_rot_8p0__xyz1p5__ryp8__seed20,opencood/pretrained/feaco/generated_feaco_baseline__pos_1p5_rot_8p0__xyz1p5__ryp8__seed20/config.yaml,feaco_baseline,point_pillar_where2comm_feaco,pos_1p5_rot_8p0,True,1.5,8.0,20,feaco_baseline__pos_1p5_rot_8p0__xyz1p5__ryp8__seed20.csv,False,False,True,0.05,False,9.800544452667232,3,123,True,0.15,3.0
level2_status_skip_vertical_blur_bss0p05__pos_1p5_rot_8p0__xyz1p5__ryp8__seed20,opencood/pretrained/feaco/generated_level2_status_skip_vertical_blur_bss0p05__pos_1p5_rot_8p0__xyz1p5__ryp8__seed20,opencood/pretrained/feaco/generated_level2_status_skip_vertical_blur_bss0p05__pos_1p5_rot_8p0__xyz1p5__ryp8__seed20/config.yaml,level2_status_skip_vertical_blur_bss0p05,point_pillar_where2comm_our,pos_1p5_rot_8p0,True,1.5,8.0,20,level2_status_skip_vertical_blur_bss0p05__pos_1p5_rot_8p0__xyz1p5__ryp8__seed20.csv,True,True,True,0.05,False,9.800544452667232,3,123,True,0.15,3.0
mc_status_skip_full_k3__pos_1p5_rot_8p0__xyz1p5__ryp8__seed20,opencood/pretrained/feaco/generated_mc_status_skip_full_k3__pos_1p5_rot_8p0__xyz1p5__ryp8__seed20,opencood/pretrained/feaco/generated_mc_status_skip_full_k3__pos_1p5_rot_8p0__xyz1p5__ryp8__seed20/config.yaml,mc_status_skip_full_k3,point_pillar_where2comm_our,pos_1p5_rot_8p0,True,1.5,8.0,20,mc_status_skip_full_k3__pos_1p5_rot_8p0__xyz1p5__ryp8__seed20.csv,True,False,True,0.05,True,9.800544452667232,3,123,False,0.15,3.0
feaco_baseline__pos_1p5_rot_10p0__xyz1p5__ryp10__seed20,opencood/pretrained/feaco/generated_feaco_baseline__pos_1p5_rot_10p0__xyz1p5__ryp10__seed20,opencood/pretrained/feaco/generated_feaco_baseline__pos_1p5_rot_10p0__xyz1p5__ryp10__seed20/config.yaml,feaco_baseline,point_pillar_where2comm_feaco,pos_1p5_rot_10p0,True,1.5,10.0,20,feaco_baseline__pos_1p5_rot_10p0__xyz1p5__ryp10__seed20.csv,False,False,True,0.05,False,9.800544452667232,3,123,True,0.15,3.0
level2_status_skip_vertical_blur_bss0p05__pos_1p5_rot_10p0__xyz1p5__ryp10__seed20,opencood/pretrained/feaco/generated_level2_status_skip_vertical_blur_bss0p05__pos_1p5_rot_10p0__xyz1p5__ryp10__seed20,opencood/pretrained/feaco/generated_level2_status_skip_vertical_blur_bss0p05__pos_1p5_rot_10p0__xyz1p5__ryp10__seed20/config.yaml,level2_status_skip_vertical_blur_bss0p05,point_pillar_where2comm_our,pos_1p5_rot_10p0,True,1.5,10.0,20,level2_status_skip_vertical_blur_bss0p05__pos_1p5_rot_10p0__xyz1p5__ryp10__seed20.csv,True,True,True,0.05,False,9.800544452667232,3,123,True,0.15,3.0
mc_status_skip_full_k3__pos_1p5_rot_10p0__xyz1p5__ryp10__seed20,opencood/pretrained/feaco/generated_mc_status_skip_full_k3__pos_1p5_rot_10p0__xyz1p5__ryp10__seed20,opencood/pretrained/feaco/generated_mc_status_skip_full_k3__pos_1p5_rot_10p0__xyz1p5__ryp10__seed20/config.yaml,mc_status_skip_full_k3,point_pillar_where2comm_our,pos_1p5_rot_10p0,True,1.5,10.0,20,mc_status_skip_full_k3__pos_1p5_rot_10p0__xyz1p5__ryp10__seed20.csv,True,False,True,0.05,True,9.800544452667232,3,123,False,0.15,3.0
feaco_baseline__pos_1p5_rot_14p0__xyz1p5__ryp14__seed20,opencood/pretrained/feaco/generated_feaco_baseline__pos_1p5_rot_14p0__xyz1p5__ryp14__seed20,opencood/pretrained/feaco/generated_feaco_baseline__pos_1p5_rot_14p0__xyz1p5__ryp14__seed20/config.yaml,feaco_baseline,point_pillar_where2comm_feaco,pos_1p5_rot_14p0,True,1.5,14.0,20,feaco_baseline__pos_1p5_rot_14p0__xyz1p5__ryp14__seed20.csv,False,False,True,0.05,False,9.800544452667232,3,123,True,0.15,3.0
level2_status_skip_vertical_blur_bss0p05__pos_1p5_rot_14p0__xyz1p5__ryp14__seed20,opencood/pretrained/feaco/generated_level2_status_skip_vertical_blur_bss0p05__pos_1p5_rot_14p0__xyz1p5__ryp14__seed20,opencood/pretrained/feaco/generated_level2_status_skip_vertical_blur_bss0p05__pos_1p5_rot_14p0__xyz1p5__ryp14__seed20/config.yaml,level2_status_skip_vertical_blur_bss0p05,point_pillar_where2comm_our,pos_1p5_rot_14p0,True,1.5,14.0,20,level2_status_skip_vertical_blur_bss0p05__pos_1p5_rot_14p0__xyz1p5__ryp14__seed20.csv,True,True,True,0.05,False,9.800544452667232,3,123,True,0.15,3.0
mc_status_skip_full_k3__pos_1p5_rot_14p0__xyz1p5__ryp14__seed20,opencood/pretrained/feaco/generated_mc_status_skip_full_k3__pos_1p5_rot_14p0__xyz1p5__ryp14__seed20,opencood/pretrained/feaco/generated_mc_status_skip_full_k3__pos_1p5_rot_14p0__xyz1p5__ryp14__seed20/config.yaml,mc_status_skip_full_k3,point_pillar_where2comm_our,pos_1p5_rot_14p0,True,1.5,14.0,20,mc_status_skip_full_k3__pos_1p5_rot_14p0__xyz1p5__ryp14__seed20.csv,True,False,True,0.05,True,9.800544452667232,3,123,False,0.15,3.0
feaco_baseline__pos_1p5_rot_18p0__xyz1p5__ryp18__seed20,opencood/pretrained/feaco/generated_feaco_baseline__pos_1p5_rot_18p0__xyz1p5__ryp18__seed20,opencood/pretrained/feaco/generated_feaco_baseline__pos_1p5_rot_18p0__xyz1p5__ryp18__seed20/config.yaml,feaco_baseline,point_pillar_where2comm_feaco,pos_1p5_rot_18p0,True,1.5,18.0,20,feaco_baseline__pos_1p5_rot_18p0__xyz1p5__ryp18__seed20.csv,False,False,True,0.05,False,9.800544452667232,3,123,True,0.15,3.0
level2_status_skip_vertical_blur_bss0p05__pos_1p5_rot_18p0__xyz1p5__ryp18__seed20,opencood/pretrained/feaco/generated_level2_status_skip_vertical_blur_bss0p05__pos_1p5_rot_18p0__xyz1p5__ryp18__seed20,opencood/pretrained/feaco/generated_level2_status_skip_vertical_blur_bss0p05__pos_1p5_rot_18p0__xyz1p5__ryp18__seed20/config.yaml,level2_status_skip_vertical_blur_bss0p05,point_pillar_where2comm_our,pos_1p5_rot_18p0,True,1.5,18.0,20,level2_status_skip_vertical_blur_bss0p05__pos_1p5_rot_18p0__xyz1p5__ryp18__seed20.csv,True,True,True,0.05,False,9.800544452667232,3,123,True,0.15,3.0
mc_status_skip_full_k3__pos_1p5_rot_18p0__xyz1p5__ryp18__seed20,opencood/pretrained/feaco/generated_mc_status_skip_full_k3__pos_1p5_rot_18p0__xyz1p5__ryp18__seed20,opencood/pretrained/feaco/generated_mc_status_skip_full_k3__pos_1p5_rot_18p0__xyz1p5__ryp18__seed20/config.yaml,mc_status_skip_full_k3,point_pillar_where2comm_our,pos_1p5_rot_18p0,True,1.5,18.0,20,mc_status_skip_full_k3__pos_1p5_rot_18p0__xyz1p5__ryp18__seed20.csv,True,False,True,0.05,True,9.800544452667232,3,123,False,0.15,3.0
feaco_baseline__pos_2p0_rot_1p0__xyz2__ryp1__seed20,opencood/pretrained/feaco/generated_feaco_baseline__pos_2p0_rot_1p0__xyz2__ryp1__seed20,opencood/pretrained/feaco/generated_feaco_baseline__pos_2p0_rot_1p0__xyz2__ryp1__seed20/config.yaml,feaco_baseline,point_pillar_where2comm_feaco,pos_2p0_rot_1p0,True,2.0,1.0,20,feaco_baseline__pos_2p0_rot_1p0__xyz2__ryp1__seed20.csv,False,False,True,0.05,False,9.800544452667232,3,123,True,0.15,3.0
level2_status_skip_vertical_blur_bss0p05__pos_2p0_rot_1p0__xyz2__ryp1__seed20,opencood/pretrained/feaco/generated_level2_status_skip_vertical_blur_bss0p05__pos_2p0_rot_1p0__xyz2__ryp1__seed20,opencood/pretrained/feaco/generated_level2_status_skip_vertical_blur_bss0p05__pos_2p0_rot_1p0__xyz2__ryp1__seed20/config.yaml,level2_status_skip_vertical_blur_bss0p05,point_pillar_where2comm_our,pos_2p0_rot_1p0,True,2.0,1.0,20,level2_status_skip_vertical_blur_bss0p05__pos_2p0_rot_1p0__xyz2__ryp1__seed20.csv,True,True,True,0.05,False,9.800544452667232,3,123,True,0.15,3.0
mc_status_skip_full_k3__pos_2p0_rot_1p0__xyz2__ryp1__seed20,opencood/pretrained/feaco/generated_mc_status_skip_full_k3__pos_2p0_rot_1p0__xyz2__ryp1__seed20,opencood/pretrained/feaco/generated_mc_status_skip_full_k3__pos_2p0_rot_1p0__xyz2__ryp1__seed20/config.yaml,mc_status_skip_full_k3,point_pillar_where2comm_our,pos_2p0_rot_1p0,True,2.0,1.0,20,mc_status_skip_full_k3__pos_2p0_rot_1p0__xyz2__ryp1__seed20.csv,True,False,True,0.05,True,9.800544452667232,3,123,False,0.15,3.0
feaco_baseline__pos_2p0_rot_2p0__xyz2__ryp2__seed20,opencood/pretrained/feaco/generated_feaco_baseline__pos_2p0_rot_2p0__xyz2__ryp2__seed20,opencood/pretrained/feaco/generated_feaco_baseline__pos_2p0_rot_2p0__xyz2__ryp2__seed20/config.yaml,feaco_baseline,point_pillar_where2comm_feaco,pos_2p0_rot_2p0,True,2.0,2.0,20,feaco_baseline__pos_2p0_rot_2p0__xyz2__ryp2__seed20.csv,False,False,True,0.05,False,9.800544452667232,3,123,True,0.15,3.0
level2_status_skip_vertical_blur_bss0p05__pos_2p0_rot_2p0__xyz2__ryp2__seed20,opencood/pretrained/feaco/generated_level2_status_skip_vertical_blur_bss0p05__pos_2p0_rot_2p0__xyz2__ryp2__seed20,opencood/pretrained/feaco/generated_level2_status_skip_vertical_blur_bss0p05__pos_2p0_rot_2p0__xyz2__ryp2__seed20/config.yaml,level2_status_skip_vertical_blur_bss0p05,point_pillar_where2comm_our,pos_2p0_rot_2p0,True,2.0,2.0,20,level2_status_skip_vertical_blur_bss0p05__pos_2p0_rot_2p0__xyz2__ryp2__seed20.csv,True,True,True,0.05,False,9.800544452667232,3,123,True,0.15,3.0
mc_status_skip_full_k3__pos_2p0_rot_2p0__xyz2__ryp2__seed20,opencood/pretrained/feaco/generated_mc_status_skip_full_k3__pos_2p0_rot_2p0__xyz2__ryp2__seed20,opencood/pretrained/feaco/generated_mc_status_skip_full_k3__pos_2p0_rot_2p0__xyz2__ryp2__seed20/config.yaml,mc_status_skip_full_k3,point_pillar_where2comm_our,pos_2p0_rot_2p0,True,2.0,2.0,20,mc_status_skip_full_k3__pos_2p0_rot_2p0__xyz2__ryp2__seed20.csv,True,False,True,0.05,True,9.800544452667232,3,123,False,0.15,3.0
feaco_baseline__pos_2p0_rot_4p0__xyz2__ryp4__seed20,opencood/pretrained/feaco/generated_feaco_baseline__pos_2p0_rot_4p0__xyz2__ryp4__seed20,opencood/pretrained/feaco/generated_feaco_baseline__pos_2p0_rot_4p0__xyz2__ryp4__seed20/config.yaml,feaco_baseline,point_pillar_where2comm_feaco,pos_2p0_rot_4p0,True,2.0,4.0,20,feaco_baseline__pos_2p0_rot_4p0__xyz2__ryp4__seed20.csv,False,False,True,0.05,False,9.800544452667232,3,123,True,0.15,3.0
level2_status_skip_vertical_blur_bss0p05__pos_2p0_rot_4p0__xyz2__ryp4__seed20,opencood/pretrained/feaco/generated_level2_status_skip_vertical_blur_bss0p05__pos_2p0_rot_4p0__xyz2__ryp4__seed20,opencood/pretrained/feaco/generated_level2_status_skip_vertical_blur_bss0p05__pos_2p0_rot_4p0__xyz2__ryp4__seed20/config.yaml,level2_status_skip_vertical_blur_bss0p05,point_pillar_where2comm_our,pos_2p0_rot_4p0,True,2.0,4.0,20,level2_status_skip_vertical_blur_bss0p05__pos_2p0_rot_4p0__xyz2__ryp4__seed20.csv,True,True,True,0.05,False,9.800544452667232,3,123,True,0.15,3.0
mc_status_skip_full_k3__pos_2p0_rot_4p0__xyz2__ryp4__seed20,opencood/pretrained/feaco/generated_mc_status_skip_full_k3__pos_2p0_rot_4p0__xyz2__ryp4__seed20,opencood/pretrained/feaco/generated_mc_status_skip_full_k3__pos_2p0_rot_4p0__xyz2__ryp4__seed20/config.yaml,mc_status_skip_full_k3,point_pillar_where2comm_our,pos_2p0_rot_4p0,True,2.0,4.0,20,mc_status_skip_full_k3__pos_2p0_rot_4p0__xyz2__ryp4__seed20.csv,True,False,True,0.05,True,9.800544452667232,3,123,False,0.15,3.0
feaco_baseline__pos_2p0_rot_6p0__xyz2__ryp6__seed20,opencood/pretrained/feaco/generated_feaco_baseline__pos_2p0_rot_6p0__xyz2__ryp6__seed20,opencood/pretrained/feaco/generated_feaco_baseline__pos_2p0_rot_6p0__xyz2__ryp6__seed20/config.yaml,feaco_baseline,point_pillar_where2comm_feaco,pos_2p0_rot_6p0,True,2.0,6.0,20,feaco_baseline__pos_2p0_rot_6p0__xyz2__ryp6__seed20.csv,False,False,True,0.05,False,9.800544452667232,3,123,True,0.15,3.0
level2_status_skip_vertical_blur_bss0p05__pos_2p0_rot_6p0__xyz2__ryp6__seed20,opencood/pretrained/feaco/generated_level2_status_skip_vertical_blur_bss0p05__pos_2p0_rot_6p0__xyz2__ryp6__seed20,opencood/pretrained/feaco/generated_level2_status_skip_vertical_blur_bss0p05__pos_2p0_rot_6p0__xyz2__ryp6__seed20/config.yaml,level2_status_skip_vertical_blur_bss0p05,point_pillar_where2comm_our,pos_2p0_rot_6p0,True,2.0,6.0,20,level2_status_skip_vertical_blur_bss0p05__pos_2p0_rot_6p0__xyz2__ryp6__seed20.csv,True,True,True,0.05,False,9.800544452667232,3,123,True,0.15,3.0
mc_status_skip_full_k3__pos_2p0_rot_6p0__xyz2__ryp6__seed20,opencood/pretrained/feaco/generated_mc_status_skip_full_k3__pos_2p0_rot_6p0__xyz2__ryp6__seed20,opencood/pretrained/feaco/generated_mc_status_skip_full_k3__pos_2p0_rot_6p0__xyz2__ryp6__seed20/config.yaml,mc_status_skip_full_k3,point_pillar_where2comm_our,pos_2p0_rot_6p0,True,2.0,6.0,20,mc_status_skip_full_k3__pos_2p0_rot_6p0__xyz2__ryp6__seed20.csv,True,False,True,0.05,True,9.800544452667232,3,123,False,0.15,3.0
feaco_baseline__pos_2p0_rot_8p0__xyz2__ryp8__seed20,opencood/pretrained/feaco/generated_feaco_baseline__pos_2p0_rot_8p0__xyz2__ryp8__seed20,opencood/pretrained/feaco/generated_feaco_baseline__pos_2p0_rot_8p0__xyz2__ryp8__seed20/config.yaml,feaco_baseline,point_pillar_where2comm_feaco,pos_2p0_rot_8p0,True,2.0,8.0,20,feaco_baseline__pos_2p0_rot_8p0__xyz2__ryp8__seed20.csv,False,False,True,0.05,False,9.800544452667232,3,123,True,0.15,3.0
level2_status_skip_vertical_blur_bss0p05__pos_2p0_rot_8p0__xyz2__ryp8__seed20,opencood/pretrained/feaco/generated_level2_status_skip_vertical_blur_bss0p05__pos_2p0_rot_8p0__xyz2__ryp8__seed20,opencood/pretrained/feaco/generated_level2_status_skip_vertical_blur_bss0p05__pos_2p0_rot_8p0__xyz2__ryp8__seed20/config.yaml,level2_status_skip_vertical_blur_bss0p05,point_pillar_where2comm_our,pos_2p0_rot_8p0,True,2.0,8.0,20,level2_status_skip_vertical_blur_bss0p05__pos_2p0_rot_8p0__xyz2__ryp8__seed20.csv,True,True,True,0.05,False,9.800544452667232,3,123,True,0.15,3.0
mc_status_skip_full_k3__pos_2p0_rot_8p0__xyz2__ryp8__seed20,opencood/pretrained/feaco/generated_mc_status_skip_full_k3__pos_2p0_rot_8p0__xyz2__ryp8__seed20,opencood/pretrained/feaco/generated_mc_status_skip_full_k3__pos_2p0_rot_8p0__xyz2__ryp8__seed20/config.yaml,mc_status_skip_full_k3,point_pillar_where2comm_our,pos_2p0_rot_8p0,True,2.0,8.0,20,mc_status_skip_full_k3__pos_2p0_rot_8p0__xyz2__ryp8__seed20.csv,True,False,True,0.05,True,9.800544452667232,3,123,False,0.15,3.0
feaco_baseline__pos_2p0_rot_10p0__xyz2__ryp10__seed20,opencood/pretrained/feaco/generated_feaco_baseline__pos_2p0_rot_10p0__xyz2__ryp10__seed20,opencood/pretrained/feaco/generated_feaco_baseline__pos_2p0_rot_10p0__xyz2__ryp10__seed20/config.yaml,feaco_baseline,point_pillar_where2comm_feaco,pos_2p0_rot_10p0,True,2.0,10.0,20,feaco_baseline__pos_2p0_rot_10p0__xyz2__ryp10__seed20.csv,False,False,True,0.05,False,9.800544452667232,3,123,True,0.15,3.0
level2_status_skip_vertical_blur_bss0p05__pos_2p0_rot_10p0__xyz2__ryp10__seed20,opencood/pretrained/feaco/generated_level2_status_skip_vertical_blur_bss0p05__pos_2p0_rot_10p0__xyz2__ryp10__seed20,opencood/pretrained/feaco/generated_level2_status_skip_vertical_blur_bss0p05__pos_2p0_rot_10p0__xyz2__ryp10__seed20/config.yaml,level2_status_skip_vertical_blur_bss0p05,point_pillar_where2comm_our,pos_2p0_rot_10p0,True,2.0,10.0,20,level2_status_skip_vertical_blur_bss0p05__pos_2p0_rot_10p0__xyz2__ryp10__seed20.csv,True,True,True,0.05,False,9.800544452667232,3,123,True,0.15,3.0
mc_status_skip_full_k3__pos_2p0_rot_10p0__xyz2__ryp10__seed20,opencood/pretrained/feaco/generated_mc_status_skip_full_k3__pos_2p0_rot_10p0__xyz2__ryp10__seed20,opencood/pretrained/feaco/generated_mc_status_skip_full_k3__pos_2p0_rot_10p0__xyz2__ryp10__seed20/config.yaml,mc_status_skip_full_k3,point_pillar_where2comm_our,pos_2p0_rot_10p0,True,2.0,10.0,20,mc_status_skip_full_k3__pos_2p0_rot_10p0__xyz2__ryp10__seed20.csv,True,False,True,0.05,True,9.800544452667232,3,123,False,0.15,3.0
feaco_baseline__pos_2p0_rot_14p0__xyz2__ryp14__seed20,opencood/pretrained/feaco/generated_feaco_baseline__pos_2p0_rot_14p0__xyz2__ryp14__seed20,opencood/pretrained/feaco/generated_feaco_baseline__pos_2p0_rot_14p0__xyz2__ryp14__seed20/config.yaml,feaco_baseline,point_pillar_where2comm_feaco,pos_2p0_rot_14p0,True,2.0,14.0,20,feaco_baseline__pos_2p0_rot_14p0__xyz2__ryp14__seed20.csv,False,False,True,0.05,False,9.800544452667232,3,123,True,0.15,3.0
level2_status_skip_vertical_blur_bss0p05__pos_2p0_rot_14p0__xyz2__ryp14__seed20,opencood/pretrained/feaco/generated_level2_status_skip_vertical_blur_bss0p05__pos_2p0_rot_14p0__xyz2__ryp14__seed20,opencood/pretrained/feaco/generated_level2_status_skip_vertical_blur_bss0p05__pos_2p0_rot_14p0__xyz2__ryp14__seed20/config.yaml,level2_status_skip_vertical_blur_bss0p05,point_pillar_where2comm_our,pos_2p0_rot_14p0,True,2.0,14.0,20,level2_status_skip_vertical_blur_bss0p05__pos_2p0_rot_14p0__xyz2__ryp14__seed20.csv,True,True,True,0.05,False,9.800544452667232,3,123,True,0.15,3.0
mc_status_skip_full_k3__pos_2p0_rot_14p0__xyz2__ryp14__seed20,opencood/pretrained/feaco/generated_mc_status_skip_full_k3__pos_2p0_rot_14p0__xyz2__ryp14__seed20,opencood/pretrained/feaco/generated_mc_status_skip_full_k3__pos_2p0_rot_14p0__xyz2__ryp14__seed20/config.yaml,mc_status_skip_full_k3,point_pillar_where2comm_our,pos_2p0_rot_14p0,True,2.0,14.0,20,mc_status_skip_full_k3__pos_2p0_rot_14p0__xyz2__ryp14__seed20.csv,True,False,True,0.05,True,9.800544452667232,3,123,False,0.15,3.0
feaco_baseline__pos_2p0_rot_18p0__xyz2__ryp18__seed20,opencood/pretrained/feaco/generated_feaco_baseline__pos_2p0_rot_18p0__xyz2__ryp18__seed20,opencood/pretrained/feaco/generated_feaco_baseline__pos_2p0_rot_18p0__xyz2__ryp18__seed20/config.yaml,feaco_baseline,point_pillar_where2comm_feaco,pos_2p0_rot_18p0,True,2.0,18.0,20,feaco_baseline__pos_2p0_rot_18p0__xyz2__ryp18__seed20.csv,False,False,True,0.05,False,9.800544452667232,3,123,True,0.15,3.0
level2_status_skip_vertical_blur_bss0p05__pos_2p0_rot_18p0__xyz2__ryp18__seed20,opencood/pretrained/feaco/generated_level2_status_skip_vertical_blur_bss0p05__pos_2p0_rot_18p0__xyz2__ryp18__seed20,opencood/pretrained/feaco/generated_level2_status_skip_vertical_blur_bss0p05__pos_2p0_rot_18p0__xyz2__ryp18__seed20/config.yaml,level2_status_skip_vertical_blur_bss0p05,point_pillar_where2comm_our,pos_2p0_rot_18p0,True,2.0,18.0,20,level2_status_skip_vertical_blur_bss0p05__pos_2p0_rot_18p0__xyz2__ryp18__seed20.csv,True,True,True,0.05,False,9.800544452667232,3,123,True,0.15,3.0
mc_status_skip_full_k3__pos_2p0_rot_18p0__xyz2__ryp18__seed20,opencood/pretrained/feaco/generated_mc_status_skip_full_k3__pos_2p0_rot_18p0__xyz2__ryp18__seed20,opencood/pretrained/feaco/generated_mc_status_skip_full_k3__pos_2p0_rot_18p0__xyz2__ryp18__seed20/config.yaml,mc_status_skip_full_k3,point_pillar_where2comm_our,pos_2p0_rot_18p0,True,2.0,18.0,20,mc_status_skip_full_k3__pos_2p0_rot_18p0__xyz2__ryp18__seed20.csv,True,False,True,0.05,True,9.800544452667232,3,123,False,0.15,3.0
feaco_baseline__pos_3p0_rot_1p0__xyz3__ryp1__seed20,opencood/pretrained/feaco/generated_feaco_baseline__pos_3p0_rot_1p0__xyz3__ryp1__seed20,opencood/pretrained/feaco/generated_feaco_baseline__pos_3p0_rot_1p0__xyz3__ryp1__seed20/config.yaml,feaco_baseline,point_pillar_where2comm_feaco,pos_3p0_rot_1p0,True,3.0,1.0,20,feaco_baseline__pos_3p0_rot_1p0__xyz3__ryp1__seed20.csv,False,False,True,0.05,False,9.800544452667232,3,123,True,0.15,3.0
level2_status_skip_vertical_blur_bss0p05__pos_3p0_rot_1p0__xyz3__ryp1__seed20,opencood/pretrained/feaco/generated_level2_status_skip_vertical_blur_bss0p05__pos_3p0_rot_1p0__xyz3__ryp1__seed20,opencood/pretrained/feaco/generated_level2_status_skip_vertical_blur_bss0p05__pos_3p0_rot_1p0__xyz3__ryp1__seed20/config.yaml,level2_status_skip_vertical_blur_bss0p05,point_pillar_where2comm_our,pos_3p0_rot_1p0,True,3.0,1.0,20,level2_status_skip_vertical_blur_bss0p05__pos_3p0_rot_1p0__xyz3__ryp1__seed20.csv,True,True,True,0.05,False,9.800544452667232,3,123,True,0.15,3.0
mc_status_skip_full_k3__pos_3p0_rot_1p0__xyz3__ryp1__seed20,opencood/pretrained/feaco/generated_mc_status_skip_full_k3__pos_3p0_rot_1p0__xyz3__ryp1__seed20,opencood/pretrained/feaco/generated_mc_status_skip_full_k3__pos_3p0_rot_1p0__xyz3__ryp1__seed20/config.yaml,mc_status_skip_full_k3,point_pillar_where2comm_our,pos_3p0_rot_1p0,True,3.0,1.0,20,mc_status_skip_full_k3__pos_3p0_rot_1p0__xyz3__ryp1__seed20.csv,True,False,True,0.05,True,9.800544452667232,3,123,False,0.15,3.0
feaco_baseline__pos_3p0_rot_2p0__xyz3__ryp2__seed20,opencood/pretrained/feaco/generated_feaco_baseline__pos_3p0_rot_2p0__xyz3__ryp2__seed20,opencood/pretrained/feaco/generated_feaco_baseline__pos_3p0_rot_2p0__xyz3__ryp2__seed20/config.yaml,feaco_baseline,point_pillar_where2comm_feaco,pos_3p0_rot_2p0,True,3.0,2.0,20,feaco_baseline__pos_3p0_rot_2p0__xyz3__ryp2__seed20.csv,False,False,True,0.05,False,9.800544452667232,3,123,True,0.15,3.0
level2_status_skip_vertical_blur_bss0p05__pos_3p0_rot_2p0__xyz3__ryp2__seed20,opencood/pretrained/feaco/generated_level2_status_skip_vertical_blur_bss0p05__pos_3p0_rot_2p0__xyz3__ryp2__seed20,opencood/pretrained/feaco/generated_level2_status_skip_vertical_blur_bss0p05__pos_3p0_rot_2p0__xyz3__ryp2__seed20/config.yaml,level2_status_skip_vertical_blur_bss0p05,point_pillar_where2comm_our,pos_3p0_rot_2p0,True,3.0,2.0,20,level2_status_skip_vertical_blur_bss0p05__pos_3p0_rot_2p0__xyz3__ryp2__seed20.csv,True,True,True,0.05,False,9.800544452667232,3,123,True,0.15,3.0
mc_status_skip_full_k3__pos_3p0_rot_2p0__xyz3__ryp2__seed20,opencood/pretrained/feaco/generated_mc_status_skip_full_k3__pos_3p0_rot_2p0__xyz3__ryp2__seed20,opencood/pretrained/feaco/generated_mc_status_skip_full_k3__pos_3p0_rot_2p0__xyz3__ryp2__seed20/config.yaml,mc_status_skip_full_k3,point_pillar_where2comm_our,pos_3p0_rot_2p0,True,3.0,2.0,20,mc_status_skip_full_k3__pos_3p0_rot_2p0__xyz3__ryp2__seed20.csv,True,False,True,0.05,True,9.800544452667232,3,123,False,0.15,3.0
feaco_baseline__pos_3p0_rot_4p0__xyz3__ryp4__seed20,opencood/pretrained/feaco/generated_feaco_baseline__pos_3p0_rot_4p0__xyz3__ryp4__seed20,opencood/pretrained/feaco/generated_feaco_baseline__pos_3p0_rot_4p0__xyz3__ryp4__seed20/config.yaml,feaco_baseline,point_pillar_where2comm_feaco,pos_3p0_rot_4p0,True,3.0,4.0,20,feaco_baseline__pos_3p0_rot_4p0__xyz3__ryp4__seed20.csv,False,False,True,0.05,False,9.800544452667232,3,123,True,0.15,3.0
level2_status_skip_vertical_blur_bss0p05__pos_3p0_rot_4p0__xyz3__ryp4__seed20,opencood/pretrained/feaco/generated_level2_status_skip_vertical_blur_bss0p05__pos_3p0_rot_4p0__xyz3__ryp4__seed20,opencood/pretrained/feaco/generated_level2_status_skip_vertical_blur_bss0p05__pos_3p0_rot_4p0__xyz3__ryp4__seed20/config.yaml,level2_status_skip_vertical_blur_bss0p05,point_pillar_where2comm_our,pos_3p0_rot_4p0,True,3.0,4.0,20,level2_status_skip_vertical_blur_bss0p05__pos_3p0_rot_4p0__xyz3__ryp4__seed20.csv,True,True,True,0.05,False,9.800544452667232,3,123,True,0.15,3.0
mc_status_skip_full_k3__pos_3p0_rot_4p0__xyz3__ryp4__seed20,opencood/pretrained/feaco/generated_mc_status_skip_full_k3__pos_3p0_rot_4p0__xyz3__ryp4__seed20,opencood/pretrained/feaco/generated_mc_status_skip_full_k3__pos_3p0_rot_4p0__xyz3__ryp4__seed20/config.yaml,mc_status_skip_full_k3,point_pillar_where2comm_our,pos_3p0_rot_4p0,True,3.0,4.0,20,mc_status_skip_full_k3__pos_3p0_rot_4p0__xyz3__ryp4__seed20.csv,True,False,True,0.05,True,9.800544452667232,3,123,False,0.15,3.0
feaco_baseline__pos_3p0_rot_6p0__xyz3__ryp6__seed20,opencood/pretrained/feaco/generated_feaco_baseline__pos_3p0_rot_6p0__xyz3__ryp6__seed20,opencood/pretrained/feaco/generated_feaco_baseline__pos_3p0_rot_6p0__xyz3__ryp6__seed20/config.yaml,feaco_baseline,point_pillar_where2comm_feaco,pos_3p0_rot_6p0,True,3.0,6.0,20,feaco_baseline__pos_3p0_rot_6p0__xyz3__ryp6__seed20.csv,False,False,True,0.05,False,9.800544452667232,3,123,True,0.15,3.0
level2_status_skip_vertical_blur_bss0p05__pos_3p0_rot_6p0__xyz3__ryp6__seed20,opencood/pretrained/feaco/generated_level2_status_skip_vertical_blur_bss0p05__pos_3p0_rot_6p0__xyz3__ryp6__seed20,opencood/pretrained/feaco/generated_level2_status_skip_vertical_blur_bss0p05__pos_3p0_rot_6p0__xyz3__ryp6__seed20/config.yaml,level2_status_skip_vertical_blur_bss0p05,point_pillar_where2comm_our,pos_3p0_rot_6p0,True,3.0,6.0,20,level2_status_skip_vertical_blur_bss0p05__pos_3p0_rot_6p0__xyz3__ryp6__seed20.csv,True,True,True,0.05,False,9.800544452667232,3,123,True,0.15,3.0
mc_status_skip_full_k3__pos_3p0_rot_6p0__xyz3__ryp6__seed20,opencood/pretrained/feaco/generated_mc_status_skip_full_k3__pos_3p0_rot_6p0__xyz3__ryp6__seed20,opencood/pretrained/feaco/generated_mc_status_skip_full_k3__pos_3p0_rot_6p0__xyz3__ryp6__seed20/config.yaml,mc_status_skip_full_k3,point_pillar_where2comm_our,pos_3p0_rot_6p0,True,3.0,6.0,20,mc_status_skip_full_k3__pos_3p0_rot_6p0__xyz3__ryp6__seed20.csv,True,False,True,0.05,True,9.800544452667232,3,123,False,0.15,3.0
feaco_baseline__pos_3p0_rot_8p0__xyz3__ryp8__seed20,opencood/pretrained/feaco/generated_feaco_baseline__pos_3p0_rot_8p0__xyz3__ryp8__seed20,opencood/pretrained/feaco/generated_feaco_baseline__pos_3p0_rot_8p0__xyz3__ryp8__seed20/config.yaml,feaco_baseline,point_pillar_where2comm_feaco,pos_3p0_rot_8p0,True,3.0,8.0,20,feaco_baseline__pos_3p0_rot_8p0__xyz3__ryp8__seed20.csv,False,False,True,0.05,False,9.800544452667232,3,123,True,0.15,3.0
level2_status_skip_vertical_blur_bss0p05__pos_3p0_rot_8p0__xyz3__ryp8__seed20,opencood/pretrained/feaco/generated_level2_status_skip_vertical_blur_bss0p05__pos_3p0_rot_8p0__xyz3__ryp8__seed20,opencood/pretrained/feaco/generated_level2_status_skip_vertical_blur_bss0p05__pos_3p0_rot_8p0__xyz3__ryp8__seed20/config.yaml,level2_status_skip_vertical_blur_bss0p05,point_pillar_where2comm_our,pos_3p0_rot_8p0,True,3.0,8.0,20,level2_status_skip_vertical_blur_bss0p05__pos_3p0_rot_8p0__xyz3__ryp8__seed20.csv,True,True,True,0.05,False,9.800544452667232,3,123,True,0.15,3.0
mc_status_skip_full_k3__pos_3p0_rot_8p0__xyz3__ryp8__seed20,opencood/pretrained/feaco/generated_mc_status_skip_full_k3__pos_3p0_rot_8p0__xyz3__ryp8__seed20,opencood/pretrained/feaco/generated_mc_status_skip_full_k3__pos_3p0_rot_8p0__xyz3__ryp8__seed20/config.yaml,mc_status_skip_full_k3,point_pillar_where2comm_our,pos_3p0_rot_8p0,True,3.0,8.0,20,mc_status_skip_full_k3__pos_3p0_rot_8p0__xyz3__ryp8__seed20.csv,True,False,True,0.05,True,9.800544452667232,3,123,False,0.15,3.0
feaco_baseline__pos_3p0_rot_10p0__xyz3__ryp10__seed20,opencood/pretrained/feaco/generated_feaco_baseline__pos_3p0_rot_10p0__xyz3__ryp10__seed20,opencood/pretrained/feaco/generated_feaco_baseline__pos_3p0_rot_10p0__xyz3__ryp10__seed20/config.yaml,feaco_baseline,point_pillar_where2comm_feaco,pos_3p0_rot_10p0,True,3.0,10.0,20,feaco_baseline__pos_3p0_rot_10p0__xyz3__ryp10__seed20.csv,False,False,True,0.05,False,9.800544452667232,3,123,True,0.15,3.0
level2_status_skip_vertical_blur_bss0p05__pos_3p0_rot_10p0__xyz3__ryp10__seed20,opencood/pretrained/feaco/generated_level2_status_skip_vertical_blur_bss0p05__pos_3p0_rot_10p0__xyz3__ryp10__seed20,opencood/pretrained/feaco/generated_level2_status_skip_vertical_blur_bss0p05__pos_3p0_rot_10p0__xyz3__ryp10__seed20/config.yaml,level2_status_skip_vertical_blur_bss0p05,point_pillar_where2comm_our,pos_3p0_rot_10p0,True,3.0,10.0,20,level2_status_skip_vertical_blur_bss0p05__pos_3p0_rot_10p0__xyz3__ryp10__seed20.csv,True,True,True,0.05,False,9.800544452667232,3,123,True,0.15,3.0
mc_status_skip_full_k3__pos_3p0_rot_10p0__xyz3__ryp10__seed20,opencood/pretrained/feaco/generated_mc_status_skip_full_k3__pos_3p0_rot_10p0__xyz3__ryp10__seed20,opencood/pretrained/feaco/generated_mc_status_skip_full_k3__pos_3p0_rot_10p0__xyz3__ryp10__seed20/config.yaml,mc_status_skip_full_k3,point_pillar_where2comm_our,pos_3p0_rot_10p0,True,3.0,10.0,20,mc_status_skip_full_k3__pos_3p0_rot_10p0__xyz3__ryp10__seed20.csv,True,False,True,0.05,True,9.800544452667232,3,123,False,0.15,3.0
feaco_baseline__pos_3p0_rot_14p0__xyz3__ryp14__seed20,opencood/pretrained/feaco/generated_feaco_baseline__pos_3p0_rot_14p0__xyz3__ryp14__seed20,opencood/pretrained/feaco/generated_feaco_baseline__pos_3p0_rot_14p0__xyz3__ryp14__seed20/config.yaml,feaco_baseline,point_pillar_where2comm_feaco,pos_3p0_rot_14p0,True,3.0,14.0,20,feaco_baseline__pos_3p0_rot_14p0__xyz3__ryp14__seed20.csv,False,False,True,0.05,False,9.800544452667232,3,123,True,0.15,3.0
level2_status_skip_vertical_blur_bss0p05__pos_3p0_rot_14p0__xyz3__ryp14__seed20,opencood/pretrained/feaco/generated_level2_status_skip_vertical_blur_bss0p05__pos_3p0_rot_14p0__xyz3__ryp14__seed20,opencood/pretrained/feaco/generated_level2_status_skip_vertical_blur_bss0p05__pos_3p0_rot_14p0__xyz3__ryp14__seed20/config.yaml,level2_status_skip_vertical_blur_bss0p05,point_pillar_where2comm_our,pos_3p0_rot_14p0,True,3.0,14.0,20,level2_status_skip_vertical_blur_bss0p05__pos_3p0_rot_14p0__xyz3__ryp14__seed20.csv,True,True,True,0.05,False,9.800544452667232,3,123,True,0.15,3.0
mc_status_skip_full_k3__pos_3p0_rot_14p0__xyz3__ryp14__seed20,opencood/pretrained/feaco/generated_mc_status_skip_full_k3__pos_3p0_rot_14p0__xyz3__ryp14__seed20,opencood/pretrained/feaco/generated_mc_status_skip_full_k3__pos_3p0_rot_14p0__xyz3__ryp14__seed20/config.yaml,mc_status_skip_full_k3,point_pillar_where2comm_our,pos_3p0_rot_14p0,True,3.0,14.0,20,mc_status_skip_full_k3__pos_3p0_rot_14p0__xyz3__ryp14__seed20.csv,True,False,True,0.05,True,9.800544452667232,3,123,False,0.15,3.0
feaco_baseline__pos_3p0_rot_18p0__xyz3__ryp18__seed20,opencood/pretrained/feaco/generated_feaco_baseline__pos_3p0_rot_18p0__xyz3__ryp18__seed20,opencood/pretrained/feaco/generated_feaco_baseline__pos_3p0_rot_18p0__xyz3__ryp18__seed20/config.yaml,feaco_baseline,point_pillar_where2comm_feaco,pos_3p0_rot_18p0,True,3.0,18.0,20,feaco_baseline__pos_3p0_rot_18p0__xyz3__ryp18__seed20.csv,False,False,True,0.05,False,9.800544452667232,3,123,True,0.15,3.0
level2_status_skip_vertical_blur_bss0p05__pos_3p0_rot_18p0__xyz3__ryp18__seed20,opencood/pretrained/feaco/generated_level2_status_skip_vertical_blur_bss0p05__pos_3p0_rot_18p0__xyz3__ryp18__seed20,opencood/pretrained/feaco/generated_level2_status_skip_vertical_blur_bss0p05__pos_3p0_rot_18p0__xyz3__ryp18__seed20/config.yaml,level2_status_skip_vertical_blur_bss0p05,point_pillar_where2comm_our,pos_3p0_rot_18p0,True,3.0,18.0,20,level2_status_skip_vertical_blur_bss0p05__pos_3p0_rot_18p0__xyz3__ryp18__seed20.csv,True,True,True,0.05,False,9.800544452667232,3,123,True,0.15,3.0
mc_status_skip_full_k3__pos_3p0_rot_18p0__xyz3__ryp18__seed20,opencood/pretrained/feaco/generated_mc_status_skip_full_k3__pos_3p0_rot_18p0__xyz3__ryp18__seed20,opencood/pretrained/feaco/generated_mc_status_skip_full_k3__pos_3p0_rot_18p0__xyz3__ryp18__seed20/config.yaml,mc_status_skip_full_k3,point_pillar_where2comm_our,pos_3p0_rot_18p0,True,3.0,18.0,20,mc_status_skip_full_k3__pos_3p0_rot_18p0__xyz3__ryp18__seed20.csv,True,False,True,0.05,True,9.800544452667232,3,123,False,0.15,3.0
feaco_baseline__pos_only_0p2__xyz0p2__ryp0__seed20,opencood/pretrained/feaco/generated_feaco_baseline__pos_only_0p2__xyz0p2__ryp0__seed20,opencood/pretrained/feaco/generated_feaco_baseline__pos_only_0p2__xyz0p2__ryp0__seed20/config.yaml,feaco_baseline,point_pillar_where2comm_feaco,pos_only_0p2,True,0.2,0.0,20,feaco_baseline__pos_only_0p2__xyz0p2__ryp0__seed20.csv,False,False,True,0.05,False,9.800544452667232,3,123,True,0.15,3.0
level2_status_skip_vertical_blur_bss0p05__pos_only_0p2__xyz0p2__ryp0__seed20,opencood/pretrained/feaco/generated_level2_status_skip_vertical_blur_bss0p05__pos_only_0p2__xyz0p2__ryp0__seed20,opencood/pretrained/feaco/generated_level2_status_skip_vertical_blur_bss0p05__pos_only_0p2__xyz0p2__ryp0__seed20/config.yaml,level2_status_skip_vertical_blur_bss0p05,point_pillar_where2comm_our,pos_only_0p2,True,0.2,0.0,20,level2_status_skip_vertical_blur_bss0p05__pos_only_0p2__xyz0p2__ryp0__seed20.csv,True,True,True,0.05,False,9.800544452667232,3,123,True,0.15,3.0
mc_status_skip_full_k3__pos_only_0p2__xyz0p2__ryp0__seed20,opencood/pretrained/feaco/generated_mc_status_skip_full_k3__pos_only_0p2__xyz0p2__ryp0__seed20,opencood/pretrained/feaco/generated_mc_status_skip_full_k3__pos_only_0p2__xyz0p2__ryp0__seed20/config.yaml,mc_status_skip_full_k3,point_pillar_where2comm_our,pos_only_0p2,True,0.2,0.0,20,mc_status_skip_full_k3__pos_only_0p2__xyz0p2__ryp0__seed20.csv,True,False,True,0.05,True,9.800544452667232,3,123,False,0.15,3.0
feaco_baseline__pos_only_0p5__xyz0p5__ryp0__seed20,opencood/pretrained/feaco/generated_feaco_baseline__pos_only_0p5__xyz0p5__ryp0__seed20,opencood/pretrained/feaco/generated_feaco_baseline__pos_only_0p5__xyz0p5__ryp0__seed20/config.yaml,feaco_baseline,point_pillar_where2comm_feaco,pos_only_0p5,True,0.5,0.0,20,feaco_baseline__pos_only_0p5__xyz0p5__ryp0__seed20.csv,False,False,True,0.05,False,9.800544452667232,3,123,True,0.15,3.0
level2_status_skip_vertical_blur_bss0p05__pos_only_0p5__xyz0p5__ryp0__seed20,opencood/pretrained/feaco/generated_level2_status_skip_vertical_blur_bss0p05__pos_only_0p5__xyz0p5__ryp0__seed20,opencood/pretrained/feaco/generated_level2_status_skip_vertical_blur_bss0p05__pos_only_0p5__xyz0p5__ryp0__seed20/config.yaml,level2_status_skip_vertical_blur_bss0p05,point_pillar_where2comm_our,pos_only_0p5,True,0.5,0.0,20,level2_status_skip_vertical_blur_bss0p05__pos_only_0p5__xyz0p5__ryp0__seed20.csv,True,True,True,0.05,False,9.800544452667232,3,123,True,0.15,3.0
mc_status_skip_full_k3__pos_only_0p5__xyz0p5__ryp0__seed20,opencood/pretrained/feaco/generated_mc_status_skip_full_k3__pos_only_0p5__xyz0p5__ryp0__seed20,opencood/pretrained/feaco/generated_mc_status_skip_full_k3__pos_only_0p5__xyz0p5__ryp0__seed20/config.yaml,mc_status_skip_full_k3,point_pillar_where2comm_our,pos_only_0p5,True,0.5,0.0,20,mc_status_skip_full_k3__pos_only_0p5__xyz0p5__ryp0__seed20.csv,True,False,True,0.05,True,9.800544452667232,3,123,False,0.15,3.0
feaco_baseline__pos_only_1p0__xyz1__ryp0__seed20,opencood/pretrained/feaco/generated_feaco_baseline__pos_only_1p0__xyz1__ryp0__seed20,opencood/pretrained/feaco/generated_feaco_baseline__pos_only_1p0__xyz1__ryp0__seed20/config.yaml,feaco_baseline,point_pillar_where2comm_feaco,pos_only_1p0,True,1.0,0.0,20,feaco_baseline__pos_only_1p0__xyz1__ryp0__seed20.csv,False,False,True,0.05,False,9.800544452667232,3,123,True,0.15,3.0
level2_status_skip_vertical_blur_bss0p05__pos_only_1p0__xyz1__ryp0__seed20,opencood/pretrained/feaco/generated_level2_status_skip_vertical_blur_bss0p05__pos_only_1p0__xyz1__ryp0__seed20,opencood/pretrained/feaco/generated_level2_status_skip_vertical_blur_bss0p05__pos_only_1p0__xyz1__ryp0__seed20/config.yaml,level2_status_skip_vertical_blur_bss0p05,point_pillar_where2comm_our,pos_only_1p0,True,1.0,0.0,20,level2_status_skip_vertical_blur_bss0p05__pos_only_1p0__xyz1__ryp0__seed20.csv,True,True,True,0.05,False,9.800544452667232,3,123,True,0.15,3.0
mc_status_skip_full_k3__pos_only_1p0__xyz1__ryp0__seed20,opencood/pretrained/feaco/generated_mc_status_skip_full_k3__pos_only_1p0__xyz1__ryp0__seed20,opencood/pretrained/feaco/generated_mc_status_skip_full_k3__pos_only_1p0__xyz1__ryp0__seed20/config.yaml,mc_status_skip_full_k3,point_pillar_where2comm_our,pos_only_1p0,True,1.0,0.0,20,mc_status_skip_full_k3__pos_only_1p0__xyz1__ryp0__seed20.csv,True,False,True,0.05,True,9.800544452667232,3,123,False,0.15,3.0
feaco_baseline__pos_only_1p5__xyz1p5__ryp0__seed20,opencood/pretrained/feaco/generated_feaco_baseline__pos_only_1p5__xyz1p5__ryp0__seed20,opencood/pretrained/feaco/generated_feaco_baseline__pos_only_1p5__xyz1p5__ryp0__seed20/config.yaml,feaco_baseline,point_pillar_where2comm_feaco,pos_only_1p5,True,1.5,0.0,20,feaco_baseline__pos_only_1p5__xyz1p5__ryp0__seed20.csv,False,False,True,0.05,False,9.800544452667232,3,123,True,0.15,3.0
level2_status_skip_vertical_blur_bss0p05__pos_only_1p5__xyz1p5__ryp0__seed20,opencood/pretrained/feaco/generated_level2_status_skip_vertical_blur_bss0p05__pos_only_1p5__xyz1p5__ryp0__seed20,opencood/pretrained/feaco/generated_level2_status_skip_vertical_blur_bss0p05__pos_only_1p5__xyz1p5__ryp0__seed20/config.yaml,level2_status_skip_vertical_blur_bss0p05,point_pillar_where2comm_our,pos_only_1p5,True,1.5,0.0,20,level2_status_skip_vertical_blur_bss0p05__pos_only_1p5__xyz1p5__ryp0__seed20.csv,True,True,True,0.05,False,9.800544452667232,3,123,True,0.15,3.0
mc_status_skip_full_k3__pos_only_1p5__xyz1p5__ryp0__seed20,opencood/pretrained/feaco/generated_mc_status_skip_full_k3__pos_only_1p5__xyz1p5__ryp0__seed20,opencood/pretrained/feaco/generated_mc_status_skip_full_k3__pos_only_1p5__xyz1p5__ryp0__seed20/config.yaml,mc_status_skip_full_k3,point_pillar_where2comm_our,pos_only_1p5,True,1.5,0.0,20,mc_status_skip_full_k3__pos_only_1p5__xyz1p5__ryp0__seed20.csv,True,False,True,0.05,True,9.800544452667232,3,123,False,0.15,3.0
feaco_baseline__pos_only_2p0__xyz2__ryp0__seed20,opencood/pretrained/feaco/generated_feaco_baseline__pos_only_2p0__xyz2__ryp0__seed20,opencood/pretrained/feaco/generated_feaco_baseline__pos_only_2p0__xyz2__ryp0__seed20/config.yaml,feaco_baseline,point_pillar_where2comm_feaco,pos_only_2p0,True,2.0,0.0,20,feaco_baseline__pos_only_2p0__xyz2__ryp0__seed20.csv,False,False,True,0.05,False,9.800544452667232,3,123,True,0.15,3.0
level2_status_skip_vertical_blur_bss0p05__pos_only_2p0__xyz2__ryp0__seed20,opencood/pretrained/feaco/generated_level2_status_skip_vertical_blur_bss0p05__pos_only_2p0__xyz2__ryp0__seed20,opencood/pretrained/feaco/generated_level2_status_skip_vertical_blur_bss0p05__pos_only_2p0__xyz2__ryp0__seed20/config.yaml,level2_status_skip_vertical_blur_bss0p05,point_pillar_where2comm_our,pos_only_2p0,True,2.0,0.0,20,level2_status_skip_vertical_blur_bss0p05__pos_only_2p0__xyz2__ryp0__seed20.csv,True,True,True,0.05,False,9.800544452667232,3,123,True,0.15,3.0
mc_status_skip_full_k3__pos_only_2p0__xyz2__ryp0__seed20,opencood/pretrained/feaco/generated_mc_status_skip_full_k3__pos_only_2p0__xyz2__ryp0__seed20,opencood/pretrained/feaco/generated_mc_status_skip_full_k3__pos_only_2p0__xyz2__ryp0__seed20/config.yaml,mc_status_skip_full_k3,point_pillar_where2comm_our,pos_only_2p0,True,2.0,0.0,20,mc_status_skip_full_k3__pos_only_2p0__xyz2__ryp0__seed20.csv,True,False,True,0.05,True,9.800544452667232,3,123,False,0.15,3.0
feaco_baseline__pos_only_3p0__xyz3__ryp0__seed20,opencood/pretrained/feaco/generated_feaco_baseline__pos_only_3p0__xyz3__ryp0__seed20,opencood/pretrained/feaco/generated_feaco_baseline__pos_only_3p0__xyz3__ryp0__seed20/config.yaml,feaco_baseline,point_pillar_where2comm_feaco,pos_only_3p0,True,3.0,0.0,20,feaco_baseline__pos_only_3p0__xyz3__ryp0__seed20.csv,False,False,True,0.05,False,9.800544452667232,3,123,True,0.15,3.0
level2_status_skip_vertical_blur_bss0p05__pos_only_3p0__xyz3__ryp0__seed20,opencood/pretrained/feaco/generated_level2_status_skip_vertical_blur_bss0p05__pos_only_3p0__xyz3__ryp0__seed20,opencood/pretrained/feaco/generated_level2_status_skip_vertical_blur_bss0p05__pos_only_3p0__xyz3__ryp0__seed20/config.yaml,level2_status_skip_vertical_blur_bss0p05,point_pillar_where2comm_our,pos_only_3p0,True,3.0,0.0,20,level2_status_skip_vertical_blur_bss0p05__pos_only_3p0__xyz3__ryp0__seed20.csv,True,True,True,0.05,False,9.800544452667232,3,123,True,0.15,3.0
mc_status_skip_full_k3__pos_only_3p0__xyz3__ryp0__seed20,opencood/pretrained/feaco/generated_mc_status_skip_full_k3__pos_only_3p0__xyz3__ryp0__seed20,opencood/pretrained/feaco/generated_mc_status_skip_full_k3__pos_only_3p0__xyz3__ryp0__seed20/config.yaml,mc_status_skip_full_k3,point_pillar_where2comm_our,pos_only_3p0,True,3.0,0.0,20,mc_status_skip_full_k3__pos_only_3p0__xyz3__ryp0__seed20.csv,True,False,True,0.05,True,9.800544452667232,3,123,False,0.15,3.0
feaco_baseline__rot_only_1p0__xyz0__ryp1__seed20,opencood/pretrained/feaco/generated_feaco_baseline__rot_only_1p0__xyz0__ryp1__seed20,opencood/pretrained/feaco/generated_feaco_baseline__rot_only_1p0__xyz0__ryp1__seed20/config.yaml,feaco_baseline,point_pillar_where2comm_feaco,rot_only_1p0,True,0.0,1.0,20,feaco_baseline__rot_only_1p0__xyz0__ryp1__seed20.csv,False,False,True,0.05,False,9.800544452667232,3,123,True,0.15,3.0
level2_status_skip_vertical_blur_bss0p05__rot_only_1p0__xyz0__ryp1__seed20,opencood/pretrained/feaco/generated_level2_status_skip_vertical_blur_bss0p05__rot_only_1p0__xyz0__ryp1__seed20,opencood/pretrained/feaco/generated_level2_status_skip_vertical_blur_bss0p05__rot_only_1p0__xyz0__ryp1__seed20/config.yaml,level2_status_skip_vertical_blur_bss0p05,point_pillar_where2comm_our,rot_only_1p0,True,0.0,1.0,20,level2_status_skip_vertical_blur_bss0p05__rot_only_1p0__xyz0__ryp1__seed20.csv,True,True,True,0.05,False,9.800544452667232,3,123,True,0.15,3.0
mc_status_skip_full_k3__rot_only_1p0__xyz0__ryp1__seed20,opencood/pretrained/feaco/generated_mc_status_skip_full_k3__rot_only_1p0__xyz0__ryp1__seed20,opencood/pretrained/feaco/generated_mc_status_skip_full_k3__rot_only_1p0__xyz0__ryp1__seed20/config.yaml,mc_status_skip_full_k3,point_pillar_where2comm_our,rot_only_1p0,True,0.0,1.0,20,mc_status_skip_full_k3__rot_only_1p0__xyz0__ryp1__seed20.csv,True,False,True,0.05,True,9.800544452667232,3,123,False,0.15,3.0
feaco_baseline__rot_only_2p0__xyz0__ryp2__seed20,opencood/pretrained/feaco/generated_feaco_baseline__rot_only_2p0__xyz0__ryp2__seed20,opencood/pretrained/feaco/generated_feaco_baseline__rot_only_2p0__xyz0__ryp2__seed20/config.yaml,feaco_baseline,point_pillar_where2comm_feaco,rot_only_2p0,True,0.0,2.0,20,feaco_baseline__rot_only_2p0__xyz0__ryp2__seed20.csv,False,False,True,0.05,False,9.800544452667232,3,123,True,0.15,3.0
level2_status_skip_vertical_blur_bss0p05__rot_only_2p0__xyz0__ryp2__seed20,opencood/pretrained/feaco/generated_level2_status_skip_vertical_blur_bss0p05__rot_only_2p0__xyz0__ryp2__seed20,opencood/pretrained/feaco/generated_level2_status_skip_vertical_blur_bss0p05__rot_only_2p0__xyz0__ryp2__seed20/config.yaml,level2_status_skip_vertical_blur_bss0p05,point_pillar_where2comm_our,rot_only_2p0,True,0.0,2.0,20,level2_status_skip_vertical_blur_bss0p05__rot_only_2p0__xyz0__ryp2__seed20.csv,True,True,True,0.05,False,9.800544452667232,3,123,True,0.15,3.0
mc_status_skip_full_k3__rot_only_2p0__xyz0__ryp2__seed20,opencood/pretrained/feaco/generated_mc_status_skip_full_k3__rot_only_2p0__xyz0__ryp2__seed20,opencood/pretrained/feaco/generated_mc_status_skip_full_k3__rot_only_2p0__xyz0__ryp2__seed20/config.yaml,mc_status_skip_full_k3,point_pillar_where2comm_our,rot_only_2p0,True,0.0,2.0,20,mc_status_skip_full_k3__rot_only_2p0__xyz0__ryp2__seed20.csv,True,False,True,0.05,True,9.800544452667232,3,123,False,0.15,3.0
feaco_baseline__rot_only_4p0__xyz0__ryp4__seed20,opencood/pretrained/feaco/generated_feaco_baseline__rot_only_4p0__xyz0__ryp4__seed20,opencood/pretrained/feaco/generated_feaco_baseline__rot_only_4p0__xyz0__ryp4__seed20/config.yaml,feaco_baseline,point_pillar_where2comm_feaco,rot_only_4p0,True,0.0,4.0,20,feaco_baseline__rot_only_4p0__xyz0__ryp4__seed20.csv,False,False,True,0.05,False,9.800544452667232,3,123,True,0.15,3.0
level2_status_skip_vertical_blur_bss0p05__rot_only_4p0__xyz0__ryp4__seed20,opencood/pretrained/feaco/generated_level2_status_skip_vertical_blur_bss0p05__rot_only_4p0__xyz0__ryp4__seed20,opencood/pretrained/feaco/generated_level2_status_skip_vertical_blur_bss0p05__rot_only_4p0__xyz0__ryp4__seed20/config.yaml,level2_status_skip_vertical_blur_bss0p05,point_pillar_where2comm_our,rot_only_4p0,True,0.0,4.0,20,level2_status_skip_vertical_blur_bss0p05__rot_only_4p0__xyz0__ryp4__seed20.csv,True,True,True,0.05,False,9.800544452667232,3,123,True,0.15,3.0
mc_status_skip_full_k3__rot_only_4p0__xyz0__ryp4__seed20,opencood/pretrained/feaco/generated_mc_status_skip_full_k3__rot_only_4p0__xyz0__ryp4__seed20,opencood/pretrained/feaco/generated_mc_status_skip_full_k3__rot_only_4p0__xyz0__ryp4__seed20/config.yaml,mc_status_skip_full_k3,point_pillar_where2comm_our,rot_only_4p0,True,0.0,4.0,20,mc_status_skip_full_k3__rot_only_4p0__xyz0__ryp4__seed20.csv,True,False,True,0.05,True,9.800544452667232,3,123,False,0.15,3.0
feaco_baseline__rot_only_6p0__xyz0__ryp6__seed20,opencood/pretrained/feaco/generated_feaco_baseline__rot_only_6p0__xyz0__ryp6__seed20,opencood/pretrained/feaco/generated_feaco_baseline__rot_only_6p0__xyz0__ryp6__seed20/config.yaml,feaco_baseline,point_pillar_where2comm_feaco,rot_only_6p0,True,0.0,6.0,20,feaco_baseline__rot_only_6p0__xyz0__ryp6__seed20.csv,False,False,True,0.05,False,9.800544452667232,3,123,True,0.15,3.0
level2_status_skip_vertical_blur_bss0p05__rot_only_6p0__xyz0__ryp6__seed20,opencood/pretrained/feaco/generated_level2_status_skip_vertical_blur_bss0p05__rot_only_6p0__xyz0__ryp6__seed20,opencood/pretrained/feaco/generated_level2_status_skip_vertical_blur_bss0p05__rot_only_6p0__xyz0__ryp6__seed20/config.yaml,level2_status_skip_vertical_blur_bss0p05,point_pillar_where2comm_our,rot_only_6p0,True,0.0,6.0,20,level2_status_skip_vertical_blur_bss0p05__rot_only_6p0__xyz0__ryp6__seed20.csv,True,True,True,0.05,False,9.800544452667232,3,123,True,0.15,3.0
mc_status_skip_full_k3__rot_only_6p0__xyz0__ryp6__seed20,opencood/pretrained/feaco/generated_mc_status_skip_full_k3__rot_only_6p0__xyz0__ryp6__seed20,opencood/pretrained/feaco/generated_mc_status_skip_full_k3__rot_only_6p0__xyz0__ryp6__seed20/config.yaml,mc_status_skip_full_k3,point_pillar_where2comm_our,rot_only_6p0,True,0.0,6.0,20,mc_status_skip_full_k3__rot_only_6p0__xyz0__ryp6__seed20.csv,True,False,True,0.05,True,9.800544452667232,3,123,False,0.15,3.0
feaco_baseline__rot_only_8p0__xyz0__ryp8__seed20,opencood/pretrained/feaco/generated_feaco_baseline__rot_only_8p0__xyz0__ryp8__seed20,opencood/pretrained/feaco/generated_feaco_baseline__rot_only_8p0__xyz0__ryp8__seed20/config.yaml,feaco_baseline,point_pillar_where2comm_feaco,rot_only_8p0,True,0.0,8.0,20,feaco_baseline__rot_only_8p0__xyz0__ryp8__seed20.csv,False,False,True,0.05,False,9.800544452667232,3,123,True,0.15,3.0
level2_status_skip_vertical_blur_bss0p05__rot_only_8p0__xyz0__ryp8__seed20,opencood/pretrained/feaco/generated_level2_status_skip_vertical_blur_bss0p05__rot_only_8p0__xyz0__ryp8__seed20,opencood/pretrained/feaco/generated_level2_status_skip_vertical_blur_bss0p05__rot_only_8p0__xyz0__ryp8__seed20/config.yaml,level2_status_skip_vertical_blur_bss0p05,point_pillar_where2comm_our,rot_only_8p0,True,0.0,8.0,20,level2_status_skip_vertical_blur_bss0p05__rot_only_8p0__xyz0__ryp8__seed20.csv,True,True,True,0.05,False,9.800544452667232,3,123,True,0.15,3.0
mc_status_skip_full_k3__rot_only_8p0__xyz0__ryp8__seed20,opencood/pretrained/feaco/generated_mc_status_skip_full_k3__rot_only_8p0__xyz0__ryp8__seed20,opencood/pretrained/feaco/generated_mc_status_skip_full_k3__rot_only_8p0__xyz0__ryp8__seed20/config.yaml,mc_status_skip_full_k3,point_pillar_where2comm_our,rot_only_8p0,True,0.0,8.0,20,mc_status_skip_full_k3__rot_only_8p0__xyz0__ryp8__seed20.csv,True,False,True,0.05,True,9.800544452667232,3,123,False,0.15,3.0
feaco_baseline__rot_only_10p0__xyz0__ryp10__seed20,opencood/pretrained/feaco/generated_feaco_baseline__rot_only_10p0__xyz0__ryp10__seed20,opencood/pretrained/feaco/generated_feaco_baseline__rot_only_10p0__xyz0__ryp10__seed20/config.yaml,feaco_baseline,point_pillar_where2comm_feaco,rot_only_10p0,True,0.0,10.0,20,feaco_baseline__rot_only_10p0__xyz0__ryp10__seed20.csv,False,False,True,0.05,False,9.800544452667232,3,123,True,0.15,3.0
level2_status_skip_vertical_blur_bss0p05__rot_only_10p0__xyz0__ryp10__seed20,opencood/pretrained/feaco/generated_level2_status_skip_vertical_blur_bss0p05__rot_only_10p0__xyz0__ryp10__seed20,opencood/pretrained/feaco/generated_level2_status_skip_vertical_blur_bss0p05__rot_only_10p0__xyz0__ryp10__seed20/config.yaml,level2_status_skip_vertical_blur_bss0p05,point_pillar_where2comm_our,rot_only_10p0,True,0.0,10.0,20,level2_status_skip_vertical_blur_bss0p05__rot_only_10p0__xyz0__ryp10__seed20.csv,True,True,True,0.05,False,9.800544452667232,3,123,True,0.15,3.0
mc_status_skip_full_k3__rot_only_10p0__xyz0__ryp10__seed20,opencood/pretrained/feaco/generated_mc_status_skip_full_k3__rot_only_10p0__xyz0__ryp10__seed20,opencood/pretrained/feaco/generated_mc_status_skip_full_k3__rot_only_10p0__xyz0__ryp10__seed20/config.yaml,mc_status_skip_full_k3,point_pillar_where2comm_our,rot_only_10p0,True,0.0,10.0,20,mc_status_skip_full_k3__rot_only_10p0__xyz0__ryp10__seed20.csv,True,False,True,0.05,True,9.800544452667232,3,123,False,0.15,3.0
feaco_baseline__rot_only_14p0__xyz0__ryp14__seed20,opencood/pretrained/feaco/generated_feaco_baseline__rot_only_14p0__xyz0__ryp14__seed20,opencood/pretrained/feaco/generated_feaco_baseline__rot_only_14p0__xyz0__ryp14__seed20/config.yaml,feaco_baseline,point_pillar_where2comm_feaco,rot_only_14p0,True,0.0,14.0,20,feaco_baseline__rot_only_14p0__xyz0__ryp14__seed20.csv,False,False,True,0.05,False,9.800544452667232,3,123,True,0.15,3.0
level2_status_skip_vertical_blur_bss0p05__rot_only_14p0__xyz0__ryp14__seed20,opencood/pretrained/feaco/generated_level2_status_skip_vertical_blur_bss0p05__rot_only_14p0__xyz0__ryp14__seed20,opencood/pretrained/feaco/generated_level2_status_skip_vertical_blur_bss0p05__rot_only_14p0__xyz0__ryp14__seed20/config.yaml,level2_status_skip_vertical_blur_bss0p05,point_pillar_where2comm_our,rot_only_14p0,True,0.0,14.0,20,level2_status_skip_vertical_blur_bss0p05__rot_only_14p0__xyz0__ryp14__seed20.csv,True,True,True,0.05,False,9.800544452667232,3,123,True,0.15,3.0
mc_status_skip_full_k3__rot_only_14p0__xyz0__ryp14__seed20,opencood/pretrained/feaco/generated_mc_status_skip_full_k3__rot_only_14p0__xyz0__ryp14__seed20,opencood/pretrained/feaco/generated_mc_status_skip_full_k3__rot_only_14p0__xyz0__ryp14__seed20/config.yaml,mc_status_skip_full_k3,point_pillar_where2comm_our,rot_only_14p0,True,0.0,14.0,20,mc_status_skip_full_k3__rot_only_14p0__xyz0__ryp14__seed20.csv,True,False,True,0.05,True,9.800544452667232,3,123,False,0.15,3.0
feaco_baseline__rot_only_18p0__xyz0__ryp18__seed20,opencood/pretrained/feaco/generated_feaco_baseline__rot_only_18p0__xyz0__ryp18__seed20,opencood/pretrained/feaco/generated_feaco_baseline__rot_only_18p0__xyz0__ryp18__seed20/config.yaml,feaco_baseline,point_pillar_where2comm_feaco,rot_only_18p0,True,0.0,18.0,20,feaco_baseline__rot_only_18p0__xyz0__ryp18__seed20.csv,False,False,True,0.05,False,9.800544452667232,3,123,True,0.15,3.0
level2_status_skip_vertical_blur_bss0p05__rot_only_18p0__xyz0__ryp18__seed20,opencood/pretrained/feaco/generated_level2_status_skip_vertical_blur_bss0p05__rot_only_18p0__xyz0__ryp18__seed20,opencood/pretrained/feaco/generated_level2_status_skip_vertical_blur_bss0p05__rot_only_18p0__xyz0__ryp18__seed20/config.yaml,level2_status_skip_vertical_blur_bss0p05,point_pillar_where2comm_our,rot_only_18p0,True,0.0,18.0,20,level2_status_skip_vertical_blur_bss0p05__rot_only_18p0__xyz0__ryp18__seed20.csv,True,True,True,0.05,False,9.800544452667232,3,123,True,0.15,3.0
mc_status_skip_full_k3__rot_only_18p0__xyz0__ryp18__seed20,opencood/pretrained/feaco/generated_mc_status_skip_full_k3__rot_only_18p0__xyz0__ryp18__seed20,opencood/pretrained/feaco/generated_mc_status_skip_full_k3__rot_only_18p0__xyz0__ryp18__seed20/config.yaml,mc_status_skip_full_k3,point_pillar_where2comm_our,rot_only_18p0,True,0.0,18.0,20,mc_status_skip_full_k3__rot_only_18p0__xyz0__ryp18__seed20.csv,True,False,True,0.05,True,9.800544452667232,3,123,False,0.15,3.0
feaco_baseline__clean__xyz0__ryp0__seed28,opencood/pretrained/feaco/generated_feaco_baseline__clean__xyz0__ryp0__seed28,opencood/pretrained/feaco/generated_feaco_baseline__clean__xyz0__ryp0__seed28/config.yaml,feaco_baseline,point_pillar_where2comm_feaco,clean,False,0.0,0.0,28,feaco_baseline__clean__xyz0__ryp0__seed28.csv,False,False,True,0.05,False,9.800544452667232,3,123,True,0.15,3.0
level2_status_skip_vertical_blur_bss0p05__clean__xyz0__ryp0__seed28,opencood/pretrained/feaco/generated_level2_status_skip_vertical_blur_bss0p05__clean__xyz0__ryp0__seed28,opencood/pretrained/feaco/generated_level2_status_skip_vertical_blur_bss0p05__clean__xyz0__ryp0__seed28/config.yaml,level2_status_skip_vertical_blur_bss0p05,point_pillar_where2comm_our,clean,False,0.0,0.0,28,level2_status_skip_vertical_blur_bss0p05__clean__xyz0__ryp0__seed28.csv,True,True,True,0.05,False,9.800544452667232,3,123,True,0.15,3.0
mc_status_skip_full_k3__clean__xyz0__ryp0__seed28,opencood/pretrained/feaco/generated_mc_status_skip_full_k3__clean__xyz0__ryp0__seed28,opencood/pretrained/feaco/generated_mc_status_skip_full_k3__clean__xyz0__ryp0__seed28/config.yaml,mc_status_skip_full_k3,point_pillar_where2comm_our,clean,False,0.0,0.0,28,mc_status_skip_full_k3__clean__xyz0__ryp0__seed28.csv,True,False,True,0.05,True,9.800544452667232,3,123,False,0.15,3.0
feaco_baseline__pos_0p2_rot_1p0__xyz0p2__ryp1__seed28,opencood/pretrained/feaco/generated_feaco_baseline__pos_0p2_rot_1p0__xyz0p2__ryp1__seed28,opencood/pretrained/feaco/generated_feaco_baseline__pos_0p2_rot_1p0__xyz0p2__ryp1__seed28/config.yaml,feaco_baseline,point_pillar_where2comm_feaco,pos_0p2_rot_1p0,True,0.2,1.0,28,feaco_baseline__pos_0p2_rot_1p0__xyz0p2__ryp1__seed28.csv,False,False,True,0.05,False,9.800544452667232,3,123,True,0.15,3.0
level2_status_skip_vertical_blur_bss0p05__pos_0p2_rot_1p0__xyz0p2__ryp1__seed28,opencood/pretrained/feaco/generated_level2_status_skip_vertical_blur_bss0p05__pos_0p2_rot_1p0__xyz0p2__ryp1__seed28,opencood/pretrained/feaco/generated_level2_status_skip_vertical_blur_bss0p05__pos_0p2_rot_1p0__xyz0p2__ryp1__seed28/config.yaml,level2_status_skip_vertical_blur_bss0p05,point_pillar_where2comm_our,pos_0p2_rot_1p0,True,0.2,1.0,28,level2_status_skip_vertical_blur_bss0p05__pos_0p2_rot_1p0__xyz0p2__ryp1__seed28.csv,True,True,True,0.05,False,9.800544452667232,3,123,True,0.15,3.0
mc_status_skip_full_k3__pos_0p2_rot_1p0__xyz0p2__ryp1__seed28,opencood/pretrained/feaco/generated_mc_status_skip_full_k3__pos_0p2_rot_1p0__xyz0p2__ryp1__seed28,opencood/pretrained/feaco/generated_mc_status_skip_full_k3__pos_0p2_rot_1p0__xyz0p2__ryp1__seed28/config.yaml,mc_status_skip_full_k3,point_pillar_where2comm_our,pos_0p2_rot_1p0,True,0.2,1.0,28,mc_status_skip_full_k3__pos_0p2_rot_1p0__xyz0p2__ryp1__seed28.csv,True,False,True,0.05,True,9.800544452667232,3,123,False,0.15,3.0
feaco_baseline__pos_0p2_rot_2p0__xyz0p2__ryp2__seed28,opencood/pretrained/feaco/generated_feaco_baseline__pos_0p2_rot_2p0__xyz0p2__ryp2__seed28,opencood/pretrained/feaco/generated_feaco_baseline__pos_0p2_rot_2p0__xyz0p2__ryp2__seed28/config.yaml,feaco_baseline,point_pillar_where2comm_feaco,pos_0p2_rot_2p0,True,0.2,2.0,28,feaco_baseline__pos_0p2_rot_2p0__xyz0p2__ryp2__seed28.csv,False,False,True,0.05,False,9.800544452667232,3,123,True,0.15,3.0
level2_status_skip_vertical_blur_bss0p05__pos_0p2_rot_2p0__xyz0p2__ryp2__seed28,opencood/pretrained/feaco/generated_level2_status_skip_vertical_blur_bss0p05__pos_0p2_rot_2p0__xyz0p2__ryp2__seed28,opencood/pretrained/feaco/generated_level2_status_skip_vertical_blur_bss0p05__pos_0p2_rot_2p0__xyz0p2__ryp2__seed28/config.yaml,level2_status_skip_vertical_blur_bss0p05,point_pillar_where2comm_our,pos_0p2_rot_2p0,True,0.2,2.0,28,level2_status_skip_vertical_blur_bss0p05__pos_0p2_rot_2p0__xyz0p2__ryp2__seed28.csv,True,True,True,0.05,False,9.800544452667232,3,123,True,0.15,3.0
mc_status_skip_full_k3__pos_0p2_rot_2p0__xyz0p2__ryp2__seed28,opencood/pretrained/feaco/generated_mc_status_skip_full_k3__pos_0p2_rot_2p0__xyz0p2__ryp2__seed28,opencood/pretrained/feaco/generated_mc_status_skip_full_k3__pos_0p2_rot_2p0__xyz0p2__ryp2__seed28/config.yaml,mc_status_skip_full_k3,point_pillar_where2comm_our,pos_0p2_rot_2p0,True,0.2,2.0,28,mc_status_skip_full_k3__pos_0p2_rot_2p0__xyz0p2__ryp2__seed28.csv,True,False,True,0.05,True,9.800544452667232,3,123,False,0.15,3.0
feaco_baseline__pos_0p2_rot_4p0__xyz0p2__ryp4__seed28,opencood/pretrained/feaco/generated_feaco_baseline__pos_0p2_rot_4p0__xyz0p2__ryp4__seed28,opencood/pretrained/feaco/generated_feaco_baseline__pos_0p2_rot_4p0__xyz0p2__ryp4__seed28/config.yaml,feaco_baseline,point_pillar_where2comm_feaco,pos_0p2_rot_4p0,True,0.2,4.0,28,feaco_baseline__pos_0p2_rot_4p0__xyz0p2__ryp4__seed28.csv,False,False,True,0.05,False,9.800544452667232,3,123,True,0.15,3.0
level2_status_skip_vertical_blur_bss0p05__pos_0p2_rot_4p0__xyz0p2__ryp4__seed28,opencood/pretrained/feaco/generated_level2_status_skip_vertical_blur_bss0p05__pos_0p2_rot_4p0__xyz0p2__ryp4__seed28,opencood/pretrained/feaco/generated_level2_status_skip_vertical_blur_bss0p05__pos_0p2_rot_4p0__xyz0p2__ryp4__seed28/config.yaml,level2_status_skip_vertical_blur_bss0p05,point_pillar_where2comm_our,pos_0p2_rot_4p0,True,0.2,4.0,28,level2_status_skip_vertical_blur_bss0p05__pos_0p2_rot_4p0__xyz0p2__ryp4__seed28.csv,True,True,True,0.05,False,9.800544452667232,3,123,True,0.15,3.0
mc_status_skip_full_k3__pos_0p2_rot_4p0__xyz0p2__ryp4__seed28,opencood/pretrained/feaco/generated_mc_status_skip_full_k3__pos_0p2_rot_4p0__xyz0p2__ryp4__seed28,opencood/pretrained/feaco/generated_mc_status_skip_full_k3__pos_0p2_rot_4p0__xyz0p2__ryp4__seed28/config.yaml,mc_status_skip_full_k3,point_pillar_where2comm_our,pos_0p2_rot_4p0,True,0.2,4.0,28,mc_status_skip_full_k3__pos_0p2_rot_4p0__xyz0p2__ryp4__seed28.csv,True,False,True,0.05,True,9.800544452667232,3,123,False,0.15,3.0
feaco_baseline__pos_0p2_rot_6p0__xyz0p2__ryp6__seed28,opencood/pretrained/feaco/generated_feaco_baseline__pos_0p2_rot_6p0__xyz0p2__ryp6__seed28,opencood/pretrained/feaco/generated_feaco_baseline__pos_0p2_rot_6p0__xyz0p2__ryp6__seed28/config.yaml,feaco_baseline,point_pillar_where2comm_feaco,pos_0p2_rot_6p0,True,0.2,6.0,28,feaco_baseline__pos_0p2_rot_6p0__xyz0p2__ryp6__seed28.csv,False,False,True,0.05,False,9.800544452667232,3,123,True,0.15,3.0
level2_status_skip_vertical_blur_bss0p05__pos_0p2_rot_6p0__xyz0p2__ryp6__seed28,opencood/pretrained/feaco/generated_level2_status_skip_vertical_blur_bss0p05__pos_0p2_rot_6p0__xyz0p2__ryp6__seed28,opencood/pretrained/feaco/generated_level2_status_skip_vertical_blur_bss0p05__pos_0p2_rot_6p0__xyz0p2__ryp6__seed28/config.yaml,level2_status_skip_vertical_blur_bss0p05,point_pillar_where2comm_our,pos_0p2_rot_6p0,True,0.2,6.0,28,level2_status_skip_vertical_blur_bss0p05__pos_0p2_rot_6p0__xyz0p2__ryp6__seed28.csv,True,True,True,0.05,False,9.800544452667232,3,123,True,0.15,3.0
mc_status_skip_full_k3__pos_0p2_rot_6p0__xyz0p2__ryp6__seed28,opencood/pretrained/feaco/generated_mc_status_skip_full_k3__pos_0p2_rot_6p0__xyz0p2__ryp6__seed28,opencood/pretrained/feaco/generated_mc_status_skip_full_k3__pos_0p2_rot_6p0__xyz0p2__ryp6__seed28/config.yaml,mc_status_skip_full_k3,point_pillar_where2comm_our,pos_0p2_rot_6p0,True,0.2,6.0,28,mc_status_skip_full_k3__pos_0p2_rot_6p0__xyz0p2__ryp6__seed28.csv,True,False,True,0.05,True,9.800544452667232,3,123,False,0.15,3.0
feaco_baseline__pos_0p2_rot_8p0__xyz0p2__ryp8__seed28,opencood/pretrained/feaco/generated_feaco_baseline__pos_0p2_rot_8p0__xyz0p2__ryp8__seed28,opencood/pretrained/feaco/generated_feaco_baseline__pos_0p2_rot_8p0__xyz0p2__ryp8__seed28/config.yaml,feaco_baseline,point_pillar_where2comm_feaco,pos_0p2_rot_8p0,True,0.2,8.0,28,feaco_baseline__pos_0p2_rot_8p0__xyz0p2__ryp8__seed28.csv,False,False,True,0.05,False,9.800544452667232,3,123,True,0.15,3.0
level2_status_skip_vertical_blur_bss0p05__pos_0p2_rot_8p0__xyz0p2__ryp8__seed28,opencood/pretrained/feaco/generated_level2_status_skip_vertical_blur_bss0p05__pos_0p2_rot_8p0__xyz0p2__ryp8__seed28,opencood/pretrained/feaco/generated_level2_status_skip_vertical_blur_bss0p05__pos_0p2_rot_8p0__xyz0p2__ryp8__seed28/config.yaml,level2_status_skip_vertical_blur_bss0p05,point_pillar_where2comm_our,pos_0p2_rot_8p0,True,0.2,8.0,28,level2_status_skip_vertical_blur_bss0p05__pos_0p2_rot_8p0__xyz0p2__ryp8__seed28.csv,True,True,True,0.05,False,9.800544452667232,3,123,True,0.15,3.0
mc_status_skip_full_k3__pos_0p2_rot_8p0__xyz0p2__ryp8__seed28,opencood/pretrained/feaco/generated_mc_status_skip_full_k3__pos_0p2_rot_8p0__xyz0p2__ryp8__seed28,opencood/pretrained/feaco/generated_mc_status_skip_full_k3__pos_0p2_rot_8p0__xyz0p2__ryp8__seed28/config.yaml,mc_status_skip_full_k3,point_pillar_where2comm_our,pos_0p2_rot_8p0,True,0.2,8.0,28,mc_status_skip_full_k3__pos_0p2_rot_8p0__xyz0p2__ryp8__seed28.csv,True,False,True,0.05,True,9.800544452667232,3,123,False,0.15,3.0
feaco_baseline__pos_0p2_rot_10p0__xyz0p2__ryp10__seed28,opencood/pretrained/feaco/generated_feaco_baseline__pos_0p2_rot_10p0__xyz0p2__ryp10__seed28,opencood/pretrained/feaco/generated_feaco_baseline__pos_0p2_rot_10p0__xyz0p2__ryp10__seed28/config.yaml,feaco_baseline,point_pillar_where2comm_feaco,pos_0p2_rot_10p0,True,0.2,10.0,28,feaco_baseline__pos_0p2_rot_10p0__xyz0p2__ryp10__seed28.csv,False,False,True,0.05,False,9.800544452667232,3,123,True,0.15,3.0
level2_status_skip_vertical_blur_bss0p05__pos_0p2_rot_10p0__xyz0p2__ryp10__seed28,opencood/pretrained/feaco/generated_level2_status_skip_vertical_blur_bss0p05__pos_0p2_rot_10p0__xyz0p2__ryp10__seed28,opencood/pretrained/feaco/generated_level2_status_skip_vertical_blur_bss0p05__pos_0p2_rot_10p0__xyz0p2__ryp10__seed28/config.yaml,level2_status_skip_vertical_blur_bss0p05,point_pillar_where2comm_our,pos_0p2_rot_10p0,True,0.2,10.0,28,level2_status_skip_vertical_blur_bss0p05__pos_0p2_rot_10p0__xyz0p2__ryp10__seed28.csv,True,True,True,0.05,False,9.800544452667232,3,123,True,0.15,3.0
mc_status_skip_full_k3__pos_0p2_rot_10p0__xyz0p2__ryp10__seed28,opencood/pretrained/feaco/generated_mc_status_skip_full_k3__pos_0p2_rot_10p0__xyz0p2__ryp10__seed28,opencood/pretrained/feaco/generated_mc_status_skip_full_k3__pos_0p2_rot_10p0__xyz0p2__ryp10__seed28/config.yaml,mc_status_skip_full_k3,point_pillar_where2comm_our,pos_0p2_rot_10p0,True,0.2,10.0,28,mc_status_skip_full_k3__pos_0p2_rot_10p0__xyz0p2__ryp10__seed28.csv,True,False,True,0.05,True,9.800544452667232,3,123,False,0.15,3.0
feaco_baseline__pos_0p2_rot_14p0__xyz0p2__ryp14__seed28,opencood/pretrained/feaco/generated_feaco_baseline__pos_0p2_rot_14p0__xyz0p2__ryp14__seed28,opencood/pretrained/feaco/generated_feaco_baseline__pos_0p2_rot_14p0__xyz0p2__ryp14__seed28/config.yaml,feaco_baseline,point_pillar_where2comm_feaco,pos_0p2_rot_14p0,True,0.2,14.0,28,feaco_baseline__pos_0p2_rot_14p0__xyz0p2__ryp14__seed28.csv,False,False,True,0.05,False,9.800544452667232,3,123,True,0.15,3.0
level2_status_skip_vertical_blur_bss0p05__pos_0p2_rot_14p0__xyz0p2__ryp14__seed28,opencood/pretrained/feaco/generated_level2_status_skip_vertical_blur_bss0p05__pos_0p2_rot_14p0__xyz0p2__ryp14__seed28,opencood/pretrained/feaco/generated_level2_status_skip_vertical_blur_bss0p05__pos_0p2_rot_14p0__xyz0p2__ryp14__seed28/config.yaml,level2_status_skip_vertical_blur_bss0p05,point_pillar_where2comm_our,pos_0p2_rot_14p0,True,0.2,14.0,28,level2_status_skip_vertical_blur_bss0p05__pos_0p2_rot_14p0__xyz0p2__ryp14__seed28.csv,True,True,True,0.05,False,9.800544452667232,3,123,True,0.15,3.0
mc_status_skip_full_k3__pos_0p2_rot_14p0__xyz0p2__ryp14__seed28,opencood/pretrained/feaco/generated_mc_status_skip_full_k3__pos_0p2_rot_14p0__xyz0p2__ryp14__seed28,opencood/pretrained/feaco/generated_mc_status_skip_full_k3__pos_0p2_rot_14p0__xyz0p2__ryp14__seed28/config.yaml,mc_status_skip_full_k3,point_pillar_where2comm_our,pos_0p2_rot_14p0,True,0.2,14.0,28,mc_status_skip_full_k3__pos_0p2_rot_14p0__xyz0p2__ryp14__seed28.csv,True,False,True,0.05,True,9.800544452667232,3,123,False,0.15,3.0
feaco_baseline__pos_0p2_rot_18p0__xyz0p2__ryp18__seed28,opencood/pretrained/feaco/generated_feaco_baseline__pos_0p2_rot_18p0__xyz0p2__ryp18__seed28,opencood/pretrained/feaco/generated_feaco_baseline__pos_0p2_rot_18p0__xyz0p2__ryp18__seed28/config.yaml,feaco_baseline,point_pillar_where2comm_feaco,pos_0p2_rot_18p0,True,0.2,18.0,28,feaco_baseline__pos_0p2_rot_18p0__xyz0p2__ryp18__seed28.csv,False,False,True,0.05,False,9.800544452667232,3,123,True,0.15,3.0
level2_status_skip_vertical_blur_bss0p05__pos_0p2_rot_18p0__xyz0p2__ryp18__seed28,opencood/pretrained/feaco/generated_level2_status_skip_vertical_blur_bss0p05__pos_0p2_rot_18p0__xyz0p2__ryp18__seed28,opencood/pretrained/feaco/generated_level2_status_skip_vertical_blur_bss0p05__pos_0p2_rot_18p0__xyz0p2__ryp18__seed28/config.yaml,level2_status_skip_vertical_blur_bss0p05,point_pillar_where2comm_our,pos_0p2_rot_18p0,True,0.2,18.0,28,level2_status_skip_vertical_blur_bss0p05__pos_0p2_rot_18p0__xyz0p2__ryp18__seed28.csv,True,True,True,0.05,False,9.800544452667232,3,123,True,0.15,3.0
mc_status_skip_full_k3__pos_0p2_rot_18p0__xyz0p2__ryp18__seed28,opencood/pretrained/feaco/generated_mc_status_skip_full_k3__pos_0p2_rot_18p0__xyz0p2__ryp18__seed28,opencood/pretrained/feaco/generated_mc_status_skip_full_k3__pos_0p2_rot_18p0__xyz0p2__ryp18__seed28/config.yaml,mc_status_skip_full_k3,point_pillar_where2comm_our,pos_0p2_rot_18p0,True,0.2,18.0,28,mc_status_skip_full_k3__pos_0p2_rot_18p0__xyz0p2__ryp18__seed28.csv,True,False,True,0.05,True,9.800544452667232,3,123,False,0.15,3.0
feaco_baseline__pos_0p5_rot_1p0__xyz0p5__ryp1__seed28,opencood/pretrained/feaco/generated_feaco_baseline__pos_0p5_rot_1p0__xyz0p5__ryp1__seed28,opencood/pretrained/feaco/generated_feaco_baseline__pos_0p5_rot_1p0__xyz0p5__ryp1__seed28/config.yaml,feaco_baseline,point_pillar_where2comm_feaco,pos_0p5_rot_1p0,True,0.5,1.0,28,feaco_baseline__pos_0p5_rot_1p0__xyz0p5__ryp1__seed28.csv,False,False,True,0.05,False,9.800544452667232,3,123,True,0.15,3.0
level2_status_skip_vertical_blur_bss0p05__pos_0p5_rot_1p0__xyz0p5__ryp1__seed28,opencood/pretrained/feaco/generated_level2_status_skip_vertical_blur_bss0p05__pos_0p5_rot_1p0__xyz0p5__ryp1__seed28,opencood/pretrained/feaco/generated_level2_status_skip_vertical_blur_bss0p05__pos_0p5_rot_1p0__xyz0p5__ryp1__seed28/config.yaml,level2_status_skip_vertical_blur_bss0p05,point_pillar_where2comm_our,pos_0p5_rot_1p0,True,0.5,1.0,28,level2_status_skip_vertical_blur_bss0p05__pos_0p5_rot_1p0__xyz0p5__ryp1__seed28.csv,True,True,True,0.05,False,9.800544452667232,3,123,True,0.15,3.0
mc_status_skip_full_k3__pos_0p5_rot_1p0__xyz0p5__ryp1__seed28,opencood/pretrained/feaco/generated_mc_status_skip_full_k3__pos_0p5_rot_1p0__xyz0p5__ryp1__seed28,opencood/pretrained/feaco/generated_mc_status_skip_full_k3__pos_0p5_rot_1p0__xyz0p5__ryp1__seed28/config.yaml,mc_status_skip_full_k3,point_pillar_where2comm_our,pos_0p5_rot_1p0,True,0.5,1.0,28,mc_status_skip_full_k3__pos_0p5_rot_1p0__xyz0p5__ryp1__seed28.csv,True,False,True,0.05,True,9.800544452667232,3,123,False,0.15,3.0
feaco_baseline__pos_0p5_rot_2p0__xyz0p5__ryp2__seed28,opencood/pretrained/feaco/generated_feaco_baseline__pos_0p5_rot_2p0__xyz0p5__ryp2__seed28,opencood/pretrained/feaco/generated_feaco_baseline__pos_0p5_rot_2p0__xyz0p5__ryp2__seed28/config.yaml,feaco_baseline,point_pillar_where2comm_feaco,pos_0p5_rot_2p0,True,0.5,2.0,28,feaco_baseline__pos_0p5_rot_2p0__xyz0p5__ryp2__seed28.csv,False,False,True,0.05,False,9.800544452667232,3,123,True,0.15,3.0
level2_status_skip_vertical_blur_bss0p05__pos_0p5_rot_2p0__xyz0p5__ryp2__seed28,opencood/pretrained/feaco/generated_level2_status_skip_vertical_blur_bss0p05__pos_0p5_rot_2p0__xyz0p5__ryp2__seed28,opencood/pretrained/feaco/generated_level2_status_skip_vertical_blur_bss0p05__pos_0p5_rot_2p0__xyz0p5__ryp2__seed28/config.yaml,level2_status_skip_vertical_blur_bss0p05,point_pillar_where2comm_our,pos_0p5_rot_2p0,True,0.5,2.0,28,level2_status_skip_vertical_blur_bss0p05__pos_0p5_rot_2p0__xyz0p5__ryp2__seed28.csv,True,True,True,0.05,False,9.800544452667232,3,123,True,0.15,3.0
mc_status_skip_full_k3__pos_0p5_rot_2p0__xyz0p5__ryp2__seed28,opencood/pretrained/feaco/generated_mc_status_skip_full_k3__pos_0p5_rot_2p0__xyz0p5__ryp2__seed28,opencood/pretrained/feaco/generated_mc_status_skip_full_k3__pos_0p5_rot_2p0__xyz0p5__ryp2__seed28/config.yaml,mc_status_skip_full_k3,point_pillar_where2comm_our,pos_0p5_rot_2p0,True,0.5,2.0,28,mc_status_skip_full_k3__pos_0p5_rot_2p0__xyz0p5__ryp2__seed28.csv,True,False,True,0.05,True,9.800544452667232,3,123,False,0.15,3.0
feaco_baseline__pos_0p5_rot_4p0__xyz0p5__ryp4__seed28,opencood/pretrained/feaco/generated_feaco_baseline__pos_0p5_rot_4p0__xyz0p5__ryp4__seed28,opencood/pretrained/feaco/generated_feaco_baseline__pos_0p5_rot_4p0__xyz0p5__ryp4__seed28/config.yaml,feaco_baseline,point_pillar_where2comm_feaco,pos_0p5_rot_4p0,True,0.5,4.0,28,feaco_baseline__pos_0p5_rot_4p0__xyz0p5__ryp4__seed28.csv,False,False,True,0.05,False,9.800544452667232,3,123,True,0.15,3.0
level2_status_skip_vertical_blur_bss0p05__pos_0p5_rot_4p0__xyz0p5__ryp4__seed28,opencood/pretrained/feaco/generated_level2_status_skip_vertical_blur_bss0p05__pos_0p5_rot_4p0__xyz0p5__ryp4__seed28,opencood/pretrained/feaco/generated_level2_status_skip_vertical_blur_bss0p05__pos_0p5_rot_4p0__xyz0p5__ryp4__seed28/config.yaml,level2_status_skip_vertical_blur_bss0p05,point_pillar_where2comm_our,pos_0p5_rot_4p0,True,0.5,4.0,28,level2_status_skip_vertical_blur_bss0p05__pos_0p5_rot_4p0__xyz0p5__ryp4__seed28.csv,True,True,True,0.05,False,9.800544452667232,3,123,True,0.15,3.0
mc_status_skip_full_k3__pos_0p5_rot_4p0__xyz0p5__ryp4__seed28,opencood/pretrained/feaco/generated_mc_status_skip_full_k3__pos_0p5_rot_4p0__xyz0p5__ryp4__seed28,opencood/pretrained/feaco/generated_mc_status_skip_full_k3__pos_0p5_rot_4p0__xyz0p5__ryp4__seed28/config.yaml,mc_status_skip_full_k3,point_pillar_where2comm_our,pos_0p5_rot_4p0,True,0.5,4.0,28,mc_status_skip_full_k3__pos_0p5_rot_4p0__xyz0p5__ryp4__seed28.csv,True,False,True,0.05,True,9.800544452667232,3,123,False,0.15,3.0
feaco_baseline__pos_0p5_rot_6p0__xyz0p5__ryp6__seed28,opencood/pretrained/feaco/generated_feaco_baseline__pos_0p5_rot_6p0__xyz0p5__ryp6__seed28,opencood/pretrained/feaco/generated_feaco_baseline__pos_0p5_rot_6p0__xyz0p5__ryp6__seed28/config.yaml,feaco_baseline,point_pillar_where2comm_feaco,pos_0p5_rot_6p0,True,0.5,6.0,28,feaco_baseline__pos_0p5_rot_6p0__xyz0p5__ryp6__seed28.csv,False,False,True,0.05,False,9.800544452667232,3,123,True,0.15,3.0
level2_status_skip_vertical_blur_bss0p05__pos_0p5_rot_6p0__xyz0p5__ryp6__seed28,opencood/pretrained/feaco/generated_level2_status_skip_vertical_blur_bss0p05__pos_0p5_rot_6p0__xyz0p5__ryp6__seed28,opencood/pretrained/feaco/generated_level2_status_skip_vertical_blur_bss0p05__pos_0p5_rot_6p0__xyz0p5__ryp6__seed28/config.yaml,level2_status_skip_vertical_blur_bss0p05,point_pillar_where2comm_our,pos_0p5_rot_6p0,True,0.5,6.0,28,level2_status_skip_vertical_blur_bss0p05__pos_0p5_rot_6p0__xyz0p5__ryp6__seed28.csv,True,True,True,0.05,False,9.800544452667232,3,123,True,0.15,3.0
mc_status_skip_full_k3__pos_0p5_rot_6p0__xyz0p5__ryp6__seed28,opencood/pretrained/feaco/generated_mc_status_skip_full_k3__pos_0p5_rot_6p0__xyz0p5__ryp6__seed28,opencood/pretrained/feaco/generated_mc_status_skip_full_k3__pos_0p5_rot_6p0__xyz0p5__ryp6__seed28/config.yaml,mc_status_skip_full_k3,point_pillar_where2comm_our,pos_0p5_rot_6p0,True,0.5,6.0,28,mc_status_skip_full_k3__pos_0p5_rot_6p0__xyz0p5__ryp6__seed28.csv,True,False,True,0.05,True,9.800544452667232,3,123,False,0.15,3.0
feaco_baseline__pos_0p5_rot_8p0__xyz0p5__ryp8__seed28,opencood/pretrained/feaco/generated_feaco_baseline__pos_0p5_rot_8p0__xyz0p5__ryp8__seed28,opencood/pretrained/feaco/generated_feaco_baseline__pos_0p5_rot_8p0__xyz0p5__ryp8__seed28/config.yaml,feaco_baseline,point_pillar_where2comm_feaco,pos_0p5_rot_8p0,True,0.5,8.0,28,feaco_baseline__pos_0p5_rot_8p0__xyz0p5__ryp8__seed28.csv,False,False,True,0.05,False,9.800544452667232,3,123,True,0.15,3.0
level2_status_skip_vertical_blur_bss0p05__pos_0p5_rot_8p0__xyz0p5__ryp8__seed28,opencood/pretrained/feaco/generated_level2_status_skip_vertical_blur_bss0p05__pos_0p5_rot_8p0__xyz0p5__ryp8__seed28,opencood/pretrained/feaco/generated_level2_status_skip_vertical_blur_bss0p05__pos_0p5_rot_8p0__xyz0p5__ryp8__seed28/config.yaml,level2_status_skip_vertical_blur_bss0p05,point_pillar_where2comm_our,pos_0p5_rot_8p0,True,0.5,8.0,28,level2_status_skip_vertical_blur_bss0p05__pos_0p5_rot_8p0__xyz0p5__ryp8__seed28.csv,True,True,True,0.05,False,9.800544452667232,3,123,True,0.15,3.0
mc_status_skip_full_k3__pos_0p5_rot_8p0__xyz0p5__ryp8__seed28,opencood/pretrained/feaco/generated_mc_status_skip_full_k3__pos_0p5_rot_8p0__xyz0p5__ryp8__seed28,opencood/pretrained/feaco/generated_mc_status_skip_full_k3__pos_0p5_rot_8p0__xyz0p5__ryp8__seed28/config.yaml,mc_status_skip_full_k3,point_pillar_where2comm_our,pos_0p5_rot_8p0,True,0.5,8.0,28,mc_status_skip_full_k3__pos_0p5_rot_8p0__xyz0p5__ryp8__seed28.csv,True,False,True,0.05,True,9.800544452667232,3,123,False,0.15,3.0
feaco_baseline__pos_0p5_rot_10p0__xyz0p5__ryp10__seed28,opencood/pretrained/feaco/generated_feaco_baseline__pos_0p5_rot_10p0__xyz0p5__ryp10__seed28,opencood/pretrained/feaco/generated_feaco_baseline__pos_0p5_rot_10p0__xyz0p5__ryp10__seed28/config.yaml,feaco_baseline,point_pillar_where2comm_feaco,pos_0p5_rot_10p0,True,0.5,10.0,28,feaco_baseline__pos_0p5_rot_10p0__xyz0p5__ryp10__seed28.csv,False,False,True,0.05,False,9.800544452667232,3,123,True,0.15,3.0
level2_status_skip_vertical_blur_bss0p05__pos_0p5_rot_10p0__xyz0p5__ryp10__seed28,opencood/pretrained/feaco/generated_level2_status_skip_vertical_blur_bss0p05__pos_0p5_rot_10p0__xyz0p5__ryp10__seed28,opencood/pretrained/feaco/generated_level2_status_skip_vertical_blur_bss0p05__pos_0p5_rot_10p0__xyz0p5__ryp10__seed28/config.yaml,level2_status_skip_vertical_blur_bss0p05,point_pillar_where2comm_our,pos_0p5_rot_10p0,True,0.5,10.0,28,level2_status_skip_vertical_blur_bss0p05__pos_0p5_rot_10p0__xyz0p5__ryp10__seed28.csv,True,True,True,0.05,False,9.800544452667232,3,123,True,0.15,3.0
mc_status_skip_full_k3__pos_0p5_rot_10p0__xyz0p5__ryp10__seed28,opencood/pretrained/feaco/generated_mc_status_skip_full_k3__pos_0p5_rot_10p0__xyz0p5__ryp10__seed28,opencood/pretrained/feaco/generated_mc_status_skip_full_k3__pos_0p5_rot_10p0__xyz0p5__ryp10__seed28/config.yaml,mc_status_skip_full_k3,point_pillar_where2comm_our,pos_0p5_rot_10p0,True,0.5,10.0,28,mc_status_skip_full_k3__pos_0p5_rot_10p0__xyz0p5__ryp10__seed28.csv,True,False,True,0.05,True,9.800544452667232,3,123,False,0.15,3.0
feaco_baseline__pos_0p5_rot_14p0__xyz0p5__ryp14__seed28,opencood/pretrained/feaco/generated_feaco_baseline__pos_0p5_rot_14p0__xyz0p5__ryp14__seed28,opencood/pretrained/feaco/generated_feaco_baseline__pos_0p5_rot_14p0__xyz0p5__ryp14__seed28/config.yaml,feaco_baseline,point_pillar_where2comm_feaco,pos_0p5_rot_14p0,True,0.5,14.0,28,feaco_baseline__pos_0p5_rot_14p0__xyz0p5__ryp14__seed28.csv,False,False,True,0.05,False,9.800544452667232,3,123,True,0.15,3.0
level2_status_skip_vertical_blur_bss0p05__pos_0p5_rot_14p0__xyz0p5__ryp14__seed28,opencood/pretrained/feaco/generated_level2_status_skip_vertical_blur_bss0p05__pos_0p5_rot_14p0__xyz0p5__ryp14__seed28,opencood/pretrained/feaco/generated_level2_status_skip_vertical_blur_bss0p05__pos_0p5_rot_14p0__xyz0p5__ryp14__seed28/config.yaml,level2_status_skip_vertical_blur_bss0p05,point_pillar_where2comm_our,pos_0p5_rot_14p0,True,0.5,14.0,28,level2_status_skip_vertical_blur_bss0p05__pos_0p5_rot_14p0__xyz0p5__ryp14__seed28.csv,True,True,True,0.05,False,9.800544452667232,3,123,True,0.15,3.0
mc_status_skip_full_k3__pos_0p5_rot_14p0__xyz0p5__ryp14__seed28,opencood/pretrained/feaco/generated_mc_status_skip_full_k3__pos_0p5_rot_14p0__xyz0p5__ryp14__seed28,opencood/pretrained/feaco/generated_mc_status_skip_full_k3__pos_0p5_rot_14p0__xyz0p5__ryp14__seed28/config.yaml,mc_status_skip_full_k3,point_pillar_where2comm_our,pos_0p5_rot_14p0,True,0.5,14.0,28,mc_status_skip_full_k3__pos_0p5_rot_14p0__xyz0p5__ryp14__seed28.csv,True,False,True,0.05,True,9.800544452667232,3,123,False,0.15,3.0
feaco_baseline__pos_0p5_rot_18p0__xyz0p5__ryp18__seed28,opencood/pretrained/feaco/generated_feaco_baseline__pos_0p5_rot_18p0__xyz0p5__ryp18__seed28,opencood/pretrained/feaco/generated_feaco_baseline__pos_0p5_rot_18p0__xyz0p5__ryp18__seed28/config.yaml,feaco_baseline,point_pillar_where2comm_feaco,pos_0p5_rot_18p0,True,0.5,18.0,28,feaco_baseline__pos_0p5_rot_18p0__xyz0p5__ryp18__seed28.csv,False,False,True,0.05,False,9.800544452667232,3,123,True,0.15,3.0
level2_status_skip_vertical_blur_bss0p05__pos_0p5_rot_18p0__xyz0p5__ryp18__seed28,opencood/pretrained/feaco/generated_level2_status_skip_vertical_blur_bss0p05__pos_0p5_rot_18p0__xyz0p5__ryp18__seed28,opencood/pretrained/feaco/generated_level2_status_skip_vertical_blur_bss0p05__pos_0p5_rot_18p0__xyz0p5__ryp18__seed28/config.yaml,level2_status_skip_vertical_blur_bss0p05,point_pillar_where2comm_our,pos_0p5_rot_18p0,True,0.5,18.0,28,level2_status_skip_vertical_blur_bss0p05__pos_0p5_rot_18p0__xyz0p5__ryp18__seed28.csv,True,True,True,0.05,False,9.800544452667232,3,123,True,0.15,3.0
mc_status_skip_full_k3__pos_0p5_rot_18p0__xyz0p5__ryp18__seed28,opencood/pretrained/feaco/generated_mc_status_skip_full_k3__pos_0p5_rot_18p0__xyz0p5__ryp18__seed28,opencood/pretrained/feaco/generated_mc_status_skip_full_k3__pos_0p5_rot_18p0__xyz0p5__ryp18__seed28/config.yaml,mc_status_skip_full_k3,point_pillar_where2comm_our,pos_0p5_rot_18p0,True,0.5,18.0,28,mc_status_skip_full_k3__pos_0p5_rot_18p0__xyz0p5__ryp18__seed28.csv,True,False,True,0.05,True,9.800544452667232,3,123,False,0.15,3.0
feaco_baseline__pos_1p0_rot_1p0__xyz1__ryp1__seed28,opencood/pretrained/feaco/generated_feaco_baseline__pos_1p0_rot_1p0__xyz1__ryp1__seed28,opencood/pretrained/feaco/generated_feaco_baseline__pos_1p0_rot_1p0__xyz1__ryp1__seed28/config.yaml,feaco_baseline,point_pillar_where2comm_feaco,pos_1p0_rot_1p0,True,1.0,1.0,28,feaco_baseline__pos_1p0_rot_1p0__xyz1__ryp1__seed28.csv,False,False,True,0.05,False,9.800544452667232,3,123,True,0.15,3.0
level2_status_skip_vertical_blur_bss0p05__pos_1p0_rot_1p0__xyz1__ryp1__seed28,opencood/pretrained/feaco/generated_level2_status_skip_vertical_blur_bss0p05__pos_1p0_rot_1p0__xyz1__ryp1__seed28,opencood/pretrained/feaco/generated_level2_status_skip_vertical_blur_bss0p05__pos_1p0_rot_1p0__xyz1__ryp1__seed28/config.yaml,level2_status_skip_vertical_blur_bss0p05,point_pillar_where2comm_our,pos_1p0_rot_1p0,True,1.0,1.0,28,level2_status_skip_vertical_blur_bss0p05__pos_1p0_rot_1p0__xyz1__ryp1__seed28.csv,True,True,True,0.05,False,9.800544452667232,3,123,True,0.15,3.0
mc_status_skip_full_k3__pos_1p0_rot_1p0__xyz1__ryp1__seed28,opencood/pretrained/feaco/generated_mc_status_skip_full_k3__pos_1p0_rot_1p0__xyz1__ryp1__seed28,opencood/pretrained/feaco/generated_mc_status_skip_full_k3__pos_1p0_rot_1p0__xyz1__ryp1__seed28/config.yaml,mc_status_skip_full_k3,point_pillar_where2comm_our,pos_1p0_rot_1p0,True,1.0,1.0,28,mc_status_skip_full_k3__pos_1p0_rot_1p0__xyz1__ryp1__seed28.csv,True,False,True,0.05,True,9.800544452667232,3,123,False,0.15,3.0
feaco_baseline__pos_1p0_rot_2p0__xyz1__ryp2__seed28,opencood/pretrained/feaco/generated_feaco_baseline__pos_1p0_rot_2p0__xyz1__ryp2__seed28,opencood/pretrained/feaco/generated_feaco_baseline__pos_1p0_rot_2p0__xyz1__ryp2__seed28/config.yaml,feaco_baseline,point_pillar_where2comm_feaco,pos_1p0_rot_2p0,True,1.0,2.0,28,feaco_baseline__pos_1p0_rot_2p0__xyz1__ryp2__seed28.csv,False,False,True,0.05,False,9.800544452667232,3,123,True,0.15,3.0
level2_status_skip_vertical_blur_bss0p05__pos_1p0_rot_2p0__xyz1__ryp2__seed28,opencood/pretrained/feaco/generated_level2_status_skip_vertical_blur_bss0p05__pos_1p0_rot_2p0__xyz1__ryp2__seed28,opencood/pretrained/feaco/generated_level2_status_skip_vertical_blur_bss0p05__pos_1p0_rot_2p0__xyz1__ryp2__seed28/config.yaml,level2_status_skip_vertical_blur_bss0p05,point_pillar_where2comm_our,pos_1p0_rot_2p0,True,1.0,2.0,28,level2_status_skip_vertical_blur_bss0p05__pos_1p0_rot_2p0__xyz1__ryp2__seed28.csv,True,True,True,0.05,False,9.800544452667232,3,123,True,0.15,3.0
mc_status_skip_full_k3__pos_1p0_rot_2p0__xyz1__ryp2__seed28,opencood/pretrained/feaco/generated_mc_status_skip_full_k3__pos_1p0_rot_2p0__xyz1__ryp2__seed28,opencood/pretrained/feaco/generated_mc_status_skip_full_k3__pos_1p0_rot_2p0__xyz1__ryp2__seed28/config.yaml,mc_status_skip_full_k3,point_pillar_where2comm_our,pos_1p0_rot_2p0,True,1.0,2.0,28,mc_status_skip_full_k3__pos_1p0_rot_2p0__xyz1__ryp2__seed28.csv,True,False,True,0.05,True,9.800544452667232,3,123,False,0.15,3.0
feaco_baseline__pos_1p0_rot_4p0__xyz1__ryp4__seed28,opencood/pretrained/feaco/generated_feaco_baseline__pos_1p0_rot_4p0__xyz1__ryp4__seed28,opencood/pretrained/feaco/generated_feaco_baseline__pos_1p0_rot_4p0__xyz1__ryp4__seed28/config.yaml,feaco_baseline,point_pillar_where2comm_feaco,pos_1p0_rot_4p0,True,1.0,4.0,28,feaco_baseline__pos_1p0_rot_4p0__xyz1__ryp4__seed28.csv,False,False,True,0.05,False,9.800544452667232,3,123,True,0.15,3.0
level2_status_skip_vertical_blur_bss0p05__pos_1p0_rot_4p0__xyz1__ryp4__seed28,opencood/pretrained/feaco/generated_level2_status_skip_vertical_blur_bss0p05__pos_1p0_rot_4p0__xyz1__ryp4__seed28,opencood/pretrained/feaco/generated_level2_status_skip_vertical_blur_bss0p05__pos_1p0_rot_4p0__xyz1__ryp4__seed28/config.yaml,level2_status_skip_vertical_blur_bss0p05,point_pillar_where2comm_our,pos_1p0_rot_4p0,True,1.0,4.0,28,level2_status_skip_vertical_blur_bss0p05__pos_1p0_rot_4p0__xyz1__ryp4__seed28.csv,True,True,True,0.05,False,9.800544452667232,3,123,True,0.15,3.0
mc_status_skip_full_k3__pos_1p0_rot_4p0__xyz1__ryp4__seed28,opencood/pretrained/feaco/generated_mc_status_skip_full_k3__pos_1p0_rot_4p0__xyz1__ryp4__seed28,opencood/pretrained/feaco/generated_mc_status_skip_full_k3__pos_1p0_rot_4p0__xyz1__ryp4__seed28/config.yaml,mc_status_skip_full_k3,point_pillar_where2comm_our,pos_1p0_rot_4p0,True,1.0,4.0,28,mc_status_skip_full_k3__pos_1p0_rot_4p0__xyz1__ryp4__seed28.csv,True,False,True,0.05,True,9.800544452667232,3,123,False,0.15,3.0
feaco_baseline__pos_1p0_rot_6p0__xyz1__ryp6__seed28,opencood/pretrained/feaco/generated_feaco_baseline__pos_1p0_rot_6p0__xyz1__ryp6__seed28,opencood/pretrained/feaco/generated_feaco_baseline__pos_1p0_rot_6p0__xyz1__ryp6__seed28/config.yaml,feaco_baseline,point_pillar_where2comm_feaco,pos_1p0_rot_6p0,True,1.0,6.0,28,feaco_baseline__pos_1p0_rot_6p0__xyz1__ryp6__seed28.csv,False,False,True,0.05,False,9.800544452667232,3,123,True,0.15,3.0
level2_status_skip_vertical_blur_bss0p05__pos_1p0_rot_6p0__xyz1__ryp6__seed28,opencood/pretrained/feaco/generated_level2_status_skip_vertical_blur_bss0p05__pos_1p0_rot_6p0__xyz1__ryp6__seed28,opencood/pretrained/feaco/generated_level2_status_skip_vertical_blur_bss0p05__pos_1p0_rot_6p0__xyz1__ryp6__seed28/config.yaml,level2_status_skip_vertical_blur_bss0p05,point_pillar_where2comm_our,pos_1p0_rot_6p0,True,1.0,6.0,28,level2_status_skip_vertical_blur_bss0p05__pos_1p0_rot_6p0__xyz1__ryp6__seed28.csv,True,True,True,0.05,False,9.800544452667232,3,123,True,0.15,3.0
mc_status_skip_full_k3__pos_1p0_rot_6p0__xyz1__ryp6__seed28,opencood/pretrained/feaco/generated_mc_status_skip_full_k3__pos_1p0_rot_6p0__xyz1__ryp6__seed28,opencood/pretrained/feaco/generated_mc_status_skip_full_k3__pos_1p0_rot_6p0__xyz1__ryp6__seed28/config.yaml,mc_status_skip_full_k3,point_pillar_where2comm_our,pos_1p0_rot_6p0,True,1.0,6.0,28,mc_status_skip_full_k3__pos_1p0_rot_6p0__xyz1__ryp6__seed28.csv,True,False,True,0.05,True,9.800544452667232,3,123,False,0.15,3.0
feaco_baseline__pos_1p0_rot_8p0__xyz1__ryp8__seed28,opencood/pretrained/feaco/generated_feaco_baseline__pos_1p0_rot_8p0__xyz1__ryp8__seed28,opencood/pretrained/feaco/generated_feaco_baseline__pos_1p0_rot_8p0__xyz1__ryp8__seed28/config.yaml,feaco_baseline,point_pillar_where2comm_feaco,pos_1p0_rot_8p0,True,1.0,8.0,28,feaco_baseline__pos_1p0_rot_8p0__xyz1__ryp8__seed28.csv,False,False,True,0.05,False,9.800544452667232,3,123,True,0.15,3.0
level2_status_skip_vertical_blur_bss0p05__pos_1p0_rot_8p0__xyz1__ryp8__seed28,opencood/pretrained/feaco/generated_level2_status_skip_vertical_blur_bss0p05__pos_1p0_rot_8p0__xyz1__ryp8__seed28,opencood/pretrained/feaco/generated_level2_status_skip_vertical_blur_bss0p05__pos_1p0_rot_8p0__xyz1__ryp8__seed28/config.yaml,level2_status_skip_vertical_blur_bss0p05,point_pillar_where2comm_our,pos_1p0_rot_8p0,True,1.0,8.0,28,level2_status_skip_vertical_blur_bss0p05__pos_1p0_rot_8p0__xyz1__ryp8__seed28.csv,True,True,True,0.05,False,9.800544452667232,3,123,True,0.15,3.0
mc_status_skip_full_k3__pos_1p0_rot_8p0__xyz1__ryp8__seed28,opencood/pretrained/feaco/generated_mc_status_skip_full_k3__pos_1p0_rot_8p0__xyz1__ryp8__seed28,opencood/pretrained/feaco/generated_mc_status_skip_full_k3__pos_1p0_rot_8p0__xyz1__ryp8__seed28/config.yaml,mc_status_skip_full_k3,point_pillar_where2comm_our,pos_1p0_rot_8p0,True,1.0,8.0,28,mc_status_skip_full_k3__pos_1p0_rot_8p0__xyz1__ryp8__seed28.csv,True,False,True,0.05,True,9.800544452667232,3,123,False,0.15,3.0
feaco_baseline__pos_1p0_rot_10p0__xyz1__ryp10__seed28,opencood/pretrained/feaco/generated_feaco_baseline__pos_1p0_rot_10p0__xyz1__ryp10__seed28,opencood/pretrained/feaco/generated_feaco_baseline__pos_1p0_rot_10p0__xyz1__ryp10__seed28/config.yaml,feaco_baseline,point_pillar_where2comm_feaco,pos_1p0_rot_10p0,True,1.0,10.0,28,feaco_baseline__pos_1p0_rot_10p0__xyz1__ryp10__seed28.csv,False,False,True,0.05,False,9.800544452667232,3,123,True,0.15,3.0
level2_status_skip_vertical_blur_bss0p05__pos_1p0_rot_10p0__xyz1__ryp10__seed28,opencood/pretrained/feaco/generated_level2_status_skip_vertical_blur_bss0p05__pos_1p0_rot_10p0__xyz1__ryp10__seed28,opencood/pretrained/feaco/generated_level2_status_skip_vertical_blur_bss0p05__pos_1p0_rot_10p0__xyz1__ryp10__seed28/config.yaml,level2_status_skip_vertical_blur_bss0p05,point_pillar_where2comm_our,pos_1p0_rot_10p0,True,1.0,10.0,28,level2_status_skip_vertical_blur_bss0p05__pos_1p0_rot_10p0__xyz1__ryp10__seed28.csv,True,True,True,0.05,False,9.800544452667232,3,123,True,0.15,3.0
mc_status_skip_full_k3__pos_1p0_rot_10p0__xyz1__ryp10__seed28,opencood/pretrained/feaco/generated_mc_status_skip_full_k3__pos_1p0_rot_10p0__xyz1__ryp10__seed28,opencood/pretrained/feaco/generated_mc_status_skip_full_k3__pos_1p0_rot_10p0__xyz1__ryp10__seed28/config.yaml,mc_status_skip_full_k3,point_pillar_where2comm_our,pos_1p0_rot_10p0,True,1.0,10.0,28,mc_status_skip_full_k3__pos_1p0_rot_10p0__xyz1__ryp10__seed28.csv,True,False,True,0.05,True,9.800544452667232,3,123,False,0.15,3.0
feaco_baseline__pos_1p0_rot_14p0__xyz1__ryp14__seed28,opencood/pretrained/feaco/generated_feaco_baseline__pos_1p0_rot_14p0__xyz1__ryp14__seed28,opencood/pretrained/feaco/generated_feaco_baseline__pos_1p0_rot_14p0__xyz1__ryp14__seed28/config.yaml,feaco_baseline,point_pillar_where2comm_feaco,pos_1p0_rot_14p0,True,1.0,14.0,28,feaco_baseline__pos_1p0_rot_14p0__xyz1__ryp14__seed28.csv,False,False,True,0.05,False,9.800544452667232,3,123,True,0.15,3.0
level2_status_skip_vertical_blur_bss0p05__pos_1p0_rot_14p0__xyz1__ryp14__seed28,opencood/pretrained/feaco/generated_level2_status_skip_vertical_blur_bss0p05__pos_1p0_rot_14p0__xyz1__ryp14__seed28,opencood/pretrained/feaco/generated_level2_status_skip_vertical_blur_bss0p05__pos_1p0_rot_14p0__xyz1__ryp14__seed28/config.yaml,level2_status_skip_vertical_blur_bss0p05,point_pillar_where2comm_our,pos_1p0_rot_14p0,True,1.0,14.0,28,level2_status_skip_vertical_blur_bss0p05__pos_1p0_rot_14p0__xyz1__ryp14__seed28.csv,True,True,True,0.05,False,9.800544452667232,3,123,True,0.15,3.0
mc_status_skip_full_k3__pos_1p0_rot_14p0__xyz1__ryp14__seed28,opencood/pretrained/feaco/generated_mc_status_skip_full_k3__pos_1p0_rot_14p0__xyz1__ryp14__seed28,opencood/pretrained/feaco/generated_mc_status_skip_full_k3__pos_1p0_rot_14p0__xyz1__ryp14__seed28/config.yaml,mc_status_skip_full_k3,point_pillar_where2comm_our,pos_1p0_rot_14p0,True,1.0,14.0,28,mc_status_skip_full_k3__pos_1p0_rot_14p0__xyz1__ryp14__seed28.csv,True,False,True,0.05,True,9.800544452667232,3,123,False,0.15,3.0
feaco_baseline__pos_1p0_rot_18p0__xyz1__ryp18__seed28,opencood/pretrained/feaco/generated_feaco_baseline__pos_1p0_rot_18p0__xyz1__ryp18__seed28,opencood/pretrained/feaco/generated_feaco_baseline__pos_1p0_rot_18p0__xyz1__ryp18__seed28/config.yaml,feaco_baseline,point_pillar_where2comm_feaco,pos_1p0_rot_18p0,True,1.0,18.0,28,feaco_baseline__pos_1p0_rot_18p0__xyz1__ryp18__seed28.csv,False,False,True,0.05,False,9.800544452667232,3,123,True,0.15,3.0
level2_status_skip_vertical_blur_bss0p05__pos_1p0_rot_18p0__xyz1__ryp18__seed28,opencood/pretrained/feaco/generated_level2_status_skip_vertical_blur_bss0p05__pos_1p0_rot_18p0__xyz1__ryp18__seed28,opencood/pretrained/feaco/generated_level2_status_skip_vertical_blur_bss0p05__pos_1p0_rot_18p0__xyz1__ryp18__seed28/config.yaml,level2_status_skip_vertical_blur_bss0p05,point_pillar_where2comm_our,pos_1p0_rot_18p0,True,1.0,18.0,28,level2_status_skip_vertical_blur_bss0p05__pos_1p0_rot_18p0__xyz1__ryp18__seed28.csv,True,True,True,0.05,False,9.800544452667232,3,123,True,0.15,3.0
mc_status_skip_full_k3__pos_1p0_rot_18p0__xyz1__ryp18__seed28,opencood/pretrained/feaco/generated_mc_status_skip_full_k3__pos_1p0_rot_18p0__xyz1__ryp18__seed28,opencood/pretrained/feaco/generated_mc_status_skip_full_k3__pos_1p0_rot_18p0__xyz1__ryp18__seed28/config.yaml,mc_status_skip_full_k3,point_pillar_where2comm_our,pos_1p0_rot_18p0,True,1.0,18.0,28,mc_status_skip_full_k3__pos_1p0_rot_18p0__xyz1__ryp18__seed28.csv,True,False,True,0.05,True,9.800544452667232,3,123,False,0.15,3.0
feaco_baseline__pos_1p5_rot_1p0__xyz1p5__ryp1__seed28,opencood/pretrained/feaco/generated_feaco_baseline__pos_1p5_rot_1p0__xyz1p5__ryp1__seed28,opencood/pretrained/feaco/generated_feaco_baseline__pos_1p5_rot_1p0__xyz1p5__ryp1__seed28/config.yaml,feaco_baseline,point_pillar_where2comm_feaco,pos_1p5_rot_1p0,True,1.5,1.0,28,feaco_baseline__pos_1p5_rot_1p0__xyz1p5__ryp1__seed28.csv,False,False,True,0.05,False,9.800544452667232,3,123,True,0.15,3.0
level2_status_skip_vertical_blur_bss0p05__pos_1p5_rot_1p0__xyz1p5__ryp1__seed28,opencood/pretrained/feaco/generated_level2_status_skip_vertical_blur_bss0p05__pos_1p5_rot_1p0__xyz1p5__ryp1__seed28,opencood/pretrained/feaco/generated_level2_status_skip_vertical_blur_bss0p05__pos_1p5_rot_1p0__xyz1p5__ryp1__seed28/config.yaml,level2_status_skip_vertical_blur_bss0p05,point_pillar_where2comm_our,pos_1p5_rot_1p0,True,1.5,1.0,28,level2_status_skip_vertical_blur_bss0p05__pos_1p5_rot_1p0__xyz1p5__ryp1__seed28.csv,True,True,True,0.05,False,9.800544452667232,3,123,True,0.15,3.0
mc_status_skip_full_k3__pos_1p5_rot_1p0__xyz1p5__ryp1__seed28,opencood/pretrained/feaco/generated_mc_status_skip_full_k3__pos_1p5_rot_1p0__xyz1p5__ryp1__seed28,opencood/pretrained/feaco/generated_mc_status_skip_full_k3__pos_1p5_rot_1p0__xyz1p5__ryp1__seed28/config.yaml,mc_status_skip_full_k3,point_pillar_where2comm_our,pos_1p5_rot_1p0,True,1.5,1.0,28,mc_status_skip_full_k3__pos_1p5_rot_1p0__xyz1p5__ryp1__seed28.csv,True,False,True,0.05,True,9.800544452667232,3,123,False,0.15,3.0
feaco_baseline__pos_1p5_rot_2p0__xyz1p5__ryp2__seed28,opencood/pretrained/feaco/generated_feaco_baseline__pos_1p5_rot_2p0__xyz1p5__ryp2__seed28,opencood/pretrained/feaco/generated_feaco_baseline__pos_1p5_rot_2p0__xyz1p5__ryp2__seed28/config.yaml,feaco_baseline,point_pillar_where2comm_feaco,pos_1p5_rot_2p0,True,1.5,2.0,28,feaco_baseline__pos_1p5_rot_2p0__xyz1p5__ryp2__seed28.csv,False,False,True,0.05,False,9.800544452667232,3,123,True,0.15,3.0
level2_status_skip_vertical_blur_bss0p05__pos_1p5_rot_2p0__xyz1p5__ryp2__seed28,opencood/pretrained/feaco/generated_level2_status_skip_vertical_blur_bss0p05__pos_1p5_rot_2p0__xyz1p5__ryp2__seed28,opencood/pretrained/feaco/generated_level2_status_skip_vertical_blur_bss0p05__pos_1p5_rot_2p0__xyz1p5__ryp2__seed28/config.yaml,level2_status_skip_vertical_blur_bss0p05,point_pillar_where2comm_our,pos_1p5_rot_2p0,True,1.5,2.0,28,level2_status_skip_vertical_blur_bss0p05__pos_1p5_rot_2p0__xyz1p5__ryp2__seed28.csv,True,True,True,0.05,False,9.800544452667232,3,123,True,0.15,3.0
mc_status_skip_full_k3__pos_1p5_rot_2p0__xyz1p5__ryp2__seed28,opencood/pretrained/feaco/generated_mc_status_skip_full_k3__pos_1p5_rot_2p0__xyz1p5__ryp2__seed28,opencood/pretrained/feaco/generated_mc_status_skip_full_k3__pos_1p5_rot_2p0__xyz1p5__ryp2__seed28/config.yaml,mc_status_skip_full_k3,point_pillar_where2comm_our,pos_1p5_rot_2p0,True,1.5,2.0,28,mc_status_skip_full_k3__pos_1p5_rot_2p0__xyz1p5__ryp2__seed28.csv,True,False,True,0.05,True,9.800544452667232,3,123,False,0.15,3.0
feaco_baseline__pos_1p5_rot_4p0__xyz1p5__ryp4__seed28,opencood/pretrained/feaco/generated_feaco_baseline__pos_1p5_rot_4p0__xyz1p5__ryp4__seed28,opencood/pretrained/feaco/generated_feaco_baseline__pos_1p5_rot_4p0__xyz1p5__ryp4__seed28/config.yaml,feaco_baseline,point_pillar_where2comm_feaco,pos_1p5_rot_4p0,True,1.5,4.0,28,feaco_baseline__pos_1p5_rot_4p0__xyz1p5__ryp4__seed28.csv,False,False,True,0.05,False,9.800544452667232,3,123,True,0.15,3.0
level2_status_skip_vertical_blur_bss0p05__pos_1p5_rot_4p0__xyz1p5__ryp4__seed28,opencood/pretrained/feaco/generated_level2_status_skip_vertical_blur_bss0p05__pos_1p5_rot_4p0__xyz1p5__ryp4__seed28,opencood/pretrained/feaco/generated_level2_status_skip_vertical_blur_bss0p05__pos_1p5_rot_4p0__xyz1p5__ryp4__seed28/config.yaml,level2_status_skip_vertical_blur_bss0p05,point_pillar_where2comm_our,pos_1p5_rot_4p0,True,1.5,4.0,28,level2_status_skip_vertical_blur_bss0p05__pos_1p5_rot_4p0__xyz1p5__ryp4__seed28.csv,True,True,True,0.05,False,9.800544452667232,3,123,True,0.15,3.0
mc_status_skip_full_k3__pos_1p5_rot_4p0__xyz1p5__ryp4__seed28,opencood/pretrained/feaco/generated_mc_status_skip_full_k3__pos_1p5_rot_4p0__xyz1p5__ryp4__seed28,opencood/pretrained/feaco/generated_mc_status_skip_full_k3__pos_1p5_rot_4p0__xyz1p5__ryp4__seed28/config.yaml,mc_status_skip_full_k3,point_pillar_where2comm_our,pos_1p5_rot_4p0,True,1.5,4.0,28,mc_status_skip_full_k3__pos_1p5_rot_4p0__xyz1p5__ryp4__seed28.csv,True,False,True,0.05,True,9.800544452667232,3,123,False,0.15,3.0
feaco_baseline__pos_1p5_rot_6p0__xyz1p5__ryp6__seed28,opencood/pretrained/feaco/generated_feaco_baseline__pos_1p5_rot_6p0__xyz1p5__ryp6__seed28,opencood/pretrained/feaco/generated_feaco_baseline__pos_1p5_rot_6p0__xyz1p5__ryp6__seed28/config.yaml,feaco_baseline,point_pillar_where2comm_feaco,pos_1p5_rot_6p0,True,1.5,6.0,28,feaco_baseline__pos_1p5_rot_6p0__xyz1p5__ryp6__seed28.csv,False,False,True,0.05,False,9.800544452667232,3,123,True,0.15,3.0
level2_status_skip_vertical_blur_bss0p05__pos_1p5_rot_6p0__xyz1p5__ryp6__seed28,opencood/pretrained/feaco/generated_level2_status_skip_vertical_blur_bss0p05__pos_1p5_rot_6p0__xyz1p5__ryp6__seed28,opencood/pretrained/feaco/generated_level2_status_skip_vertical_blur_bss0p05__pos_1p5_rot_6p0__xyz1p5__ryp6__seed28/config.yaml,level2_status_skip_vertical_blur_bss0p05,point_pillar_where2comm_our,pos_1p5_rot_6p0,True,1.5,6.0,28,level2_status_skip_vertical_blur_bss0p05__pos_1p5_rot_6p0__xyz1p5__ryp6__seed28.csv,True,True,True,0.05,False,9.800544452667232,3,123,True,0.15,3.0
mc_status_skip_full_k3__pos_1p5_rot_6p0__xyz1p5__ryp6__seed28,opencood/pretrained/feaco/generated_mc_status_skip_full_k3__pos_1p5_rot_6p0__xyz1p5__ryp6__seed28,opencood/pretrained/feaco/generated_mc_status_skip_full_k3__pos_1p5_rot_6p0__xyz1p5__ryp6__seed28/config.yaml,mc_status_skip_full_k3,point_pillar_where2comm_our,pos_1p5_rot_6p0,True,1.5,6.0,28,mc_status_skip_full_k3__pos_1p5_rot_6p0__xyz1p5__ryp6__seed28.csv,True,False,True,0.05,True,9.800544452667232,3,123,False,0.15,3.0
feaco_baseline__pos_1p5_rot_8p0__xyz1p5__ryp8__seed28,opencood/pretrained/feaco/generated_feaco_baseline__pos_1p5_rot_8p0__xyz1p5__ryp8__seed28,opencood/pretrained/feaco/generated_feaco_baseline__pos_1p5_rot_8p0__xyz1p5__ryp8__seed28/config.yaml,feaco_baseline,point_pillar_where2comm_feaco,pos_1p5_rot_8p0,True,1.5,8.0,28,feaco_baseline__pos_1p5_rot_8p0__xyz1p5__ryp8__seed28.csv,False,False,True,0.05,False,9.800544452667232,3,123,True,0.15,3.0
level2_status_skip_vertical_blur_bss0p05__pos_1p5_rot_8p0__xyz1p5__ryp8__seed28,opencood/pretrained/feaco/generated_level2_status_skip_vertical_blur_bss0p05__pos_1p5_rot_8p0__xyz1p5__ryp8__seed28,opencood/pretrained/feaco/generated_level2_status_skip_vertical_blur_bss0p05__pos_1p5_rot_8p0__xyz1p5__ryp8__seed28/config.yaml,level2_status_skip_vertical_blur_bss0p05,point_pillar_where2comm_our,pos_1p5_rot_8p0,True,1.5,8.0,28,level2_status_skip_vertical_blur_bss0p05__pos_1p5_rot_8p0__xyz1p5__ryp8__seed28.csv,True,True,True,0.05,False,9.800544452667232,3,123,True,0.15,3.0
mc_status_skip_full_k3__pos_1p5_rot_8p0__xyz1p5__ryp8__seed28,opencood/pretrained/feaco/generated_mc_status_skip_full_k3__pos_1p5_rot_8p0__xyz1p5__ryp8__seed28,opencood/pretrained/feaco/generated_mc_status_skip_full_k3__pos_1p5_rot_8p0__xyz1p5__ryp8__seed28/config.yaml,mc_status_skip_full_k3,point_pillar_where2comm_our,pos_1p5_rot_8p0,True,1.5,8.0,28,mc_status_skip_full_k3__pos_1p5_rot_8p0__xyz1p5__ryp8__seed28.csv,True,False,True,0.05,True,9.800544452667232,3,123,False,0.15,3.0
feaco_baseline__pos_1p5_rot_10p0__xyz1p5__ryp10__seed28,opencood/pretrained/feaco/generated_feaco_baseline__pos_1p5_rot_10p0__xyz1p5__ryp10__seed28,opencood/pretrained/feaco/generated_feaco_baseline__pos_1p5_rot_10p0__xyz1p5__ryp10__seed28/config.yaml,feaco_baseline,point_pillar_where2comm_feaco,pos_1p5_rot_10p0,True,1.5,10.0,28,feaco_baseline__pos_1p5_rot_10p0__xyz1p5__ryp10__seed28.csv,False,False,True,0.05,False,9.800544452667232,3,123,True,0.15,3.0
level2_status_skip_vertical_blur_bss0p05__pos_1p5_rot_10p0__xyz1p5__ryp10__seed28,opencood/pretrained/feaco/generated_level2_status_skip_vertical_blur_bss0p05__pos_1p5_rot_10p0__xyz1p5__ryp10__seed28,opencood/pretrained/feaco/generated_level2_status_skip_vertical_blur_bss0p05__pos_1p5_rot_10p0__xyz1p5__ryp10__seed28/config.yaml,level2_status_skip_vertical_blur_bss0p05,point_pillar_where2comm_our,pos_1p5_rot_10p0,True,1.5,10.0,28,level2_status_skip_vertical_blur_bss0p05__pos_1p5_rot_10p0__xyz1p5__ryp10__seed28.csv,True,True,True,0.05,False,9.800544452667232,3,123,True,0.15,3.0
mc_status_skip_full_k3__pos_1p5_rot_10p0__xyz1p5__ryp10__seed28,opencood/pretrained/feaco/generated_mc_status_skip_full_k3__pos_1p5_rot_10p0__xyz1p5__ryp10__seed28,opencood/pretrained/feaco/generated_mc_status_skip_full_k3__pos_1p5_rot_10p0__xyz1p5__ryp10__seed28/config.yaml,mc_status_skip_full_k3,point_pillar_where2comm_our,pos_1p5_rot_10p0,True,1.5,10.0,28,mc_status_skip_full_k3__pos_1p5_rot_10p0__xyz1p5__ryp10__seed28.csv,True,False,True,0.05,True,9.800544452667232,3,123,False,0.15,3.0
feaco_baseline__pos_1p5_rot_14p0__xyz1p5__ryp14__seed28,opencood/pretrained/feaco/generated_feaco_baseline__pos_1p5_rot_14p0__xyz1p5__ryp14__seed28,opencood/pretrained/feaco/generated_feaco_baseline__pos_1p5_rot_14p0__xyz1p5__ryp14__seed28/config.yaml,feaco_baseline,point_pillar_where2comm_feaco,pos_1p5_rot_14p0,True,1.5,14.0,28,feaco_baseline__pos_1p5_rot_14p0__xyz1p5__ryp14__seed28.csv,False,False,True,0.05,False,9.800544452667232,3,123,True,0.15,3.0
level2_status_skip_vertical_blur_bss0p05__pos_1p5_rot_14p0__xyz1p5__ryp14__seed28,opencood/pretrained/feaco/generated_level2_status_skip_vertical_blur_bss0p05__pos_1p5_rot_14p0__xyz1p5__ryp14__seed28,opencood/pretrained/feaco/generated_level2_status_skip_vertical_blur_bss0p05__pos_1p5_rot_14p0__xyz1p5__ryp14__seed28/config.yaml,level2_status_skip_vertical_blur_bss0p05,point_pillar_where2comm_our,pos_1p5_rot_14p0,True,1.5,14.0,28,level2_status_skip_vertical_blur_bss0p05__pos_1p5_rot_14p0__xyz1p5__ryp14__seed28.csv,True,True,True,0.05,False,9.800544452667232,3,123,True,0.15,3.0
mc_status_skip_full_k3__pos_1p5_rot_14p0__xyz1p5__ryp14__seed28,opencood/pretrained/feaco/generated_mc_status_skip_full_k3__pos_1p5_rot_14p0__xyz1p5__ryp14__seed28,opencood/pretrained/feaco/generated_mc_status_skip_full_k3__pos_1p5_rot_14p0__xyz1p5__ryp14__seed28/config.yaml,mc_status_skip_full_k3,point_pillar_where2comm_our,pos_1p5_rot_14p0,True,1.5,14.0,28,mc_status_skip_full_k3__pos_1p5_rot_14p0__xyz1p5__ryp14__seed28.csv,True,False,True,0.05,True,9.800544452667232,3,123,False,0.15,3.0
feaco_baseline__pos_1p5_rot_18p0__xyz1p5__ryp18__seed28,opencood/pretrained/feaco/generated_feaco_baseline__pos_1p5_rot_18p0__xyz1p5__ryp18__seed28,opencood/pretrained/feaco/generated_feaco_baseline__pos_1p5_rot_18p0__xyz1p5__ryp18__seed28/config.yaml,feaco_baseline,point_pillar_where2comm_feaco,pos_1p5_rot_18p0,True,1.5,18.0,28,feaco_baseline__pos_1p5_rot_18p0__xyz1p5__ryp18__seed28.csv,False,False,True,0.05,False,9.800544452667232,3,123,True,0.15,3.0
level2_status_skip_vertical_blur_bss0p05__pos_1p5_rot_18p0__xyz1p5__ryp18__seed28,opencood/pretrained/feaco/generated_level2_status_skip_vertical_blur_bss0p05__pos_1p5_rot_18p0__xyz1p5__ryp18__seed28,opencood/pretrained/feaco/generated_level2_status_skip_vertical_blur_bss0p05__pos_1p5_rot_18p0__xyz1p5__ryp18__seed28/config.yaml,level2_status_skip_vertical_blur_bss0p05,point_pillar_where2comm_our,pos_1p5_rot_18p0,True,1.5,18.0,28,level2_status_skip_vertical_blur_bss0p05__pos_1p5_rot_18p0__xyz1p5__ryp18__seed28.csv,True,True,True,0.05,False,9.800544452667232,3,123,True,0.15,3.0
mc_status_skip_full_k3__pos_1p5_rot_18p0__xyz1p5__ryp18__seed28,opencood/pretrained/feaco/generated_mc_status_skip_full_k3__pos_1p5_rot_18p0__xyz1p5__ryp18__seed28,opencood/pretrained/feaco/generated_mc_status_skip_full_k3__pos_1p5_rot_18p0__xyz1p5__ryp18__seed28/config.yaml,mc_status_skip_full_k3,point_pillar_where2comm_our,pos_1p5_rot_18p0,True,1.5,18.0,28,mc_status_skip_full_k3__pos_1p5_rot_18p0__xyz1p5__ryp18__seed28.csv,True,False,True,0.05,True,9.800544452667232,3,123,False,0.15,3.0
feaco_baseline__pos_2p0_rot_1p0__xyz2__ryp1__seed28,opencood/pretrained/feaco/generated_feaco_baseline__pos_2p0_rot_1p0__xyz2__ryp1__seed28,opencood/pretrained/feaco/generated_feaco_baseline__pos_2p0_rot_1p0__xyz2__ryp1__seed28/config.yaml,feaco_baseline,point_pillar_where2comm_feaco,pos_2p0_rot_1p0,True,2.0,1.0,28,feaco_baseline__pos_2p0_rot_1p0__xyz2__ryp1__seed28.csv,False,False,True,0.05,False,9.800544452667232,3,123,True,0.15,3.0
level2_status_skip_vertical_blur_bss0p05__pos_2p0_rot_1p0__xyz2__ryp1__seed28,opencood/pretrained/feaco/generated_level2_status_skip_vertical_blur_bss0p05__pos_2p0_rot_1p0__xyz2__ryp1__seed28,opencood/pretrained/feaco/generated_level2_status_skip_vertical_blur_bss0p05__pos_2p0_rot_1p0__xyz2__ryp1__seed28/config.yaml,level2_status_skip_vertical_blur_bss0p05,point_pillar_where2comm_our,pos_2p0_rot_1p0,True,2.0,1.0,28,level2_status_skip_vertical_blur_bss0p05__pos_2p0_rot_1p0__xyz2__ryp1__seed28.csv,True,True,True,0.05,False,9.800544452667232,3,123,True,0.15,3.0
mc_status_skip_full_k3__pos_2p0_rot_1p0__xyz2__ryp1__seed28,opencood/pretrained/feaco/generated_mc_status_skip_full_k3__pos_2p0_rot_1p0__xyz2__ryp1__seed28,opencood/pretrained/feaco/generated_mc_status_skip_full_k3__pos_2p0_rot_1p0__xyz2__ryp1__seed28/config.yaml,mc_status_skip_full_k3,point_pillar_where2comm_our,pos_2p0_rot_1p0,True,2.0,1.0,28,mc_status_skip_full_k3__pos_2p0_rot_1p0__xyz2__ryp1__seed28.csv,True,False,True,0.05,True,9.800544452667232,3,123,False,0.15,3.0
feaco_baseline__pos_2p0_rot_2p0__xyz2__ryp2__seed28,opencood/pretrained/feaco/generated_feaco_baseline__pos_2p0_rot_2p0__xyz2__ryp2__seed28,opencood/pretrained/feaco/generated_feaco_baseline__pos_2p0_rot_2p0__xyz2__ryp2__seed28/config.yaml,feaco_baseline,point_pillar_where2comm_feaco,pos_2p0_rot_2p0,True,2.0,2.0,28,feaco_baseline__pos_2p0_rot_2p0__xyz2__ryp2__seed28.csv,False,False,True,0.05,False,9.800544452667232,3,123,True,0.15,3.0
level2_status_skip_vertical_blur_bss0p05__pos_2p0_rot_2p0__xyz2__ryp2__seed28,opencood/pretrained/feaco/generated_level2_status_skip_vertical_blur_bss0p05__pos_2p0_rot_2p0__xyz2__ryp2__seed28,opencood/pretrained/feaco/generated_level2_status_skip_vertical_blur_bss0p05__pos_2p0_rot_2p0__xyz2__ryp2__seed28/config.yaml,level2_status_skip_vertical_blur_bss0p05,point_pillar_where2comm_our,pos_2p0_rot_2p0,True,2.0,2.0,28,level2_status_skip_vertical_blur_bss0p05__pos_2p0_rot_2p0__xyz2__ryp2__seed28.csv,True,True,True,0.05,False,9.800544452667232,3,123,True,0.15,3.0
mc_status_skip_full_k3__pos_2p0_rot_2p0__xyz2__ryp2__seed28,opencood/pretrained/feaco/generated_mc_status_skip_full_k3__pos_2p0_rot_2p0__xyz2__ryp2__seed28,opencood/pretrained/feaco/generated_mc_status_skip_full_k3__pos_2p0_rot_2p0__xyz2__ryp2__seed28/config.yaml,mc_status_skip_full_k3,point_pillar_where2comm_our,pos_2p0_rot_2p0,True,2.0,2.0,28,mc_status_skip_full_k3__pos_2p0_rot_2p0__xyz2__ryp2__seed28.csv,True,False,True,0.05,True,9.800544452667232,3,123,False,0.15,3.0
feaco_baseline__pos_2p0_rot_4p0__xyz2__ryp4__seed28,opencood/pretrained/feaco/generated_feaco_baseline__pos_2p0_rot_4p0__xyz2__ryp4__seed28,opencood/pretrained/feaco/generated_feaco_baseline__pos_2p0_rot_4p0__xyz2__ryp4__seed28/config.yaml,feaco_baseline,point_pillar_where2comm_feaco,pos_2p0_rot_4p0,True,2.0,4.0,28,feaco_baseline__pos_2p0_rot_4p0__xyz2__ryp4__seed28.csv,False,False,True,0.05,False,9.800544452667232,3,123,True,0.15,3.0
level2_status_skip_vertical_blur_bss0p05__pos_2p0_rot_4p0__xyz2__ryp4__seed28,opencood/pretrained/feaco/generated_level2_status_skip_vertical_blur_bss0p05__pos_2p0_rot_4p0__xyz2__ryp4__seed28,opencood/pretrained/feaco/generated_level2_status_skip_vertical_blur_bss0p05__pos_2p0_rot_4p0__xyz2__ryp4__seed28/config.yaml,level2_status_skip_vertical_blur_bss0p05,point_pillar_where2comm_our,pos_2p0_rot_4p0,True,2.0,4.0,28,level2_status_skip_vertical_blur_bss0p05__pos_2p0_rot_4p0__xyz2__ryp4__seed28.csv,True,True,True,0.05,False,9.800544452667232,3,123,True,0.15,3.0
mc_status_skip_full_k3__pos_2p0_rot_4p0__xyz2__ryp4__seed28,opencood/pretrained/feaco/generated_mc_status_skip_full_k3__pos_2p0_rot_4p0__xyz2__ryp4__seed28,opencood/pretrained/feaco/generated_mc_status_skip_full_k3__pos_2p0_rot_4p0__xyz2__ryp4__seed28/config.yaml,mc_status_skip_full_k3,point_pillar_where2comm_our,pos_2p0_rot_4p0,True,2.0,4.0,28,mc_status_skip_full_k3__pos_2p0_rot_4p0__xyz2__ryp4__seed28.csv,True,False,True,0.05,True,9.800544452667232,3,123,False,0.15,3.0
feaco_baseline__pos_2p0_rot_6p0__xyz2__ryp6__seed28,opencood/pretrained/feaco/generated_feaco_baseline__pos_2p0_rot_6p0__xyz2__ryp6__seed28,opencood/pretrained/feaco/generated_feaco_baseline__pos_2p0_rot_6p0__xyz2__ryp6__seed28/config.yaml,feaco_baseline,point_pillar_where2comm_feaco,pos_2p0_rot_6p0,True,2.0,6.0,28,feaco_baseline__pos_2p0_rot_6p0__xyz2__ryp6__seed28.csv,False,False,True,0.05,False,9.800544452667232,3,123,True,0.15,3.0
level2_status_skip_vertical_blur_bss0p05__pos_2p0_rot_6p0__xyz2__ryp6__seed28,opencood/pretrained/feaco/generated_level2_status_skip_vertical_blur_bss0p05__pos_2p0_rot_6p0__xyz2__ryp6__seed28,opencood/pretrained/feaco/generated_level2_status_skip_vertical_blur_bss0p05__pos_2p0_rot_6p0__xyz2__ryp6__seed28/config.yaml,level2_status_skip_vertical_blur_bss0p05,point_pillar_where2comm_our,pos_2p0_rot_6p0,True,2.0,6.0,28,level2_status_skip_vertical_blur_bss0p05__pos_2p0_rot_6p0__xyz2__ryp6__seed28.csv,True,True,True,0.05,False,9.800544452667232,3,123,True,0.15,3.0
mc_status_skip_full_k3__pos_2p0_rot_6p0__xyz2__ryp6__seed28,opencood/pretrained/feaco/generated_mc_status_skip_full_k3__pos_2p0_rot_6p0__xyz2__ryp6__seed28,opencood/pretrained/feaco/generated_mc_status_skip_full_k3__pos_2p0_rot_6p0__xyz2__ryp6__seed28/config.yaml,mc_status_skip_full_k3,point_pillar_where2comm_our,pos_2p0_rot_6p0,True,2.0,6.0,28,mc_status_skip_full_k3__pos_2p0_rot_6p0__xyz2__ryp6__seed28.csv,True,False,True,0.05,True,9.800544452667232,3,123,False,0.15,3.0
feaco_baseline__pos_2p0_rot_8p0__xyz2__ryp8__seed28,opencood/pretrained/feaco/generated_feaco_baseline__pos_2p0_rot_8p0__xyz2__ryp8__seed28,opencood/pretrained/feaco/generated_feaco_baseline__pos_2p0_rot_8p0__xyz2__ryp8__seed28/config.yaml,feaco_baseline,point_pillar_where2comm_feaco,pos_2p0_rot_8p0,True,2.0,8.0,28,feaco_baseline__pos_2p0_rot_8p0__xyz2__ryp8__seed28.csv,False,False,True,0.05,False,9.800544452667232,3,123,True,0.15,3.0
level2_status_skip_vertical_blur_bss0p05__pos_2p0_rot_8p0__xyz2__ryp8__seed28,opencood/pretrained/feaco/generated_level2_status_skip_vertical_blur_bss0p05__pos_2p0_rot_8p0__xyz2__ryp8__seed28,opencood/pretrained/feaco/generated_level2_status_skip_vertical_blur_bss0p05__pos_2p0_rot_8p0__xyz2__ryp8__seed28/config.yaml,level2_status_skip_vertical_blur_bss0p05,point_pillar_where2comm_our,pos_2p0_rot_8p0,True,2.0,8.0,28,level2_status_skip_vertical_blur_bss0p05__pos_2p0_rot_8p0__xyz2__ryp8__seed28.csv,True,True,True,0.05,False,9.800544452667232,3,123,True,0.15,3.0
mc_status_skip_full_k3__pos_2p0_rot_8p0__xyz2__ryp8__seed28,opencood/pretrained/feaco/generated_mc_status_skip_full_k3__pos_2p0_rot_8p0__xyz2__ryp8__seed28,opencood/pretrained/feaco/generated_mc_status_skip_full_k3__pos_2p0_rot_8p0__xyz2__ryp8__seed28/config.yaml,mc_status_skip_full_k3,point_pillar_where2comm_our,pos_2p0_rot_8p0,True,2.0,8.0,28,mc_status_skip_full_k3__pos_2p0_rot_8p0__xyz2__ryp8__seed28.csv,True,False,True,0.05,True,9.800544452667232,3,123,False,0.15,3.0
feaco_baseline__pos_2p0_rot_10p0__xyz2__ryp10__seed28,opencood/pretrained/feaco/generated_feaco_baseline__pos_2p0_rot_10p0__xyz2__ryp10__seed28,opencood/pretrained/feaco/generated_feaco_baseline__pos_2p0_rot_10p0__xyz2__ryp10__seed28/config.yaml,feaco_baseline,point_pillar_where2comm_feaco,pos_2p0_rot_10p0,True,2.0,10.0,28,feaco_baseline__pos_2p0_rot_10p0__xyz2__ryp10__seed28.csv,False,False,True,0.05,False,9.800544452667232,3,123,True,0.15,3.0
level2_status_skip_vertical_blur_bss0p05__pos_2p0_rot_10p0__xyz2__ryp10__seed28,opencood/pretrained/feaco/generated_level2_status_skip_vertical_blur_bss0p05__pos_2p0_rot_10p0__xyz2__ryp10__seed28,opencood/pretrained/feaco/generated_level2_status_skip_vertical_blur_bss0p05__pos_2p0_rot_10p0__xyz2__ryp10__seed28/config.yaml,level2_status_skip_vertical_blur_bss0p05,point_pillar_where2comm_our,pos_2p0_rot_10p0,True,2.0,10.0,28,level2_status_skip_vertical_blur_bss0p05__pos_2p0_rot_10p0__xyz2__ryp10__seed28.csv,True,True,True,0.05,False,9.800544452667232,3,123,True,0.15,3.0
mc_status_skip_full_k3__pos_2p0_rot_10p0__xyz2__ryp10__seed28,opencood/pretrained/feaco/generated_mc_status_skip_full_k3__pos_2p0_rot_10p0__xyz2__ryp10__seed28,opencood/pretrained/feaco/generated_mc_status_skip_full_k3__pos_2p0_rot_10p0__xyz2__ryp10__seed28/config.yaml,mc_status_skip_full_k3,point_pillar_where2comm_our,pos_2p0_rot_10p0,True,2.0,10.0,28,mc_status_skip_full_k3__pos_2p0_rot_10p0__xyz2__ryp10__seed28.csv,True,False,True,0.05,True,9.800544452667232,3,123,False,0.15,3.0
feaco_baseline__pos_2p0_rot_14p0__xyz2__ryp14__seed28,opencood/pretrained/feaco/generated_feaco_baseline__pos_2p0_rot_14p0__xyz2__ryp14__seed28,opencood/pretrained/feaco/generated_feaco_baseline__pos_2p0_rot_14p0__xyz2__ryp14__seed28/config.yaml,feaco_baseline,point_pillar_where2comm_feaco,pos_2p0_rot_14p0,True,2.0,14.0,28,feaco_baseline__pos_2p0_rot_14p0__xyz2__ryp14__seed28.csv,False,False,True,0.05,False,9.800544452667232,3,123,True,0.15,3.0
level2_status_skip_vertical_blur_bss0p05__pos_2p0_rot_14p0__xyz2__ryp14__seed28,opencood/pretrained/feaco/generated_level2_status_skip_vertical_blur_bss0p05__pos_2p0_rot_14p0__xyz2__ryp14__seed28,opencood/pretrained/feaco/generated_level2_status_skip_vertical_blur_bss0p05__pos_2p0_rot_14p0__xyz2__ryp14__seed28/config.yaml,level2_status_skip_vertical_blur_bss0p05,point_pillar_where2comm_our,pos_2p0_rot_14p0,True,2.0,14.0,28,level2_status_skip_vertical_blur_bss0p05__pos_2p0_rot_14p0__xyz2__ryp14__seed28.csv,True,True,True,0.05,False,9.800544452667232,3,123,True,0.15,3.0
mc_status_skip_full_k3__pos_2p0_rot_14p0__xyz2__ryp14__seed28,opencood/pretrained/feaco/generated_mc_status_skip_full_k3__pos_2p0_rot_14p0__xyz2__ryp14__seed28,opencood/pretrained/feaco/generated_mc_status_skip_full_k3__pos_2p0_rot_14p0__xyz2__ryp14__seed28/config.yaml,mc_status_skip_full_k3,point_pillar_where2comm_our,pos_2p0_rot_14p0,True,2.0,14.0,28,mc_status_skip_full_k3__pos_2p0_rot_14p0__xyz2__ryp14__seed28.csv,True,False,True,0.05,True,9.800544452667232,3,123,False,0.15,3.0
feaco_baseline__pos_2p0_rot_18p0__xyz2__ryp18__seed28,opencood/pretrained/feaco/generated_feaco_baseline__pos_2p0_rot_18p0__xyz2__ryp18__seed28,opencood/pretrained/feaco/generated_feaco_baseline__pos_2p0_rot_18p0__xyz2__ryp18__seed28/config.yaml,feaco_baseline,point_pillar_where2comm_feaco,pos_2p0_rot_18p0,True,2.0,18.0,28,feaco_baseline__pos_2p0_rot_18p0__xyz2__ryp18__seed28.csv,False,False,True,0.05,False,9.800544452667232,3,123,True,0.15,3.0
level2_status_skip_vertical_blur_bss0p05__pos_2p0_rot_18p0__xyz2__ryp18__seed28,opencood/pretrained/feaco/generated_level2_status_skip_vertical_blur_bss0p05__pos_2p0_rot_18p0__xyz2__ryp18__seed28,opencood/pretrained/feaco/generated_level2_status_skip_vertical_blur_bss0p05__pos_2p0_rot_18p0__xyz2__ryp18__seed28/config.yaml,level2_status_skip_vertical_blur_bss0p05,point_pillar_where2comm_our,pos_2p0_rot_18p0,True,2.0,18.0,28,level2_status_skip_vertical_blur_bss0p05__pos_2p0_rot_18p0__xyz2__ryp18__seed28.csv,True,True,True,0.05,False,9.800544452667232,3,123,True,0.15,3.0
mc_status_skip_full_k3__pos_2p0_rot_18p0__xyz2__ryp18__seed28,opencood/pretrained/feaco/generated_mc_status_skip_full_k3__pos_2p0_rot_18p0__xyz2__ryp18__seed28,opencood/pretrained/feaco/generated_mc_status_skip_full_k3__pos_2p0_rot_18p0__xyz2__ryp18__seed28/config.yaml,mc_status_skip_full_k3,point_pillar_where2comm_our,pos_2p0_rot_18p0,True,2.0,18.0,28,mc_status_skip_full_k3__pos_2p0_rot_18p0__xyz2__ryp18__seed28.csv,True,False,True,0.05,True,9.800544452667232,3,123,False,0.15,3.0
feaco_baseline__pos_3p0_rot_1p0__xyz3__ryp1__seed28,opencood/pretrained/feaco/generated_feaco_baseline__pos_3p0_rot_1p0__xyz3__ryp1__seed28,opencood/pretrained/feaco/generated_feaco_baseline__pos_3p0_rot_1p0__xyz3__ryp1__seed28/config.yaml,feaco_baseline,point_pillar_where2comm_feaco,pos_3p0_rot_1p0,True,3.0,1.0,28,feaco_baseline__pos_3p0_rot_1p0__xyz3__ryp1__seed28.csv,False,False,True,0.05,False,9.800544452667232,3,123,True,0.15,3.0
level2_status_skip_vertical_blur_bss0p05__pos_3p0_rot_1p0__xyz3__ryp1__seed28,opencood/pretrained/feaco/generated_level2_status_skip_vertical_blur_bss0p05__pos_3p0_rot_1p0__xyz3__ryp1__seed28,opencood/pretrained/feaco/generated_level2_status_skip_vertical_blur_bss0p05__pos_3p0_rot_1p0__xyz3__ryp1__seed28/config.yaml,level2_status_skip_vertical_blur_bss0p05,point_pillar_where2comm_our,pos_3p0_rot_1p0,True,3.0,1.0,28,level2_status_skip_vertical_blur_bss0p05__pos_3p0_rot_1p0__xyz3__ryp1__seed28.csv,True,True,True,0.05,False,9.800544452667232,3,123,True,0.15,3.0
mc_status_skip_full_k3__pos_3p0_rot_1p0__xyz3__ryp1__seed28,opencood/pretrained/feaco/generated_mc_status_skip_full_k3__pos_3p0_rot_1p0__xyz3__ryp1__seed28,opencood/pretrained/feaco/generated_mc_status_skip_full_k3__pos_3p0_rot_1p0__xyz3__ryp1__seed28/config.yaml,mc_status_skip_full_k3,point_pillar_where2comm_our,pos_3p0_rot_1p0,True,3.0,1.0,28,mc_status_skip_full_k3__pos_3p0_rot_1p0__xyz3__ryp1__seed28.csv,True,False,True,0.05,True,9.800544452667232,3,123,False,0.15,3.0
feaco_baseline__pos_3p0_rot_2p0__xyz3__ryp2__seed28,opencood/pretrained/feaco/generated_feaco_baseline__pos_3p0_rot_2p0__xyz3__ryp2__seed28,opencood/pretrained/feaco/generated_feaco_baseline__pos_3p0_rot_2p0__xyz3__ryp2__seed28/config.yaml,feaco_baseline,point_pillar_where2comm_feaco,pos_3p0_rot_2p0,True,3.0,2.0,28,feaco_baseline__pos_3p0_rot_2p0__xyz3__ryp2__seed28.csv,False,False,True,0.05,False,9.800544452667232,3,123,True,0.15,3.0
level2_status_skip_vertical_blur_bss0p05__pos_3p0_rot_2p0__xyz3__ryp2__seed28,opencood/pretrained/feaco/generated_level2_status_skip_vertical_blur_bss0p05__pos_3p0_rot_2p0__xyz3__ryp2__seed28,opencood/pretrained/feaco/generated_level2_status_skip_vertical_blur_bss0p05__pos_3p0_rot_2p0__xyz3__ryp2__seed28/config.yaml,level2_status_skip_vertical_blur_bss0p05,point_pillar_where2comm_our,pos_3p0_rot_2p0,True,3.0,2.0,28,level2_status_skip_vertical_blur_bss0p05__pos_3p0_rot_2p0__xyz3__ryp2__seed28.csv,True,True,True,0.05,False,9.800544452667232,3,123,True,0.15,3.0
mc_status_skip_full_k3__pos_3p0_rot_2p0__xyz3__ryp2__seed28,opencood/pretrained/feaco/generated_mc_status_skip_full_k3__pos_3p0_rot_2p0__xyz3__ryp2__seed28,opencood/pretrained/feaco/generated_mc_status_skip_full_k3__pos_3p0_rot_2p0__xyz3__ryp2__seed28/config.yaml,mc_status_skip_full_k3,point_pillar_where2comm_our,pos_3p0_rot_2p0,True,3.0,2.0,28,mc_status_skip_full_k3__pos_3p0_rot_2p0__xyz3__ryp2__seed28.csv,True,False,True,0.05,True,9.800544452667232,3,123,False,0.15,3.0
feaco_baseline__pos_3p0_rot_4p0__xyz3__ryp4__seed28,opencood/pretrained/feaco/generated_feaco_baseline__pos_3p0_rot_4p0__xyz3__ryp4__seed28,opencood/pretrained/feaco/generated_feaco_baseline__pos_3p0_rot_4p0__xyz3__ryp4__seed28/config.yaml,feaco_baseline,point_pillar_where2comm_feaco,pos_3p0_rot_4p0,True,3.0,4.0,28,feaco_baseline__pos_3p0_rot_4p0__xyz3__ryp4__seed28.csv,False,False,True,0.05,False,9.800544452667232,3,123,True,0.15,3.0
level2_status_skip_vertical_blur_bss0p05__pos_3p0_rot_4p0__xyz3__ryp4__seed28,opencood/pretrained/feaco/generated_level2_status_skip_vertical_blur_bss0p05__pos_3p0_rot_4p0__xyz3__ryp4__seed28,opencood/pretrained/feaco/generated_level2_status_skip_vertical_blur_bss0p05__pos_3p0_rot_4p0__xyz3__ryp4__seed28/config.yaml,level2_status_skip_vertical_blur_bss0p05,point_pillar_where2comm_our,pos_3p0_rot_4p0,True,3.0,4.0,28,level2_status_skip_vertical_blur_bss0p05__pos_3p0_rot_4p0__xyz3__ryp4__seed28.csv,True,True,True,0.05,False,9.800544452667232,3,123,True,0.15,3.0
mc_status_skip_full_k3__pos_3p0_rot_4p0__xyz3__ryp4__seed28,opencood/pretrained/feaco/generated_mc_status_skip_full_k3__pos_3p0_rot_4p0__xyz3__ryp4__seed28,opencood/pretrained/feaco/generated_mc_status_skip_full_k3__pos_3p0_rot_4p0__xyz3__ryp4__seed28/config.yaml,mc_status_skip_full_k3,point_pillar_where2comm_our,pos_3p0_rot_4p0,True,3.0,4.0,28,mc_status_skip_full_k3__pos_3p0_rot_4p0__xyz3__ryp4__seed28.csv,True,False,True,0.05,True,9.800544452667232,3,123,False,0.15,3.0
feaco_baseline__pos_3p0_rot_6p0__xyz3__ryp6__seed28,opencood/pretrained/feaco/generated_feaco_baseline__pos_3p0_rot_6p0__xyz3__ryp6__seed28,opencood/pretrained/feaco/generated_feaco_baseline__pos_3p0_rot_6p0__xyz3__ryp6__seed28/config.yaml,feaco_baseline,point_pillar_where2comm_feaco,pos_3p0_rot_6p0,True,3.0,6.0,28,feaco_baseline__pos_3p0_rot_6p0__xyz3__ryp6__seed28.csv,False,False,True,0.05,False,9.800544452667232,3,123,True,0.15,3.0
level2_status_skip_vertical_blur_bss0p05__pos_3p0_rot_6p0__xyz3__ryp6__seed28,opencood/pretrained/feaco/generated_level2_status_skip_vertical_blur_bss0p05__pos_3p0_rot_6p0__xyz3__ryp6__seed28,opencood/pretrained/feaco/generated_level2_status_skip_vertical_blur_bss0p05__pos_3p0_rot_6p0__xyz3__ryp6__seed28/config.yaml,level2_status_skip_vertical_blur_bss0p05,point_pillar_where2comm_our,pos_3p0_rot_6p0,True,3.0,6.0,28,level2_status_skip_vertical_blur_bss0p05__pos_3p0_rot_6p0__xyz3__ryp6__seed28.csv,True,True,True,0.05,False,9.800544452667232,3,123,True,0.15,3.0
mc_status_skip_full_k3__pos_3p0_rot_6p0__xyz3__ryp6__seed28,opencood/pretrained/feaco/generated_mc_status_skip_full_k3__pos_3p0_rot_6p0__xyz3__ryp6__seed28,opencood/pretrained/feaco/generated_mc_status_skip_full_k3__pos_3p0_rot_6p0__xyz3__ryp6__seed28/config.yaml,mc_status_skip_full_k3,point_pillar_where2comm_our,pos_3p0_rot_6p0,True,3.0,6.0,28,mc_status_skip_full_k3__pos_3p0_rot_6p0__xyz3__ryp6__seed28.csv,True,False,True,0.05,True,9.800544452667232,3,123,False,0.15,3.0
feaco_baseline__pos_3p0_rot_8p0__xyz3__ryp8__seed28,opencood/pretrained/feaco/generated_feaco_baseline__pos_3p0_rot_8p0__xyz3__ryp8__seed28,opencood/pretrained/feaco/generated_feaco_baseline__pos_3p0_rot_8p0__xyz3__ryp8__seed28/config.yaml,feaco_baseline,point_pillar_where2comm_feaco,pos_3p0_rot_8p0,True,3.0,8.0,28,feaco_baseline__pos_3p0_rot_8p0__xyz3__ryp8__seed28.csv,False,False,True,0.05,False,9.800544452667232,3,123,True,0.15,3.0
level2_status_skip_vertical_blur_bss0p05__pos_3p0_rot_8p0__xyz3__ryp8__seed28,opencood/pretrained/feaco/generated_level2_status_skip_vertical_blur_bss0p05__pos_3p0_rot_8p0__xyz3__ryp8__seed28,opencood/pretrained/feaco/generated_level2_status_skip_vertical_blur_bss0p05__pos_3p0_rot_8p0__xyz3__ryp8__seed28/config.yaml,level2_status_skip_vertical_blur_bss0p05,point_pillar_where2comm_our,pos_3p0_rot_8p0,True,3.0,8.0,28,level2_status_skip_vertical_blur_bss0p05__pos_3p0_rot_8p0__xyz3__ryp8__seed28.csv,True,True,True,0.05,False,9.800544452667232,3,123,True,0.15,3.0
mc_status_skip_full_k3__pos_3p0_rot_8p0__xyz3__ryp8__seed28,opencood/pretrained/feaco/generated_mc_status_skip_full_k3__pos_3p0_rot_8p0__xyz3__ryp8__seed28,opencood/pretrained/feaco/generated_mc_status_skip_full_k3__pos_3p0_rot_8p0__xyz3__ryp8__seed28/config.yaml,mc_status_skip_full_k3,point_pillar_where2comm_our,pos_3p0_rot_8p0,True,3.0,8.0,28,mc_status_skip_full_k3__pos_3p0_rot_8p0__xyz3__ryp8__seed28.csv,True,False,True,0.05,True,9.800544452667232,3,123,False,0.15,3.0
feaco_baseline__pos_3p0_rot_10p0__xyz3__ryp10__seed28,opencood/pretrained/feaco/generated_feaco_baseline__pos_3p0_rot_10p0__xyz3__ryp10__seed28,opencood/pretrained/feaco/generated_feaco_baseline__pos_3p0_rot_10p0__xyz3__ryp10__seed28/config.yaml,feaco_baseline,point_pillar_where2comm_feaco,pos_3p0_rot_10p0,True,3.0,10.0,28,feaco_baseline__pos_3p0_rot_10p0__xyz3__ryp10__seed28.csv,False,False,True,0.05,False,9.800544452667232,3,123,True,0.15,3.0
level2_status_skip_vertical_blur_bss0p05__pos_3p0_rot_10p0__xyz3__ryp10__seed28,opencood/pretrained/feaco/generated_level2_status_skip_vertical_blur_bss0p05__pos_3p0_rot_10p0__xyz3__ryp10__seed28,opencood/pretrained/feaco/generated_level2_status_skip_vertical_blur_bss0p05__pos_3p0_rot_10p0__xyz3__ryp10__seed28/config.yaml,level2_status_skip_vertical_blur_bss0p05,point_pillar_where2comm_our,pos_3p0_rot_10p0,True,3.0,10.0,28,level2_status_skip_vertical_blur_bss0p05__pos_3p0_rot_10p0__xyz3__ryp10__seed28.csv,True,True,True,0.05,False,9.800544452667232,3,123,True,0.15,3.0
mc_status_skip_full_k3__pos_3p0_rot_10p0__xyz3__ryp10__seed28,opencood/pretrained/feaco/generated_mc_status_skip_full_k3__pos_3p0_rot_10p0__xyz3__ryp10__seed28,opencood/pretrained/feaco/generated_mc_status_skip_full_k3__pos_3p0_rot_10p0__xyz3__ryp10__seed28/config.yaml,mc_status_skip_full_k3,point_pillar_where2comm_our,pos_3p0_rot_10p0,True,3.0,10.0,28,mc_status_skip_full_k3__pos_3p0_rot_10p0__xyz3__ryp10__seed28.csv,True,False,True,0.05,True,9.800544452667232,3,123,False,0.15,3.0
feaco_baseline__pos_3p0_rot_14p0__xyz3__ryp14__seed28,opencood/pretrained/feaco/generated_feaco_baseline__pos_3p0_rot_14p0__xyz3__ryp14__seed28,opencood/pretrained/feaco/generated_feaco_baseline__pos_3p0_rot_14p0__xyz3__ryp14__seed28/config.yaml,feaco_baseline,point_pillar_where2comm_feaco,pos_3p0_rot_14p0,True,3.0,14.0,28,feaco_baseline__pos_3p0_rot_14p0__xyz3__ryp14__seed28.csv,False,False,True,0.05,False,9.800544452667232,3,123,True,0.15,3.0
level2_status_skip_vertical_blur_bss0p05__pos_3p0_rot_14p0__xyz3__ryp14__seed28,opencood/pretrained/feaco/generated_level2_status_skip_vertical_blur_bss0p05__pos_3p0_rot_14p0__xyz3__ryp14__seed28,opencood/pretrained/feaco/generated_level2_status_skip_vertical_blur_bss0p05__pos_3p0_rot_14p0__xyz3__ryp14__seed28/config.yaml,level2_status_skip_vertical_blur_bss0p05,point_pillar_where2comm_our,pos_3p0_rot_14p0,True,3.0,14.0,28,level2_status_skip_vertical_blur_bss0p05__pos_3p0_rot_14p0__xyz3__ryp14__seed28.csv,True,True,True,0.05,False,9.800544452667232,3,123,True,0.15,3.0
mc_status_skip_full_k3__pos_3p0_rot_14p0__xyz3__ryp14__seed28,opencood/pretrained/feaco/generated_mc_status_skip_full_k3__pos_3p0_rot_14p0__xyz3__ryp14__seed28,opencood/pretrained/feaco/generated_mc_status_skip_full_k3__pos_3p0_rot_14p0__xyz3__ryp14__seed28/config.yaml,mc_status_skip_full_k3,point_pillar_where2comm_our,pos_3p0_rot_14p0,True,3.0,14.0,28,mc_status_skip_full_k3__pos_3p0_rot_14p0__xyz3__ryp14__seed28.csv,True,False,True,0.05,True,9.800544452667232,3,123,False,0.15,3.0
feaco_baseline__pos_3p0_rot_18p0__xyz3__ryp18__seed28,opencood/pretrained/feaco/generated_feaco_baseline__pos_3p0_rot_18p0__xyz3__ryp18__seed28,opencood/pretrained/feaco/generated_feaco_baseline__pos_3p0_rot_18p0__xyz3__ryp18__seed28/config.yaml,feaco_baseline,point_pillar_where2comm_feaco,pos_3p0_rot_18p0,True,3.0,18.0,28,feaco_baseline__pos_3p0_rot_18p0__xyz3__ryp18__seed28.csv,False,False,True,0.05,False,9.800544452667232,3,123,True,0.15,3.0
level2_status_skip_vertical_blur_bss0p05__pos_3p0_rot_18p0__xyz3__ryp18__seed28,opencood/pretrained/feaco/generated_level2_status_skip_vertical_blur_bss0p05__pos_3p0_rot_18p0__xyz3__ryp18__seed28,opencood/pretrained/feaco/generated_level2_status_skip_vertical_blur_bss0p05__pos_3p0_rot_18p0__xyz3__ryp18__seed28/config.yaml,level2_status_skip_vertical_blur_bss0p05,point_pillar_where2comm_our,pos_3p0_rot_18p0,True,3.0,18.0,28,level2_status_skip_vertical_blur_bss0p05__pos_3p0_rot_18p0__xyz3__ryp18__seed28.csv,True,True,True,0.05,False,9.800544452667232,3,123,True,0.15,3.0
mc_status_skip_full_k3__pos_3p0_rot_18p0__xyz3__ryp18__seed28,opencood/pretrained/feaco/generated_mc_status_skip_full_k3__pos_3p0_rot_18p0__xyz3__ryp18__seed28,opencood/pretrained/feaco/generated_mc_status_skip_full_k3__pos_3p0_rot_18p0__xyz3__ryp18__seed28/config.yaml,mc_status_skip_full_k3,point_pillar_where2comm_our,pos_3p0_rot_18p0,True,3.0,18.0,28,mc_status_skip_full_k3__pos_3p0_rot_18p0__xyz3__ryp18__seed28.csv,True,False,True,0.05,True,9.800544452667232,3,123,False,0.15,3.0
feaco_baseline__pos_only_0p2__xyz0p2__ryp0__seed28,opencood/pretrained/feaco/generated_feaco_baseline__pos_only_0p2__xyz0p2__ryp0__seed28,opencood/pretrained/feaco/generated_feaco_baseline__pos_only_0p2__xyz0p2__ryp0__seed28/config.yaml,feaco_baseline,point_pillar_where2comm_feaco,pos_only_0p2,True,0.2,0.0,28,feaco_baseline__pos_only_0p2__xyz0p2__ryp0__seed28.csv,False,False,True,0.05,False,9.800544452667232,3,123,True,0.15,3.0
level2_status_skip_vertical_blur_bss0p05__pos_only_0p2__xyz0p2__ryp0__seed28,opencood/pretrained/feaco/generated_level2_status_skip_vertical_blur_bss0p05__pos_only_0p2__xyz0p2__ryp0__seed28,opencood/pretrained/feaco/generated_level2_status_skip_vertical_blur_bss0p05__pos_only_0p2__xyz0p2__ryp0__seed28/config.yaml,level2_status_skip_vertical_blur_bss0p05,point_pillar_where2comm_our,pos_only_0p2,True,0.2,0.0,28,level2_status_skip_vertical_blur_bss0p05__pos_only_0p2__xyz0p2__ryp0__seed28.csv,True,True,True,0.05,False,9.800544452667232,3,123,True,0.15,3.0
mc_status_skip_full_k3__pos_only_0p2__xyz0p2__ryp0__seed28,opencood/pretrained/feaco/generated_mc_status_skip_full_k3__pos_only_0p2__xyz0p2__ryp0__seed28,opencood/pretrained/feaco/generated_mc_status_skip_full_k3__pos_only_0p2__xyz0p2__ryp0__seed28/config.yaml,mc_status_skip_full_k3,point_pillar_where2comm_our,pos_only_0p2,True,0.2,0.0,28,mc_status_skip_full_k3__pos_only_0p2__xyz0p2__ryp0__seed28.csv,True,False,True,0.05,True,9.800544452667232,3,123,False,0.15,3.0
feaco_baseline__pos_only_0p5__xyz0p5__ryp0__seed28,opencood/pretrained/feaco/generated_feaco_baseline__pos_only_0p5__xyz0p5__ryp0__seed28,opencood/pretrained/feaco/generated_feaco_baseline__pos_only_0p5__xyz0p5__ryp0__seed28/config.yaml,feaco_baseline,point_pillar_where2comm_feaco,pos_only_0p5,True,0.5,0.0,28,feaco_baseline__pos_only_0p5__xyz0p5__ryp0__seed28.csv,False,False,True,0.05,False,9.800544452667232,3,123,True,0.15,3.0
level2_status_skip_vertical_blur_bss0p05__pos_only_0p5__xyz0p5__ryp0__seed28,opencood/pretrained/feaco/generated_level2_status_skip_vertical_blur_bss0p05__pos_only_0p5__xyz0p5__ryp0__seed28,opencood/pretrained/feaco/generated_level2_status_skip_vertical_blur_bss0p05__pos_only_0p5__xyz0p5__ryp0__seed28/config.yaml,level2_status_skip_vertical_blur_bss0p05,point_pillar_where2comm_our,pos_only_0p5,True,0.5,0.0,28,level2_status_skip_vertical_blur_bss0p05__pos_only_0p5__xyz0p5__ryp0__seed28.csv,True,True,True,0.05,False,9.800544452667232,3,123,True,0.15,3.0
mc_status_skip_full_k3__pos_only_0p5__xyz0p5__ryp0__seed28,opencood/pretrained/feaco/generated_mc_status_skip_full_k3__pos_only_0p5__xyz0p5__ryp0__seed28,opencood/pretrained/feaco/generated_mc_status_skip_full_k3__pos_only_0p5__xyz0p5__ryp0__seed28/config.yaml,mc_status_skip_full_k3,point_pillar_where2comm_our,pos_only_0p5,True,0.5,0.0,28,mc_status_skip_full_k3__pos_only_0p5__xyz0p5__ryp0__seed28.csv,True,False,True,0.05,True,9.800544452667232,3,123,False,0.15,3.0
feaco_baseline__pos_only_1p0__xyz1__ryp0__seed28,opencood/pretrained/feaco/generated_feaco_baseline__pos_only_1p0__xyz1__ryp0__seed28,opencood/pretrained/feaco/generated_feaco_baseline__pos_only_1p0__xyz1__ryp0__seed28/config.yaml,feaco_baseline,point_pillar_where2comm_feaco,pos_only_1p0,True,1.0,0.0,28,feaco_baseline__pos_only_1p0__xyz1__ryp0__seed28.csv,False,False,True,0.05,False,9.800544452667232,3,123,True,0.15,3.0
level2_status_skip_vertical_blur_bss0p05__pos_only_1p0__xyz1__ryp0__seed28,opencood/pretrained/feaco/generated_level2_status_skip_vertical_blur_bss0p05__pos_only_1p0__xyz1__ryp0__seed28,opencood/pretrained/feaco/generated_level2_status_skip_vertical_blur_bss0p05__pos_only_1p0__xyz1__ryp0__seed28/config.yaml,level2_status_skip_vertical_blur_bss0p05,point_pillar_where2comm_our,pos_only_1p0,True,1.0,0.0,28,level2_status_skip_vertical_blur_bss0p05__pos_only_1p0__xyz1__ryp0__seed28.csv,True,True,True,0.05,False,9.800544452667232,3,123,True,0.15,3.0
mc_status_skip_full_k3__pos_only_1p0__xyz1__ryp0__seed28,opencood/pretrained/feaco/generated_mc_status_skip_full_k3__pos_only_1p0__xyz1__ryp0__seed28,opencood/pretrained/feaco/generated_mc_status_skip_full_k3__pos_only_1p0__xyz1__ryp0__seed28/config.yaml,mc_status_skip_full_k3,point_pillar_where2comm_our,pos_only_1p0,True,1.0,0.0,28,mc_status_skip_full_k3__pos_only_1p0__xyz1__ryp0__seed28.csv,True,False,True,0.05,True,9.800544452667232,3,123,False,0.15,3.0
feaco_baseline__pos_only_1p5__xyz1p5__ryp0__seed28,opencood/pretrained/feaco/generated_feaco_baseline__pos_only_1p5__xyz1p5__ryp0__seed28,opencood/pretrained/feaco/generated_feaco_baseline__pos_only_1p5__xyz1p5__ryp0__seed28/config.yaml,feaco_baseline,point_pillar_where2comm_feaco,pos_only_1p5,True,1.5,0.0,28,feaco_baseline__pos_only_1p5__xyz1p5__ryp0__seed28.csv,False,False,True,0.05,False,9.800544452667232,3,123,True,0.15,3.0
level2_status_skip_vertical_blur_bss0p05__pos_only_1p5__xyz1p5__ryp0__seed28,opencood/pretrained/feaco/generated_level2_status_skip_vertical_blur_bss0p05__pos_only_1p5__xyz1p5__ryp0__seed28,opencood/pretrained/feaco/generated_level2_status_skip_vertical_blur_bss0p05__pos_only_1p5__xyz1p5__ryp0__seed28/config.yaml,level2_status_skip_vertical_blur_bss0p05,point_pillar_where2comm_our,pos_only_1p5,True,1.5,0.0,28,level2_status_skip_vertical_blur_bss0p05__pos_only_1p5__xyz1p5__ryp0__seed28.csv,True,True,True,0.05,False,9.800544452667232,3,123,True,0.15,3.0
mc_status_skip_full_k3__pos_only_1p5__xyz1p5__ryp0__seed28,opencood/pretrained/feaco/generated_mc_status_skip_full_k3__pos_only_1p5__xyz1p5__ryp0__seed28,opencood/pretrained/feaco/generated_mc_status_skip_full_k3__pos_only_1p5__xyz1p5__ryp0__seed28/config.yaml,mc_status_skip_full_k3,point_pillar_where2comm_our,pos_only_1p5,True,1.5,0.0,28,mc_status_skip_full_k3__pos_only_1p5__xyz1p5__ryp0__seed28.csv,True,False,True,0.05,True,9.800544452667232,3,123,False,0.15,3.0
feaco_baseline__pos_only_2p0__xyz2__ryp0__seed28,opencood/pretrained/feaco/generated_feaco_baseline__pos_only_2p0__xyz2__ryp0__seed28,opencood/pretrained/feaco/generated_feaco_baseline__pos_only_2p0__xyz2__ryp0__seed28/config.yaml,feaco_baseline,point_pillar_where2comm_feaco,pos_only_2p0,True,2.0,0.0,28,feaco_baseline__pos_only_2p0__xyz2__ryp0__seed28.csv,False,False,True,0.05,False,9.800544452667232,3,123,True,0.15,3.0
level2_status_skip_vertical_blur_bss0p05__pos_only_2p0__xyz2__ryp0__seed28,opencood/pretrained/feaco/generated_level2_status_skip_vertical_blur_bss0p05__pos_only_2p0__xyz2__ryp0__seed28,opencood/pretrained/feaco/generated_level2_status_skip_vertical_blur_bss0p05__pos_only_2p0__xyz2__ryp0__seed28/config.yaml,level2_status_skip_vertical_blur_bss0p05,point_pillar_where2comm_our,pos_only_2p0,True,2.0,0.0,28,level2_status_skip_vertical_blur_bss0p05__pos_only_2p0__xyz2__ryp0__seed28.csv,True,True,True,0.05,False,9.800544452667232,3,123,True,0.15,3.0
mc_status_skip_full_k3__pos_only_2p0__xyz2__ryp0__seed28,opencood/pretrained/feaco/generated_mc_status_skip_full_k3__pos_only_2p0__xyz2__ryp0__seed28,opencood/pretrained/feaco/generated_mc_status_skip_full_k3__pos_only_2p0__xyz2__ryp0__seed28/config.yaml,mc_status_skip_full_k3,point_pillar_where2comm_our,pos_only_2p0,True,2.0,0.0,28,mc_status_skip_full_k3__pos_only_2p0__xyz2__ryp0__seed28.csv,True,False,True,0.05,True,9.800544452667232,3,123,False,0.15,3.0
feaco_baseline__pos_only_3p0__xyz3__ryp0__seed28,opencood/pretrained/feaco/generated_feaco_baseline__pos_only_3p0__xyz3__ryp0__seed28,opencood/pretrained/feaco/generated_feaco_baseline__pos_only_3p0__xyz3__ryp0__seed28/config.yaml,feaco_baseline,point_pillar_where2comm_feaco,pos_only_3p0,True,3.0,0.0,28,feaco_baseline__pos_only_3p0__xyz3__ryp0__seed28.csv,False,False,True,0.05,False,9.800544452667232,3,123,True,0.15,3.0
level2_status_skip_vertical_blur_bss0p05__pos_only_3p0__xyz3__ryp0__seed28,opencood/pretrained/feaco/generated_level2_status_skip_vertical_blur_bss0p05__pos_only_3p0__xyz3__ryp0__seed28,opencood/pretrained/feaco/generated_level2_status_skip_vertical_blur_bss0p05__pos_only_3p0__xyz3__ryp0__seed28/config.yaml,level2_status_skip_vertical_blur_bss0p05,point_pillar_where2comm_our,pos_only_3p0,True,3.0,0.0,28,level2_status_skip_vertical_blur_bss0p05__pos_only_3p0__xyz3__ryp0__seed28.csv,True,True,True,0.05,False,9.800544452667232,3,123,True,0.15,3.0
mc_status_skip_full_k3__pos_only_3p0__xyz3__ryp0__seed28,opencood/pretrained/feaco/generated_mc_status_skip_full_k3__pos_only_3p0__xyz3__ryp0__seed28,opencood/pretrained/feaco/generated_mc_status_skip_full_k3__pos_only_3p0__xyz3__ryp0__seed28/config.yaml,mc_status_skip_full_k3,point_pillar_where2comm_our,pos_only_3p0,True,3.0,0.0,28,mc_status_skip_full_k3__pos_only_3p0__xyz3__ryp0__seed28.csv,True,False,True,0.05,True,9.800544452667232,3,123,False,0.15,3.0
feaco_baseline__rot_only_1p0__xyz0__ryp1__seed28,opencood/pretrained/feaco/generated_feaco_baseline__rot_only_1p0__xyz0__ryp1__seed28,opencood/pretrained/feaco/generated_feaco_baseline__rot_only_1p0__xyz0__ryp1__seed28/config.yaml,feaco_baseline,point_pillar_where2comm_feaco,rot_only_1p0,True,0.0,1.0,28,feaco_baseline__rot_only_1p0__xyz0__ryp1__seed28.csv,False,False,True,0.05,False,9.800544452667232,3,123,True,0.15,3.0
level2_status_skip_vertical_blur_bss0p05__rot_only_1p0__xyz0__ryp1__seed28,opencood/pretrained/feaco/generated_level2_status_skip_vertical_blur_bss0p05__rot_only_1p0__xyz0__ryp1__seed28,opencood/pretrained/feaco/generated_level2_status_skip_vertical_blur_bss0p05__rot_only_1p0__xyz0__ryp1__seed28/config.yaml,level2_status_skip_vertical_blur_bss0p05,point_pillar_where2comm_our,rot_only_1p0,True,0.0,1.0,28,level2_status_skip_vertical_blur_bss0p05__rot_only_1p0__xyz0__ryp1__seed28.csv,True,True,True,0.05,False,9.800544452667232,3,123,True,0.15,3.0
mc_status_skip_full_k3__rot_only_1p0__xyz0__ryp1__seed28,opencood/pretrained/feaco/generated_mc_status_skip_full_k3__rot_only_1p0__xyz0__ryp1__seed28,opencood/pretrained/feaco/generated_mc_status_skip_full_k3__rot_only_1p0__xyz0__ryp1__seed28/config.yaml,mc_status_skip_full_k3,point_pillar_where2comm_our,rot_only_1p0,True,0.0,1.0,28,mc_status_skip_full_k3__rot_only_1p0__xyz0__ryp1__seed28.csv,True,False,True,0.05,True,9.800544452667232,3,123,False,0.15,3.0
feaco_baseline__rot_only_2p0__xyz0__ryp2__seed28,opencood/pretrained/feaco/generated_feaco_baseline__rot_only_2p0__xyz0__ryp2__seed28,opencood/pretrained/feaco/generated_feaco_baseline__rot_only_2p0__xyz0__ryp2__seed28/config.yaml,feaco_baseline,point_pillar_where2comm_feaco,rot_only_2p0,True,0.0,2.0,28,feaco_baseline__rot_only_2p0__xyz0__ryp2__seed28.csv,False,False,True,0.05,False,9.800544452667232,3,123,True,0.15,3.0
level2_status_skip_vertical_blur_bss0p05__rot_only_2p0__xyz0__ryp2__seed28,opencood/pretrained/feaco/generated_level2_status_skip_vertical_blur_bss0p05__rot_only_2p0__xyz0__ryp2__seed28,opencood/pretrained/feaco/generated_level2_status_skip_vertical_blur_bss0p05__rot_only_2p0__xyz0__ryp2__seed28/config.yaml,level2_status_skip_vertical_blur_bss0p05,point_pillar_where2comm_our,rot_only_2p0,True,0.0,2.0,28,level2_status_skip_vertical_blur_bss0p05__rot_only_2p0__xyz0__ryp2__seed28.csv,True,True,True,0.05,False,9.800544452667232,3,123,True,0.15,3.0
mc_status_skip_full_k3__rot_only_2p0__xyz0__ryp2__seed28,opencood/pretrained/feaco/generated_mc_status_skip_full_k3__rot_only_2p0__xyz0__ryp2__seed28,opencood/pretrained/feaco/generated_mc_status_skip_full_k3__rot_only_2p0__xyz0__ryp2__seed28/config.yaml,mc_status_skip_full_k3,point_pillar_where2comm_our,rot_only_2p0,True,0.0,2.0,28,mc_status_skip_full_k3__rot_only_2p0__xyz0__ryp2__seed28.csv,True,False,True,0.05,True,9.800544452667232,3,123,False,0.15,3.0
feaco_baseline__rot_only_4p0__xyz0__ryp4__seed28,opencood/pretrained/feaco/generated_feaco_baseline__rot_only_4p0__xyz0__ryp4__seed28,opencood/pretrained/feaco/generated_feaco_baseline__rot_only_4p0__xyz0__ryp4__seed28/config.yaml,feaco_baseline,point_pillar_where2comm_feaco,rot_only_4p0,True,0.0,4.0,28,feaco_baseline__rot_only_4p0__xyz0__ryp4__seed28.csv,False,False,True,0.05,False,9.800544452667232,3,123,True,0.15,3.0
level2_status_skip_vertical_blur_bss0p05__rot_only_4p0__xyz0__ryp4__seed28,opencood/pretrained/feaco/generated_level2_status_skip_vertical_blur_bss0p05__rot_only_4p0__xyz0__ryp4__seed28,opencood/pretrained/feaco/generated_level2_status_skip_vertical_blur_bss0p05__rot_only_4p0__xyz0__ryp4__seed28/config.yaml,level2_status_skip_vertical_blur_bss0p05,point_pillar_where2comm_our,rot_only_4p0,True,0.0,4.0,28,level2_status_skip_vertical_blur_bss0p05__rot_only_4p0__xyz0__ryp4__seed28.csv,True,True,True,0.05,False,9.800544452667232,3,123,True,0.15,3.0
mc_status_skip_full_k3__rot_only_4p0__xyz0__ryp4__seed28,opencood/pretrained/feaco/generated_mc_status_skip_full_k3__rot_only_4p0__xyz0__ryp4__seed28,opencood/pretrained/feaco/generated_mc_status_skip_full_k3__rot_only_4p0__xyz0__ryp4__seed28/config.yaml,mc_status_skip_full_k3,point_pillar_where2comm_our,rot_only_4p0,True,0.0,4.0,28,mc_status_skip_full_k3__rot_only_4p0__xyz0__ryp4__seed28.csv,True,False,True,0.05,True,9.800544452667232,3,123,False,0.15,3.0
feaco_baseline__rot_only_6p0__xyz0__ryp6__seed28,opencood/pretrained/feaco/generated_feaco_baseline__rot_only_6p0__xyz0__ryp6__seed28,opencood/pretrained/feaco/generated_feaco_baseline__rot_only_6p0__xyz0__ryp6__seed28/config.yaml,feaco_baseline,point_pillar_where2comm_feaco,rot_only_6p0,True,0.0,6.0,28,feaco_baseline__rot_only_6p0__xyz0__ryp6__seed28.csv,False,False,True,0.05,False,9.800544452667232,3,123,True,0.15,3.0
level2_status_skip_vertical_blur_bss0p05__rot_only_6p0__xyz0__ryp6__seed28,opencood/pretrained/feaco/generated_level2_status_skip_vertical_blur_bss0p05__rot_only_6p0__xyz0__ryp6__seed28,opencood/pretrained/feaco/generated_level2_status_skip_vertical_blur_bss0p05__rot_only_6p0__xyz0__ryp6__seed28/config.yaml,level2_status_skip_vertical_blur_bss0p05,point_pillar_where2comm_our,rot_only_6p0,True,0.0,6.0,28,level2_status_skip_vertical_blur_bss0p05__rot_only_6p0__xyz0__ryp6__seed28.csv,True,True,True,0.05,False,9.800544452667232,3,123,True,0.15,3.0
mc_status_skip_full_k3__rot_only_6p0__xyz0__ryp6__seed28,opencood/pretrained/feaco/generated_mc_status_skip_full_k3__rot_only_6p0__xyz0__ryp6__seed28,opencood/pretrained/feaco/generated_mc_status_skip_full_k3__rot_only_6p0__xyz0__ryp6__seed28/config.yaml,mc_status_skip_full_k3,point_pillar_where2comm_our,rot_only_6p0,True,0.0,6.0,28,mc_status_skip_full_k3__rot_only_6p0__xyz0__ryp6__seed28.csv,True,False,True,0.05,True,9.800544452667232,3,123,False,0.15,3.0
feaco_baseline__rot_only_8p0__xyz0__ryp8__seed28,opencood/pretrained/feaco/generated_feaco_baseline__rot_only_8p0__xyz0__ryp8__seed28,opencood/pretrained/feaco/generated_feaco_baseline__rot_only_8p0__xyz0__ryp8__seed28/config.yaml,feaco_baseline,point_pillar_where2comm_feaco,rot_only_8p0,True,0.0,8.0,28,feaco_baseline__rot_only_8p0__xyz0__ryp8__seed28.csv,False,False,True,0.05,False,9.800544452667232,3,123,True,0.15,3.0
level2_status_skip_vertical_blur_bss0p05__rot_only_8p0__xyz0__ryp8__seed28,opencood/pretrained/feaco/generated_level2_status_skip_vertical_blur_bss0p05__rot_only_8p0__xyz0__ryp8__seed28,opencood/pretrained/feaco/generated_level2_status_skip_vertical_blur_bss0p05__rot_only_8p0__xyz0__ryp8__seed28/config.yaml,level2_status_skip_vertical_blur_bss0p05,point_pillar_where2comm_our,rot_only_8p0,True,0.0,8.0,28,level2_status_skip_vertical_blur_bss0p05__rot_only_8p0__xyz0__ryp8__seed28.csv,True,True,True,0.05,False,9.800544452667232,3,123,True,0.15,3.0
mc_status_skip_full_k3__rot_only_8p0__xyz0__ryp8__seed28,opencood/pretrained/feaco/generated_mc_status_skip_full_k3__rot_only_8p0__xyz0__ryp8__seed28,opencood/pretrained/feaco/generated_mc_status_skip_full_k3__rot_only_8p0__xyz0__ryp8__seed28/config.yaml,mc_status_skip_full_k3,point_pillar_where2comm_our,rot_only_8p0,True,0.0,8.0,28,mc_status_skip_full_k3__rot_only_8p0__xyz0__ryp8__seed28.csv,True,False,True,0.05,True,9.800544452667232,3,123,False,0.15,3.0
feaco_baseline__rot_only_10p0__xyz0__ryp10__seed28,opencood/pretrained/feaco/generated_feaco_baseline__rot_only_10p0__xyz0__ryp10__seed28,opencood/pretrained/feaco/generated_feaco_baseline__rot_only_10p0__xyz0__ryp10__seed28/config.yaml,feaco_baseline,point_pillar_where2comm_feaco,rot_only_10p0,True,0.0,10.0,28,feaco_baseline__rot_only_10p0__xyz0__ryp10__seed28.csv,False,False,True,0.05,False,9.800544452667232,3,123,True,0.15,3.0
level2_status_skip_vertical_blur_bss0p05__rot_only_10p0__xyz0__ryp10__seed28,opencood/pretrained/feaco/generated_level2_status_skip_vertical_blur_bss0p05__rot_only_10p0__xyz0__ryp10__seed28,opencood/pretrained/feaco/generated_level2_status_skip_vertical_blur_bss0p05__rot_only_10p0__xyz0__ryp10__seed28/config.yaml,level2_status_skip_vertical_blur_bss0p05,point_pillar_where2comm_our,rot_only_10p0,True,0.0,10.0,28,level2_status_skip_vertical_blur_bss0p05__rot_only_10p0__xyz0__ryp10__seed28.csv,True,True,True,0.05,False,9.800544452667232,3,123,True,0.15,3.0
mc_status_skip_full_k3__rot_only_10p0__xyz0__ryp10__seed28,opencood/pretrained/feaco/generated_mc_status_skip_full_k3__rot_only_10p0__xyz0__ryp10__seed28,opencood/pretrained/feaco/generated_mc_status_skip_full_k3__rot_only_10p0__xyz0__ryp10__seed28/config.yaml,mc_status_skip_full_k3,point_pillar_where2comm_our,rot_only_10p0,True,0.0,10.0,28,mc_status_skip_full_k3__rot_only_10p0__xyz0__ryp10__seed28.csv,True,False,True,0.05,True,9.800544452667232,3,123,False,0.15,3.0
feaco_baseline__rot_only_14p0__xyz0__ryp14__seed28,opencood/pretrained/feaco/generated_feaco_baseline__rot_only_14p0__xyz0__ryp14__seed28,opencood/pretrained/feaco/generated_feaco_baseline__rot_only_14p0__xyz0__ryp14__seed28/config.yaml,feaco_baseline,point_pillar_where2comm_feaco,rot_only_14p0,True,0.0,14.0,28,feaco_baseline__rot_only_14p0__xyz0__ryp14__seed28.csv,False,False,True,0.05,False,9.800544452667232,3,123,True,0.15,3.0
level2_status_skip_vertical_blur_bss0p05__rot_only_14p0__xyz0__ryp14__seed28,opencood/pretrained/feaco/generated_level2_status_skip_vertical_blur_bss0p05__rot_only_14p0__xyz0__ryp14__seed28,opencood/pretrained/feaco/generated_level2_status_skip_vertical_blur_bss0p05__rot_only_14p0__xyz0__ryp14__seed28/config.yaml,level2_status_skip_vertical_blur_bss0p05,point_pillar_where2comm_our,rot_only_14p0,True,0.0,14.0,28,level2_status_skip_vertical_blur_bss0p05__rot_only_14p0__xyz0__ryp14__seed28.csv,True,True,True,0.05,False,9.800544452667232,3,123,True,0.15,3.0
mc_status_skip_full_k3__rot_only_14p0__xyz0__ryp14__seed28,opencood/pretrained/feaco/generated_mc_status_skip_full_k3__rot_only_14p0__xyz0__ryp14__seed28,opencood/pretrained/feaco/generated_mc_status_skip_full_k3__rot_only_14p0__xyz0__ryp14__seed28/config.yaml,mc_status_skip_full_k3,point_pillar_where2comm_our,rot_only_14p0,True,0.0,14.0,28,mc_status_skip_full_k3__rot_only_14p0__xyz0__ryp14__seed28.csv,True,False,True,0.05,True,9.800544452667232,3,123,False,0.15,3.0
feaco_baseline__rot_only_18p0__xyz0__ryp18__seed28,opencood/pretrained/feaco/generated_feaco_baseline__rot_only_18p0__xyz0__ryp18__seed28,opencood/pretrained/feaco/generated_feaco_baseline__rot_only_18p0__xyz0__ryp18__seed28/config.yaml,feaco_baseline,point_pillar_where2comm_feaco,rot_only_18p0,True,0.0,18.0,28,feaco_baseline__rot_only_18p0__xyz0__ryp18__seed28.csv,False,False,True,0.05,False,9.800544452667232,3,123,True,0.15,3.0
level2_status_skip_vertical_blur_bss0p05__rot_only_18p0__xyz0__ryp18__seed28,opencood/pretrained/feaco/generated_level2_status_skip_vertical_blur_bss0p05__rot_only_18p0__xyz0__ryp18__seed28,opencood/pretrained/feaco/generated_level2_status_skip_vertical_blur_bss0p05__rot_only_18p0__xyz0__ryp18__seed28/config.yaml,level2_status_skip_vertical_blur_bss0p05,point_pillar_where2comm_our,rot_only_18p0,True,0.0,18.0,28,level2_status_skip_vertical_blur_bss0p05__rot_only_18p0__xyz0__ryp18__seed28.csv,True,True,True,0.05,False,9.800544452667232,3,123,True,0.15,3.0
mc_status_skip_full_k3__rot_only_18p0__xyz0__ryp18__seed28,opencood/pretrained/feaco/generated_mc_status_skip_full_k3__rot_only_18p0__xyz0__ryp18__seed28,opencood/pretrained/feaco/generated_mc_status_skip_full_k3__rot_only_18p0__xyz0__ryp18__seed28/config.yaml,mc_status_skip_full_k3,point_pillar_where2comm_our,rot_only_18p0,True,0.0,18.0,28,mc_status_skip_full_k3__rot_only_18p0__xyz0__ryp18__seed28.csv,True,False,True,0.05,True,9.800544452667232,3,123,False,0.15,3.0
feaco_baseline__clean__xyz0__ryp0__seed42,opencood/pretrained/feaco/generated_feaco_baseline__clean__xyz0__ryp0__seed42,opencood/pretrained/feaco/generated_feaco_baseline__clean__xyz0__ryp0__seed42/config.yaml,feaco_baseline,point_pillar_where2comm_feaco,clean,False,0.0,0.0,42,feaco_baseline__clean__xyz0__ryp0__seed42.csv,False,False,True,0.05,False,9.800544452667232,3,123,True,0.15,3.0
level2_status_skip_vertical_blur_bss0p05__clean__xyz0__ryp0__seed42,opencood/pretrained/feaco/generated_level2_status_skip_vertical_blur_bss0p05__clean__xyz0__ryp0__seed42,opencood/pretrained/feaco/generated_level2_status_skip_vertical_blur_bss0p05__clean__xyz0__ryp0__seed42/config.yaml,level2_status_skip_vertical_blur_bss0p05,point_pillar_where2comm_our,clean,False,0.0,0.0,42,level2_status_skip_vertical_blur_bss0p05__clean__xyz0__ryp0__seed42.csv,True,True,True,0.05,False,9.800544452667232,3,123,True,0.15,3.0
mc_status_skip_full_k3__clean__xyz0__ryp0__seed42,opencood/pretrained/feaco/generated_mc_status_skip_full_k3__clean__xyz0__ryp0__seed42,opencood/pretrained/feaco/generated_mc_status_skip_full_k3__clean__xyz0__ryp0__seed42/config.yaml,mc_status_skip_full_k3,point_pillar_where2comm_our,clean,False,0.0,0.0,42,mc_status_skip_full_k3__clean__xyz0__ryp0__seed42.csv,True,False,True,0.05,True,9.800544452667232,3,123,False,0.15,3.0
feaco_baseline__pos_0p2_rot_1p0__xyz0p2__ryp1__seed42,opencood/pretrained/feaco/generated_feaco_baseline__pos_0p2_rot_1p0__xyz0p2__ryp1__seed42,opencood/pretrained/feaco/generated_feaco_baseline__pos_0p2_rot_1p0__xyz0p2__ryp1__seed42/config.yaml,feaco_baseline,point_pillar_where2comm_feaco,pos_0p2_rot_1p0,True,0.2,1.0,42,feaco_baseline__pos_0p2_rot_1p0__xyz0p2__ryp1__seed42.csv,False,False,True,0.05,False,9.800544452667232,3,123,True,0.15,3.0
level2_status_skip_vertical_blur_bss0p05__pos_0p2_rot_1p0__xyz0p2__ryp1__seed42,opencood/pretrained/feaco/generated_level2_status_skip_vertical_blur_bss0p05__pos_0p2_rot_1p0__xyz0p2__ryp1__seed42,opencood/pretrained/feaco/generated_level2_status_skip_vertical_blur_bss0p05__pos_0p2_rot_1p0__xyz0p2__ryp1__seed42/config.yaml,level2_status_skip_vertical_blur_bss0p05,point_pillar_where2comm_our,pos_0p2_rot_1p0,True,0.2,1.0,42,level2_status_skip_vertical_blur_bss0p05__pos_0p2_rot_1p0__xyz0p2__ryp1__seed42.csv,True,True,True,0.05,False,9.800544452667232,3,123,True,0.15,3.0
mc_status_skip_full_k3__pos_0p2_rot_1p0__xyz0p2__ryp1__seed42,opencood/pretrained/feaco/generated_mc_status_skip_full_k3__pos_0p2_rot_1p0__xyz0p2__ryp1__seed42,opencood/pretrained/feaco/generated_mc_status_skip_full_k3__pos_0p2_rot_1p0__xyz0p2__ryp1__seed42/config.yaml,mc_status_skip_full_k3,point_pillar_where2comm_our,pos_0p2_rot_1p0,True,0.2,1.0,42,mc_status_skip_full_k3__pos_0p2_rot_1p0__xyz0p2__ryp1__seed42.csv,True,False,True,0.05,True,9.800544452667232,3,123,False,0.15,3.0
feaco_baseline__pos_0p2_rot_2p0__xyz0p2__ryp2__seed42,opencood/pretrained/feaco/generated_feaco_baseline__pos_0p2_rot_2p0__xyz0p2__ryp2__seed42,opencood/pretrained/feaco/generated_feaco_baseline__pos_0p2_rot_2p0__xyz0p2__ryp2__seed42/config.yaml,feaco_baseline,point_pillar_where2comm_feaco,pos_0p2_rot_2p0,True,0.2,2.0,42,feaco_baseline__pos_0p2_rot_2p0__xyz0p2__ryp2__seed42.csv,False,False,True,0.05,False,9.800544452667232,3,123,True,0.15,3.0
level2_status_skip_vertical_blur_bss0p05__pos_0p2_rot_2p0__xyz0p2__ryp2__seed42,opencood/pretrained/feaco/generated_level2_status_skip_vertical_blur_bss0p05__pos_0p2_rot_2p0__xyz0p2__ryp2__seed42,opencood/pretrained/feaco/generated_level2_status_skip_vertical_blur_bss0p05__pos_0p2_rot_2p0__xyz0p2__ryp2__seed42/config.yaml,level2_status_skip_vertical_blur_bss0p05,point_pillar_where2comm_our,pos_0p2_rot_2p0,True,0.2,2.0,42,level2_status_skip_vertical_blur_bss0p05__pos_0p2_rot_2p0__xyz0p2__ryp2__seed42.csv,True,True,True,0.05,False,9.800544452667232,3,123,True,0.15,3.0
mc_status_skip_full_k3__pos_0p2_rot_2p0__xyz0p2__ryp2__seed42,opencood/pretrained/feaco/generated_mc_status_skip_full_k3__pos_0p2_rot_2p0__xyz0p2__ryp2__seed42,opencood/pretrained/feaco/generated_mc_status_skip_full_k3__pos_0p2_rot_2p0__xyz0p2__ryp2__seed42/config.yaml,mc_status_skip_full_k3,point_pillar_where2comm_our,pos_0p2_rot_2p0,True,0.2,2.0,42,mc_status_skip_full_k3__pos_0p2_rot_2p0__xyz0p2__ryp2__seed42.csv,True,False,True,0.05,True,9.800544452667232,3,123,False,0.15,3.0
feaco_baseline__pos_0p2_rot_4p0__xyz0p2__ryp4__seed42,opencood/pretrained/feaco/generated_feaco_baseline__pos_0p2_rot_4p0__xyz0p2__ryp4__seed42,opencood/pretrained/feaco/generated_feaco_baseline__pos_0p2_rot_4p0__xyz0p2__ryp4__seed42/config.yaml,feaco_baseline,point_pillar_where2comm_feaco,pos_0p2_rot_4p0,True,0.2,4.0,42,feaco_baseline__pos_0p2_rot_4p0__xyz0p2__ryp4__seed42.csv,False,False,True,0.05,False,9.800544452667232,3,123,True,0.15,3.0
level2_status_skip_vertical_blur_bss0p05__pos_0p2_rot_4p0__xyz0p2__ryp4__seed42,opencood/pretrained/feaco/generated_level2_status_skip_vertical_blur_bss0p05__pos_0p2_rot_4p0__xyz0p2__ryp4__seed42,opencood/pretrained/feaco/generated_level2_status_skip_vertical_blur_bss0p05__pos_0p2_rot_4p0__xyz0p2__ryp4__seed42/config.yaml,level2_status_skip_vertical_blur_bss0p05,point_pillar_where2comm_our,pos_0p2_rot_4p0,True,0.2,4.0,42,level2_status_skip_vertical_blur_bss0p05__pos_0p2_rot_4p0__xyz0p2__ryp4__seed42.csv,True,True,True,0.05,False,9.800544452667232,3,123,True,0.15,3.0
mc_status_skip_full_k3__pos_0p2_rot_4p0__xyz0p2__ryp4__seed42,opencood/pretrained/feaco/generated_mc_status_skip_full_k3__pos_0p2_rot_4p0__xyz0p2__ryp4__seed42,opencood/pretrained/feaco/generated_mc_status_skip_full_k3__pos_0p2_rot_4p0__xyz0p2__ryp4__seed42/config.yaml,mc_status_skip_full_k3,point_pillar_where2comm_our,pos_0p2_rot_4p0,True,0.2,4.0,42,mc_status_skip_full_k3__pos_0p2_rot_4p0__xyz0p2__ryp4__seed42.csv,True,False,True,0.05,True,9.800544452667232,3,123,False,0.15,3.0
feaco_baseline__pos_0p2_rot_6p0__xyz0p2__ryp6__seed42,opencood/pretrained/feaco/generated_feaco_baseline__pos_0p2_rot_6p0__xyz0p2__ryp6__seed42,opencood/pretrained/feaco/generated_feaco_baseline__pos_0p2_rot_6p0__xyz0p2__ryp6__seed42/config.yaml,feaco_baseline,point_pillar_where2comm_feaco,pos_0p2_rot_6p0,True,0.2,6.0,42,feaco_baseline__pos_0p2_rot_6p0__xyz0p2__ryp6__seed42.csv,False,False,True,0.05,False,9.800544452667232,3,123,True,0.15,3.0
level2_status_skip_vertical_blur_bss0p05__pos_0p2_rot_6p0__xyz0p2__ryp6__seed42,opencood/pretrained/feaco/generated_level2_status_skip_vertical_blur_bss0p05__pos_0p2_rot_6p0__xyz0p2__ryp6__seed42,opencood/pretrained/feaco/generated_level2_status_skip_vertical_blur_bss0p05__pos_0p2_rot_6p0__xyz0p2__ryp6__seed42/config.yaml,level2_status_skip_vertical_blur_bss0p05,point_pillar_where2comm_our,pos_0p2_rot_6p0,True,0.2,6.0,42,level2_status_skip_vertical_blur_bss0p05__pos_0p2_rot_6p0__xyz0p2__ryp6__seed42.csv,True,True,True,0.05,False,9.800544452667232,3,123,True,0.15,3.0
mc_status_skip_full_k3__pos_0p2_rot_6p0__xyz0p2__ryp6__seed42,opencood/pretrained/feaco/generated_mc_status_skip_full_k3__pos_0p2_rot_6p0__xyz0p2__ryp6__seed42,opencood/pretrained/feaco/generated_mc_status_skip_full_k3__pos_0p2_rot_6p0__xyz0p2__ryp6__seed42/config.yaml,mc_status_skip_full_k3,point_pillar_where2comm_our,pos_0p2_rot_6p0,True,0.2,6.0,42,mc_status_skip_full_k3__pos_0p2_rot_6p0__xyz0p2__ryp6__seed42.csv,True,False,True,0.05,True,9.800544452667232,3,123,False,0.15,3.0
feaco_baseline__pos_0p2_rot_8p0__xyz0p2__ryp8__seed42,opencood/pretrained/feaco/generated_feaco_baseline__pos_0p2_rot_8p0__xyz0p2__ryp8__seed42,opencood/pretrained/feaco/generated_feaco_baseline__pos_0p2_rot_8p0__xyz0p2__ryp8__seed42/config.yaml,feaco_baseline,point_pillar_where2comm_feaco,pos_0p2_rot_8p0,True,0.2,8.0,42,feaco_baseline__pos_0p2_rot_8p0__xyz0p2__ryp8__seed42.csv,False,False,True,0.05,False,9.800544452667232,3,123,True,0.15,3.0
level2_status_skip_vertical_blur_bss0p05__pos_0p2_rot_8p0__xyz0p2__ryp8__seed42,opencood/pretrained/feaco/generated_level2_status_skip_vertical_blur_bss0p05__pos_0p2_rot_8p0__xyz0p2__ryp8__seed42,opencood/pretrained/feaco/generated_level2_status_skip_vertical_blur_bss0p05__pos_0p2_rot_8p0__xyz0p2__ryp8__seed42/config.yaml,level2_status_skip_vertical_blur_bss0p05,point_pillar_where2comm_our,pos_0p2_rot_8p0,True,0.2,8.0,42,level2_status_skip_vertical_blur_bss0p05__pos_0p2_rot_8p0__xyz0p2__ryp8__seed42.csv,True,True,True,0.05,False,9.800544452667232,3,123,True,0.15,3.0
mc_status_skip_full_k3__pos_0p2_rot_8p0__xyz0p2__ryp8__seed42,opencood/pretrained/feaco/generated_mc_status_skip_full_k3__pos_0p2_rot_8p0__xyz0p2__ryp8__seed42,opencood/pretrained/feaco/generated_mc_status_skip_full_k3__pos_0p2_rot_8p0__xyz0p2__ryp8__seed42/config.yaml,mc_status_skip_full_k3,point_pillar_where2comm_our,pos_0p2_rot_8p0,True,0.2,8.0,42,mc_status_skip_full_k3__pos_0p2_rot_8p0__xyz0p2__ryp8__seed42.csv,True,False,True,0.05,True,9.800544452667232,3,123,False,0.15,3.0
feaco_baseline__pos_0p2_rot_10p0__xyz0p2__ryp10__seed42,opencood/pretrained/feaco/generated_feaco_baseline__pos_0p2_rot_10p0__xyz0p2__ryp10__seed42,opencood/pretrained/feaco/generated_feaco_baseline__pos_0p2_rot_10p0__xyz0p2__ryp10__seed42/config.yaml,feaco_baseline,point_pillar_where2comm_feaco,pos_0p2_rot_10p0,True,0.2,10.0,42,feaco_baseline__pos_0p2_rot_10p0__xyz0p2__ryp10__seed42.csv,False,False,True,0.05,False,9.800544452667232,3,123,True,0.15,3.0
level2_status_skip_vertical_blur_bss0p05__pos_0p2_rot_10p0__xyz0p2__ryp10__seed42,opencood/pretrained/feaco/generated_level2_status_skip_vertical_blur_bss0p05__pos_0p2_rot_10p0__xyz0p2__ryp10__seed42,opencood/pretrained/feaco/generated_level2_status_skip_vertical_blur_bss0p05__pos_0p2_rot_10p0__xyz0p2__ryp10__seed42/config.yaml,level2_status_skip_vertical_blur_bss0p05,point_pillar_where2comm_our,pos_0p2_rot_10p0,True,0.2,10.0,42,level2_status_skip_vertical_blur_bss0p05__pos_0p2_rot_10p0__xyz0p2__ryp10__seed42.csv,True,True,True,0.05,False,9.800544452667232,3,123,True,0.15,3.0
mc_status_skip_full_k3__pos_0p2_rot_10p0__xyz0p2__ryp10__seed42,opencood/pretrained/feaco/generated_mc_status_skip_full_k3__pos_0p2_rot_10p0__xyz0p2__ryp10__seed42,opencood/pretrained/feaco/generated_mc_status_skip_full_k3__pos_0p2_rot_10p0__xyz0p2__ryp10__seed42/config.yaml,mc_status_skip_full_k3,point_pillar_where2comm_our,pos_0p2_rot_10p0,True,0.2,10.0,42,mc_status_skip_full_k3__pos_0p2_rot_10p0__xyz0p2__ryp10__seed42.csv,True,False,True,0.05,True,9.800544452667232,3,123,False,0.15,3.0
feaco_baseline__pos_0p2_rot_14p0__xyz0p2__ryp14__seed42,opencood/pretrained/feaco/generated_feaco_baseline__pos_0p2_rot_14p0__xyz0p2__ryp14__seed42,opencood/pretrained/feaco/generated_feaco_baseline__pos_0p2_rot_14p0__xyz0p2__ryp14__seed42/config.yaml,feaco_baseline,point_pillar_where2comm_feaco,pos_0p2_rot_14p0,True,0.2,14.0,42,feaco_baseline__pos_0p2_rot_14p0__xyz0p2__ryp14__seed42.csv,False,False,True,0.05,False,9.800544452667232,3,123,True,0.15,3.0
level2_status_skip_vertical_blur_bss0p05__pos_0p2_rot_14p0__xyz0p2__ryp14__seed42,opencood/pretrained/feaco/generated_level2_status_skip_vertical_blur_bss0p05__pos_0p2_rot_14p0__xyz0p2__ryp14__seed42,opencood/pretrained/feaco/generated_level2_status_skip_vertical_blur_bss0p05__pos_0p2_rot_14p0__xyz0p2__ryp14__seed42/config.yaml,level2_status_skip_vertical_blur_bss0p05,point_pillar_where2comm_our,pos_0p2_rot_14p0,True,0.2,14.0,42,level2_status_skip_vertical_blur_bss0p05__pos_0p2_rot_14p0__xyz0p2__ryp14__seed42.csv,True,True,True,0.05,False,9.800544452667232,3,123,True,0.15,3.0
mc_status_skip_full_k3__pos_0p2_rot_14p0__xyz0p2__ryp14__seed42,opencood/pretrained/feaco/generated_mc_status_skip_full_k3__pos_0p2_rot_14p0__xyz0p2__ryp14__seed42,opencood/pretrained/feaco/generated_mc_status_skip_full_k3__pos_0p2_rot_14p0__xyz0p2__ryp14__seed42/config.yaml,mc_status_skip_full_k3,point_pillar_where2comm_our,pos_0p2_rot_14p0,True,0.2,14.0,42,mc_status_skip_full_k3__pos_0p2_rot_14p0__xyz0p2__ryp14__seed42.csv,True,False,True,0.05,True,9.800544452667232,3,123,False,0.15,3.0
feaco_baseline__pos_0p2_rot_18p0__xyz0p2__ryp18__seed42,opencood/pretrained/feaco/generated_feaco_baseline__pos_0p2_rot_18p0__xyz0p2__ryp18__seed42,opencood/pretrained/feaco/generated_feaco_baseline__pos_0p2_rot_18p0__xyz0p2__ryp18__seed42/config.yaml,feaco_baseline,point_pillar_where2comm_feaco,pos_0p2_rot_18p0,True,0.2,18.0,42,feaco_baseline__pos_0p2_rot_18p0__xyz0p2__ryp18__seed42.csv,False,False,True,0.05,False,9.800544452667232,3,123,True,0.15,3.0
level2_status_skip_vertical_blur_bss0p05__pos_0p2_rot_18p0__xyz0p2__ryp18__seed42,opencood/pretrained/feaco/generated_level2_status_skip_vertical_blur_bss0p05__pos_0p2_rot_18p0__xyz0p2__ryp18__seed42,opencood/pretrained/feaco/generated_level2_status_skip_vertical_blur_bss0p05__pos_0p2_rot_18p0__xyz0p2__ryp18__seed42/config.yaml,level2_status_skip_vertical_blur_bss0p05,point_pillar_where2comm_our,pos_0p2_rot_18p0,True,0.2,18.0,42,level2_status_skip_vertical_blur_bss0p05__pos_0p2_rot_18p0__xyz0p2__ryp18__seed42.csv,True,True,True,0.05,False,9.800544452667232,3,123,True,0.15,3.0
mc_status_skip_full_k3__pos_0p2_rot_18p0__xyz0p2__ryp18__seed42,opencood/pretrained/feaco/generated_mc_status_skip_full_k3__pos_0p2_rot_18p0__xyz0p2__ryp18__seed42,opencood/pretrained/feaco/generated_mc_status_skip_full_k3__pos_0p2_rot_18p0__xyz0p2__ryp18__seed42/config.yaml,mc_status_skip_full_k3,point_pillar_where2comm_our,pos_0p2_rot_18p0,True,0.2,18.0,42,mc_status_skip_full_k3__pos_0p2_rot_18p0__xyz0p2__ryp18__seed42.csv,True,False,True,0.05,True,9.800544452667232,3,123,False,0.15,3.0
feaco_baseline__pos_0p5_rot_1p0__xyz0p5__ryp1__seed42,opencood/pretrained/feaco/generated_feaco_baseline__pos_0p5_rot_1p0__xyz0p5__ryp1__seed42,opencood/pretrained/feaco/generated_feaco_baseline__pos_0p5_rot_1p0__xyz0p5__ryp1__seed42/config.yaml,feaco_baseline,point_pillar_where2comm_feaco,pos_0p5_rot_1p0,True,0.5,1.0,42,feaco_baseline__pos_0p5_rot_1p0__xyz0p5__ryp1__seed42.csv,False,False,True,0.05,False,9.800544452667232,3,123,True,0.15,3.0
level2_status_skip_vertical_blur_bss0p05__pos_0p5_rot_1p0__xyz0p5__ryp1__seed42,opencood/pretrained/feaco/generated_level2_status_skip_vertical_blur_bss0p05__pos_0p5_rot_1p0__xyz0p5__ryp1__seed42,opencood/pretrained/feaco/generated_level2_status_skip_vertical_blur_bss0p05__pos_0p5_rot_1p0__xyz0p5__ryp1__seed42/config.yaml,level2_status_skip_vertical_blur_bss0p05,point_pillar_where2comm_our,pos_0p5_rot_1p0,True,0.5,1.0,42,level2_status_skip_vertical_blur_bss0p05__pos_0p5_rot_1p0__xyz0p5__ryp1__seed42.csv,True,True,True,0.05,False,9.800544452667232,3,123,True,0.15,3.0
mc_status_skip_full_k3__pos_0p5_rot_1p0__xyz0p5__ryp1__seed42,opencood/pretrained/feaco/generated_mc_status_skip_full_k3__pos_0p5_rot_1p0__xyz0p5__ryp1__seed42,opencood/pretrained/feaco/generated_mc_status_skip_full_k3__pos_0p5_rot_1p0__xyz0p5__ryp1__seed42/config.yaml,mc_status_skip_full_k3,point_pillar_where2comm_our,pos_0p5_rot_1p0,True,0.5,1.0,42,mc_status_skip_full_k3__pos_0p5_rot_1p0__xyz0p5__ryp1__seed42.csv,True,False,True,0.05,True,9.800544452667232,3,123,False,0.15,3.0
feaco_baseline__pos_0p5_rot_2p0__xyz0p5__ryp2__seed42,opencood/pretrained/feaco/generated_feaco_baseline__pos_0p5_rot_2p0__xyz0p5__ryp2__seed42,opencood/pretrained/feaco/generated_feaco_baseline__pos_0p5_rot_2p0__xyz0p5__ryp2__seed42/config.yaml,feaco_baseline,point_pillar_where2comm_feaco,pos_0p5_rot_2p0,True,0.5,2.0,42,feaco_baseline__pos_0p5_rot_2p0__xyz0p5__ryp2__seed42.csv,False,False,True,0.05,False,9.800544452667232,3,123,True,0.15,3.0
level2_status_skip_vertical_blur_bss0p05__pos_0p5_rot_2p0__xyz0p5__ryp2__seed42,opencood/pretrained/feaco/generated_level2_status_skip_vertical_blur_bss0p05__pos_0p5_rot_2p0__xyz0p5__ryp2__seed42,opencood/pretrained/feaco/generated_level2_status_skip_vertical_blur_bss0p05__pos_0p5_rot_2p0__xyz0p5__ryp2__seed42/config.yaml,level2_status_skip_vertical_blur_bss0p05,point_pillar_where2comm_our,pos_0p5_rot_2p0,True,0.5,2.0,42,level2_status_skip_vertical_blur_bss0p05__pos_0p5_rot_2p0__xyz0p5__ryp2__seed42.csv,True,True,True,0.05,False,9.800544452667232,3,123,True,0.15,3.0
mc_status_skip_full_k3__pos_0p5_rot_2p0__xyz0p5__ryp2__seed42,opencood/pretrained/feaco/generated_mc_status_skip_full_k3__pos_0p5_rot_2p0__xyz0p5__ryp2__seed42,opencood/pretrained/feaco/generated_mc_status_skip_full_k3__pos_0p5_rot_2p0__xyz0p5__ryp2__seed42/config.yaml,mc_status_skip_full_k3,point_pillar_where2comm_our,pos_0p5_rot_2p0,True,0.5,2.0,42,mc_status_skip_full_k3__pos_0p5_rot_2p0__xyz0p5__ryp2__seed42.csv,True,False,True,0.05,True,9.800544452667232,3,123,False,0.15,3.0
feaco_baseline__pos_0p5_rot_4p0__xyz0p5__ryp4__seed42,opencood/pretrained/feaco/generated_feaco_baseline__pos_0p5_rot_4p0__xyz0p5__ryp4__seed42,opencood/pretrained/feaco/generated_feaco_baseline__pos_0p5_rot_4p0__xyz0p5__ryp4__seed42/config.yaml,feaco_baseline,point_pillar_where2comm_feaco,pos_0p5_rot_4p0,True,0.5,4.0,42,feaco_baseline__pos_0p5_rot_4p0__xyz0p5__ryp4__seed42.csv,False,False,True,0.05,False,9.800544452667232,3,123,True,0.15,3.0
level2_status_skip_vertical_blur_bss0p05__pos_0p5_rot_4p0__xyz0p5__ryp4__seed42,opencood/pretrained/feaco/generated_level2_status_skip_vertical_blur_bss0p05__pos_0p5_rot_4p0__xyz0p5__ryp4__seed42,opencood/pretrained/feaco/generated_level2_status_skip_vertical_blur_bss0p05__pos_0p5_rot_4p0__xyz0p5__ryp4__seed42/config.yaml,level2_status_skip_vertical_blur_bss0p05,point_pillar_where2comm_our,pos_0p5_rot_4p0,True,0.5,4.0,42,level2_status_skip_vertical_blur_bss0p05__pos_0p5_rot_4p0__xyz0p5__ryp4__seed42.csv,True,True,True,0.05,False,9.800544452667232,3,123,True,0.15,3.0
mc_status_skip_full_k3__pos_0p5_rot_4p0__xyz0p5__ryp4__seed42,opencood/pretrained/feaco/generated_mc_status_skip_full_k3__pos_0p5_rot_4p0__xyz0p5__ryp4__seed42,opencood/pretrained/feaco/generated_mc_status_skip_full_k3__pos_0p5_rot_4p0__xyz0p5__ryp4__seed42/config.yaml,mc_status_skip_full_k3,point_pillar_where2comm_our,pos_0p5_rot_4p0,True,0.5,4.0,42,mc_status_skip_full_k3__pos_0p5_rot_4p0__xyz0p5__ryp4__seed42.csv,True,False,True,0.05,True,9.800544452667232,3,123,False,0.15,3.0
feaco_baseline__pos_0p5_rot_6p0__xyz0p5__ryp6__seed42,opencood/pretrained/feaco/generated_feaco_baseline__pos_0p5_rot_6p0__xyz0p5__ryp6__seed42,opencood/pretrained/feaco/generated_feaco_baseline__pos_0p5_rot_6p0__xyz0p5__ryp6__seed42/config.yaml,feaco_baseline,point_pillar_where2comm_feaco,pos_0p5_rot_6p0,True,0.5,6.0,42,feaco_baseline__pos_0p5_rot_6p0__xyz0p5__ryp6__seed42.csv,False,False,True,0.05,False,9.800544452667232,3,123,True,0.15,3.0
level2_status_skip_vertical_blur_bss0p05__pos_0p5_rot_6p0__xyz0p5__ryp6__seed42,opencood/pretrained/feaco/generated_level2_status_skip_vertical_blur_bss0p05__pos_0p5_rot_6p0__xyz0p5__ryp6__seed42,opencood/pretrained/feaco/generated_level2_status_skip_vertical_blur_bss0p05__pos_0p5_rot_6p0__xyz0p5__ryp6__seed42/config.yaml,level2_status_skip_vertical_blur_bss0p05,point_pillar_where2comm_our,pos_0p5_rot_6p0,True,0.5,6.0,42,level2_status_skip_vertical_blur_bss0p05__pos_0p5_rot_6p0__xyz0p5__ryp6__seed42.csv,True,True,True,0.05,False,9.800544452667232,3,123,True,0.15,3.0
mc_status_skip_full_k3__pos_0p5_rot_6p0__xyz0p5__ryp6__seed42,opencood/pretrained/feaco/generated_mc_status_skip_full_k3__pos_0p5_rot_6p0__xyz0p5__ryp6__seed42,opencood/pretrained/feaco/generated_mc_status_skip_full_k3__pos_0p5_rot_6p0__xyz0p5__ryp6__seed42/config.yaml,mc_status_skip_full_k3,point_pillar_where2comm_our,pos_0p5_rot_6p0,True,0.5,6.0,42,mc_status_skip_full_k3__pos_0p5_rot_6p0__xyz0p5__ryp6__seed42.csv,True,False,True,0.05,True,9.800544452667232,3,123,False,0.15,3.0
feaco_baseline__pos_0p5_rot_8p0__xyz0p5__ryp8__seed42,opencood/pretrained/feaco/generated_feaco_baseline__pos_0p5_rot_8p0__xyz0p5__ryp8__seed42,opencood/pretrained/feaco/generated_feaco_baseline__pos_0p5_rot_8p0__xyz0p5__ryp8__seed42/config.yaml,feaco_baseline,point_pillar_where2comm_feaco,pos_0p5_rot_8p0,True,0.5,8.0,42,feaco_baseline__pos_0p5_rot_8p0__xyz0p5__ryp8__seed42.csv,False,False,True,0.05,False,9.800544452667232,3,123,True,0.15,3.0
level2_status_skip_vertical_blur_bss0p05__pos_0p5_rot_8p0__xyz0p5__ryp8__seed42,opencood/pretrained/feaco/generated_level2_status_skip_vertical_blur_bss0p05__pos_0p5_rot_8p0__xyz0p5__ryp8__seed42,opencood/pretrained/feaco/generated_level2_status_skip_vertical_blur_bss0p05__pos_0p5_rot_8p0__xyz0p5__ryp8__seed42/config.yaml,level2_status_skip_vertical_blur_bss0p05,point_pillar_where2comm_our,pos_0p5_rot_8p0,True,0.5,8.0,42,level2_status_skip_vertical_blur_bss0p05__pos_0p5_rot_8p0__xyz0p5__ryp8__seed42.csv,True,True,True,0.05,False,9.800544452667232,3,123,True,0.15,3.0
mc_status_skip_full_k3__pos_0p5_rot_8p0__xyz0p5__ryp8__seed42,opencood/pretrained/feaco/generated_mc_status_skip_full_k3__pos_0p5_rot_8p0__xyz0p5__ryp8__seed42,opencood/pretrained/feaco/generated_mc_status_skip_full_k3__pos_0p5_rot_8p0__xyz0p5__ryp8__seed42/config.yaml,mc_status_skip_full_k3,point_pillar_where2comm_our,pos_0p5_rot_8p0,True,0.5,8.0,42,mc_status_skip_full_k3__pos_0p5_rot_8p0__xyz0p5__ryp8__seed42.csv,True,False,True,0.05,True,9.800544452667232,3,123,False,0.15,3.0
feaco_baseline__pos_0p5_rot_10p0__xyz0p5__ryp10__seed42,opencood/pretrained/feaco/generated_feaco_baseline__pos_0p5_rot_10p0__xyz0p5__ryp10__seed42,opencood/pretrained/feaco/generated_feaco_baseline__pos_0p5_rot_10p0__xyz0p5__ryp10__seed42/config.yaml,feaco_baseline,point_pillar_where2comm_feaco,pos_0p5_rot_10p0,True,0.5,10.0,42,feaco_baseline__pos_0p5_rot_10p0__xyz0p5__ryp10__seed42.csv,False,False,True,0.05,False,9.800544452667232,3,123,True,0.15,3.0
level2_status_skip_vertical_blur_bss0p05__pos_0p5_rot_10p0__xyz0p5__ryp10__seed42,opencood/pretrained/feaco/generated_level2_status_skip_vertical_blur_bss0p05__pos_0p5_rot_10p0__xyz0p5__ryp10__seed42,opencood/pretrained/feaco/generated_level2_status_skip_vertical_blur_bss0p05__pos_0p5_rot_10p0__xyz0p5__ryp10__seed42/config.yaml,level2_status_skip_vertical_blur_bss0p05,point_pillar_where2comm_our,pos_0p5_rot_10p0,True,0.5,10.0,42,level2_status_skip_vertical_blur_bss0p05__pos_0p5_rot_10p0__xyz0p5__ryp10__seed42.csv,True,True,True,0.05,False,9.800544452667232,3,123,True,0.15,3.0
mc_status_skip_full_k3__pos_0p5_rot_10p0__xyz0p5__ryp10__seed42,opencood/pretrained/feaco/generated_mc_status_skip_full_k3__pos_0p5_rot_10p0__xyz0p5__ryp10__seed42,opencood/pretrained/feaco/generated_mc_status_skip_full_k3__pos_0p5_rot_10p0__xyz0p5__ryp10__seed42/config.yaml,mc_status_skip_full_k3,point_pillar_where2comm_our,pos_0p5_rot_10p0,True,0.5,10.0,42,mc_status_skip_full_k3__pos_0p5_rot_10p0__xyz0p5__ryp10__seed42.csv,True,False,True,0.05,True,9.800544452667232,3,123,False,0.15,3.0
feaco_baseline__pos_0p5_rot_14p0__xyz0p5__ryp14__seed42,opencood/pretrained/feaco/generated_feaco_baseline__pos_0p5_rot_14p0__xyz0p5__ryp14__seed42,opencood/pretrained/feaco/generated_feaco_baseline__pos_0p5_rot_14p0__xyz0p5__ryp14__seed42/config.yaml,feaco_baseline,point_pillar_where2comm_feaco,pos_0p5_rot_14p0,True,0.5,14.0,42,feaco_baseline__pos_0p5_rot_14p0__xyz0p5__ryp14__seed42.csv,False,False,True,0.05,False,9.800544452667232,3,123,True,0.15,3.0
level2_status_skip_vertical_blur_bss0p05__pos_0p5_rot_14p0__xyz0p5__ryp14__seed42,opencood/pretrained/feaco/generated_level2_status_skip_vertical_blur_bss0p05__pos_0p5_rot_14p0__xyz0p5__ryp14__seed42,opencood/pretrained/feaco/generated_level2_status_skip_vertical_blur_bss0p05__pos_0p5_rot_14p0__xyz0p5__ryp14__seed42/config.yaml,level2_status_skip_vertical_blur_bss0p05,point_pillar_where2comm_our,pos_0p5_rot_14p0,True,0.5,14.0,42,level2_status_skip_vertical_blur_bss0p05__pos_0p5_rot_14p0__xyz0p5__ryp14__seed42.csv,True,True,True,0.05,False,9.800544452667232,3,123,True,0.15,3.0
mc_status_skip_full_k3__pos_0p5_rot_14p0__xyz0p5__ryp14__seed42,opencood/pretrained/feaco/generated_mc_status_skip_full_k3__pos_0p5_rot_14p0__xyz0p5__ryp14__seed42,opencood/pretrained/feaco/generated_mc_status_skip_full_k3__pos_0p5_rot_14p0__xyz0p5__ryp14__seed42/config.yaml,mc_status_skip_full_k3,point_pillar_where2comm_our,pos_0p5_rot_14p0,True,0.5,14.0,42,mc_status_skip_full_k3__pos_0p5_rot_14p0__xyz0p5__ryp14__seed42.csv,True,False,True,0.05,True,9.800544452667232,3,123,False,0.15,3.0
feaco_baseline__pos_0p5_rot_18p0__xyz0p5__ryp18__seed42,opencood/pretrained/feaco/generated_feaco_baseline__pos_0p5_rot_18p0__xyz0p5__ryp18__seed42,opencood/pretrained/feaco/generated_feaco_baseline__pos_0p5_rot_18p0__xyz0p5__ryp18__seed42/config.yaml,feaco_baseline,point_pillar_where2comm_feaco,pos_0p5_rot_18p0,True,0.5,18.0,42,feaco_baseline__pos_0p5_rot_18p0__xyz0p5__ryp18__seed42.csv,False,False,True,0.05,False,9.800544452667232,3,123,True,0.15,3.0
level2_status_skip_vertical_blur_bss0p05__pos_0p5_rot_18p0__xyz0p5__ryp18__seed42,opencood/pretrained/feaco/generated_level2_status_skip_vertical_blur_bss0p05__pos_0p5_rot_18p0__xyz0p5__ryp18__seed42,opencood/pretrained/feaco/generated_level2_status_skip_vertical_blur_bss0p05__pos_0p5_rot_18p0__xyz0p5__ryp18__seed42/config.yaml,level2_status_skip_vertical_blur_bss0p05,point_pillar_where2comm_our,pos_0p5_rot_18p0,True,0.5,18.0,42,level2_status_skip_vertical_blur_bss0p05__pos_0p5_rot_18p0__xyz0p5__ryp18__seed42.csv,True,True,True,0.05,False,9.800544452667232,3,123,True,0.15,3.0
mc_status_skip_full_k3__pos_0p5_rot_18p0__xyz0p5__ryp18__seed42,opencood/pretrained/feaco/generated_mc_status_skip_full_k3__pos_0p5_rot_18p0__xyz0p5__ryp18__seed42,opencood/pretrained/feaco/generated_mc_status_skip_full_k3__pos_0p5_rot_18p0__xyz0p5__ryp18__seed42/config.yaml,mc_status_skip_full_k3,point_pillar_where2comm_our,pos_0p5_rot_18p0,True,0.5,18.0,42,mc_status_skip_full_k3__pos_0p5_rot_18p0__xyz0p5__ryp18__seed42.csv,True,False,True,0.05,True,9.800544452667232,3,123,False,0.15,3.0
feaco_baseline__pos_1p0_rot_1p0__xyz1__ryp1__seed42,opencood/pretrained/feaco/generated_feaco_baseline__pos_1p0_rot_1p0__xyz1__ryp1__seed42,opencood/pretrained/feaco/generated_feaco_baseline__pos_1p0_rot_1p0__xyz1__ryp1__seed42/config.yaml,feaco_baseline,point_pillar_where2comm_feaco,pos_1p0_rot_1p0,True,1.0,1.0,42,feaco_baseline__pos_1p0_rot_1p0__xyz1__ryp1__seed42.csv,False,False,True,0.05,False,9.800544452667232,3,123,True,0.15,3.0
level2_status_skip_vertical_blur_bss0p05__pos_1p0_rot_1p0__xyz1__ryp1__seed42,opencood/pretrained/feaco/generated_level2_status_skip_vertical_blur_bss0p05__pos_1p0_rot_1p0__xyz1__ryp1__seed42,opencood/pretrained/feaco/generated_level2_status_skip_vertical_blur_bss0p05__pos_1p0_rot_1p0__xyz1__ryp1__seed42/config.yaml,level2_status_skip_vertical_blur_bss0p05,point_pillar_where2comm_our,pos_1p0_rot_1p0,True,1.0,1.0,42,level2_status_skip_vertical_blur_bss0p05__pos_1p0_rot_1p0__xyz1__ryp1__seed42.csv,True,True,True,0.05,False,9.800544452667232,3,123,True,0.15,3.0
mc_status_skip_full_k3__pos_1p0_rot_1p0__xyz1__ryp1__seed42,opencood/pretrained/feaco/generated_mc_status_skip_full_k3__pos_1p0_rot_1p0__xyz1__ryp1__seed42,opencood/pretrained/feaco/generated_mc_status_skip_full_k3__pos_1p0_rot_1p0__xyz1__ryp1__seed42/config.yaml,mc_status_skip_full_k3,point_pillar_where2comm_our,pos_1p0_rot_1p0,True,1.0,1.0,42,mc_status_skip_full_k3__pos_1p0_rot_1p0__xyz1__ryp1__seed42.csv,True,False,True,0.05,True,9.800544452667232,3,123,False,0.15,3.0
feaco_baseline__pos_1p0_rot_2p0__xyz1__ryp2__seed42,opencood/pretrained/feaco/generated_feaco_baseline__pos_1p0_rot_2p0__xyz1__ryp2__seed42,opencood/pretrained/feaco/generated_feaco_baseline__pos_1p0_rot_2p0__xyz1__ryp2__seed42/config.yaml,feaco_baseline,point_pillar_where2comm_feaco,pos_1p0_rot_2p0,True,1.0,2.0,42,feaco_baseline__pos_1p0_rot_2p0__xyz1__ryp2__seed42.csv,False,False,True,0.05,False,9.800544452667232,3,123,True,0.15,3.0
level2_status_skip_vertical_blur_bss0p05__pos_1p0_rot_2p0__xyz1__ryp2__seed42,opencood/pretrained/feaco/generated_level2_status_skip_vertical_blur_bss0p05__pos_1p0_rot_2p0__xyz1__ryp2__seed42,opencood/pretrained/feaco/generated_level2_status_skip_vertical_blur_bss0p05__pos_1p0_rot_2p0__xyz1__ryp2__seed42/config.yaml,level2_status_skip_vertical_blur_bss0p05,point_pillar_where2comm_our,pos_1p0_rot_2p0,True,1.0,2.0,42,level2_status_skip_vertical_blur_bss0p05__pos_1p0_rot_2p0__xyz1__ryp2__seed42.csv,True,True,True,0.05,False,9.800544452667232,3,123,True,0.15,3.0
mc_status_skip_full_k3__pos_1p0_rot_2p0__xyz1__ryp2__seed42,opencood/pretrained/feaco/generated_mc_status_skip_full_k3__pos_1p0_rot_2p0__xyz1__ryp2__seed42,opencood/pretrained/feaco/generated_mc_status_skip_full_k3__pos_1p0_rot_2p0__xyz1__ryp2__seed42/config.yaml,mc_status_skip_full_k3,point_pillar_where2comm_our,pos_1p0_rot_2p0,True,1.0,2.0,42,mc_status_skip_full_k3__pos_1p0_rot_2p0__xyz1__ryp2__seed42.csv,True,False,True,0.05,True,9.800544452667232,3,123,False,0.15,3.0
feaco_baseline__pos_1p0_rot_4p0__xyz1__ryp4__seed42,opencood/pretrained/feaco/generated_feaco_baseline__pos_1p0_rot_4p0__xyz1__ryp4__seed42,opencood/pretrained/feaco/generated_feaco_baseline__pos_1p0_rot_4p0__xyz1__ryp4__seed42/config.yaml,feaco_baseline,point_pillar_where2comm_feaco,pos_1p0_rot_4p0,True,1.0,4.0,42,feaco_baseline__pos_1p0_rot_4p0__xyz1__ryp4__seed42.csv,False,False,True,0.05,False,9.800544452667232,3,123,True,0.15,3.0
level2_status_skip_vertical_blur_bss0p05__pos_1p0_rot_4p0__xyz1__ryp4__seed42,opencood/pretrained/feaco/generated_level2_status_skip_vertical_blur_bss0p05__pos_1p0_rot_4p0__xyz1__ryp4__seed42,opencood/pretrained/feaco/generated_level2_status_skip_vertical_blur_bss0p05__pos_1p0_rot_4p0__xyz1__ryp4__seed42/config.yaml,level2_status_skip_vertical_blur_bss0p05,point_pillar_where2comm_our,pos_1p0_rot_4p0,True,1.0,4.0,42,level2_status_skip_vertical_blur_bss0p05__pos_1p0_rot_4p0__xyz1__ryp4__seed42.csv,True,True,True,0.05,False,9.800544452667232,3,123,True,0.15,3.0
mc_status_skip_full_k3__pos_1p0_rot_4p0__xyz1__ryp4__seed42,opencood/pretrained/feaco/generated_mc_status_skip_full_k3__pos_1p0_rot_4p0__xyz1__ryp4__seed42,opencood/pretrained/feaco/generated_mc_status_skip_full_k3__pos_1p0_rot_4p0__xyz1__ryp4__seed42/config.yaml,mc_status_skip_full_k3,point_pillar_where2comm_our,pos_1p0_rot_4p0,True,1.0,4.0,42,mc_status_skip_full_k3__pos_1p0_rot_4p0__xyz1__ryp4__seed42.csv,True,False,True,0.05,True,9.800544452667232,3,123,False,0.15,3.0
feaco_baseline__pos_1p0_rot_6p0__xyz1__ryp6__seed42,opencood/pretrained/feaco/generated_feaco_baseline__pos_1p0_rot_6p0__xyz1__ryp6__seed42,opencood/pretrained/feaco/generated_feaco_baseline__pos_1p0_rot_6p0__xyz1__ryp6__seed42/config.yaml,feaco_baseline,point_pillar_where2comm_feaco,pos_1p0_rot_6p0,True,1.0,6.0,42,feaco_baseline__pos_1p0_rot_6p0__xyz1__ryp6__seed42.csv,False,False,True,0.05,False,9.800544452667232,3,123,True,0.15,3.0
level2_status_skip_vertical_blur_bss0p05__pos_1p0_rot_6p0__xyz1__ryp6__seed42,opencood/pretrained/feaco/generated_level2_status_skip_vertical_blur_bss0p05__pos_1p0_rot_6p0__xyz1__ryp6__seed42,opencood/pretrained/feaco/generated_level2_status_skip_vertical_blur_bss0p05__pos_1p0_rot_6p0__xyz1__ryp6__seed42/config.yaml,level2_status_skip_vertical_blur_bss0p05,point_pillar_where2comm_our,pos_1p0_rot_6p0,True,1.0,6.0,42,level2_status_skip_vertical_blur_bss0p05__pos_1p0_rot_6p0__xyz1__ryp6__seed42.csv,True,True,True,0.05,False,9.800544452667232,3,123,True,0.15,3.0
mc_status_skip_full_k3__pos_1p0_rot_6p0__xyz1__ryp6__seed42,opencood/pretrained/feaco/generated_mc_status_skip_full_k3__pos_1p0_rot_6p0__xyz1__ryp6__seed42,opencood/pretrained/feaco/generated_mc_status_skip_full_k3__pos_1p0_rot_6p0__xyz1__ryp6__seed42/config.yaml,mc_status_skip_full_k3,point_pillar_where2comm_our,pos_1p0_rot_6p0,True,1.0,6.0,42,mc_status_skip_full_k3__pos_1p0_rot_6p0__xyz1__ryp6__seed42.csv,True,False,True,0.05,True,9.800544452667232,3,123,False,0.15,3.0
feaco_baseline__pos_1p0_rot_8p0__xyz1__ryp8__seed42,opencood/pretrained/feaco/generated_feaco_baseline__pos_1p0_rot_8p0__xyz1__ryp8__seed42,opencood/pretrained/feaco/generated_feaco_baseline__pos_1p0_rot_8p0__xyz1__ryp8__seed42/config.yaml,feaco_baseline,point_pillar_where2comm_feaco,pos_1p0_rot_8p0,True,1.0,8.0,42,feaco_baseline__pos_1p0_rot_8p0__xyz1__ryp8__seed42.csv,False,False,True,0.05,False,9.800544452667232,3,123,True,0.15,3.0
level2_status_skip_vertical_blur_bss0p05__pos_1p0_rot_8p0__xyz1__ryp8__seed42,opencood/pretrained/feaco/generated_level2_status_skip_vertical_blur_bss0p05__pos_1p0_rot_8p0__xyz1__ryp8__seed42,opencood/pretrained/feaco/generated_level2_status_skip_vertical_blur_bss0p05__pos_1p0_rot_8p0__xyz1__ryp8__seed42/config.yaml,level2_status_skip_vertical_blur_bss0p05,point_pillar_where2comm_our,pos_1p0_rot_8p0,True,1.0,8.0,42,level2_status_skip_vertical_blur_bss0p05__pos_1p0_rot_8p0__xyz1__ryp8__seed42.csv,True,True,True,0.05,False,9.800544452667232,3,123,True,0.15,3.0
mc_status_skip_full_k3__pos_1p0_rot_8p0__xyz1__ryp8__seed42,opencood/pretrained/feaco/generated_mc_status_skip_full_k3__pos_1p0_rot_8p0__xyz1__ryp8__seed42,opencood/pretrained/feaco/generated_mc_status_skip_full_k3__pos_1p0_rot_8p0__xyz1__ryp8__seed42/config.yaml,mc_status_skip_full_k3,point_pillar_where2comm_our,pos_1p0_rot_8p0,True,1.0,8.0,42,mc_status_skip_full_k3__pos_1p0_rot_8p0__xyz1__ryp8__seed42.csv,True,False,True,0.05,True,9.800544452667232,3,123,False,0.15,3.0
feaco_baseline__pos_1p0_rot_10p0__xyz1__ryp10__seed42,opencood/pretrained/feaco/generated_feaco_baseline__pos_1p0_rot_10p0__xyz1__ryp10__seed42,opencood/pretrained/feaco/generated_feaco_baseline__pos_1p0_rot_10p0__xyz1__ryp10__seed42/config.yaml,feaco_baseline,point_pillar_where2comm_feaco,pos_1p0_rot_10p0,True,1.0,10.0,42,feaco_baseline__pos_1p0_rot_10p0__xyz1__ryp10__seed42.csv,False,False,True,0.05,False,9.800544452667232,3,123,True,0.15,3.0
level2_status_skip_vertical_blur_bss0p05__pos_1p0_rot_10p0__xyz1__ryp10__seed42,opencood/pretrained/feaco/generated_level2_status_skip_vertical_blur_bss0p05__pos_1p0_rot_10p0__xyz1__ryp10__seed42,opencood/pretrained/feaco/generated_level2_status_skip_vertical_blur_bss0p05__pos_1p0_rot_10p0__xyz1__ryp10__seed42/config.yaml,level2_status_skip_vertical_blur_bss0p05,point_pillar_where2comm_our,pos_1p0_rot_10p0,True,1.0,10.0,42,level2_status_skip_vertical_blur_bss0p05__pos_1p0_rot_10p0__xyz1__ryp10__seed42.csv,True,True,True,0.05,False,9.800544452667232,3,123,True,0.15,3.0
mc_status_skip_full_k3__pos_1p0_rot_10p0__xyz1__ryp10__seed42,opencood/pretrained/feaco/generated_mc_status_skip_full_k3__pos_1p0_rot_10p0__xyz1__ryp10__seed42,opencood/pretrained/feaco/generated_mc_status_skip_full_k3__pos_1p0_rot_10p0__xyz1__ryp10__seed42/config.yaml,mc_status_skip_full_k3,point_pillar_where2comm_our,pos_1p0_rot_10p0,True,1.0,10.0,42,mc_status_skip_full_k3__pos_1p0_rot_10p0__xyz1__ryp10__seed42.csv,True,False,True,0.05,True,9.800544452667232,3,123,False,0.15,3.0
feaco_baseline__pos_1p0_rot_14p0__xyz1__ryp14__seed42,opencood/pretrained/feaco/generated_feaco_baseline__pos_1p0_rot_14p0__xyz1__ryp14__seed42,opencood/pretrained/feaco/generated_feaco_baseline__pos_1p0_rot_14p0__xyz1__ryp14__seed42/config.yaml,feaco_baseline,point_pillar_where2comm_feaco,pos_1p0_rot_14p0,True,1.0,14.0,42,feaco_baseline__pos_1p0_rot_14p0__xyz1__ryp14__seed42.csv,False,False,True,0.05,False,9.800544452667232,3,123,True,0.15,3.0
level2_status_skip_vertical_blur_bss0p05__pos_1p0_rot_14p0__xyz1__ryp14__seed42,opencood/pretrained/feaco/generated_level2_status_skip_vertical_blur_bss0p05__pos_1p0_rot_14p0__xyz1__ryp14__seed42,opencood/pretrained/feaco/generated_level2_status_skip_vertical_blur_bss0p05__pos_1p0_rot_14p0__xyz1__ryp14__seed42/config.yaml,level2_status_skip_vertical_blur_bss0p05,point_pillar_where2comm_our,pos_1p0_rot_14p0,True,1.0,14.0,42,level2_status_skip_vertical_blur_bss0p05__pos_1p0_rot_14p0__xyz1__ryp14__seed42.csv,True,True,True,0.05,False,9.800544452667232,3,123,True,0.15,3.0
mc_status_skip_full_k3__pos_1p0_rot_14p0__xyz1__ryp14__seed42,opencood/pretrained/feaco/generated_mc_status_skip_full_k3__pos_1p0_rot_14p0__xyz1__ryp14__seed42,opencood/pretrained/feaco/generated_mc_status_skip_full_k3__pos_1p0_rot_14p0__xyz1__ryp14__seed42/config.yaml,mc_status_skip_full_k3,point_pillar_where2comm_our,pos_1p0_rot_14p0,True,1.0,14.0,42,mc_status_skip_full_k3__pos_1p0_rot_14p0__xyz1__ryp14__seed42.csv,True,False,True,0.05,True,9.800544452667232,3,123,False,0.15,3.0
feaco_baseline__pos_1p0_rot_18p0__xyz1__ryp18__seed42,opencood/pretrained/feaco/generated_feaco_baseline__pos_1p0_rot_18p0__xyz1__ryp18__seed42,opencood/pretrained/feaco/generated_feaco_baseline__pos_1p0_rot_18p0__xyz1__ryp18__seed42/config.yaml,feaco_baseline,point_pillar_where2comm_feaco,pos_1p0_rot_18p0,True,1.0,18.0,42,feaco_baseline__pos_1p0_rot_18p0__xyz1__ryp18__seed42.csv,False,False,True,0.05,False,9.800544452667232,3,123,True,0.15,3.0
level2_status_skip_vertical_blur_bss0p05__pos_1p0_rot_18p0__xyz1__ryp18__seed42,opencood/pretrained/feaco/generated_level2_status_skip_vertical_blur_bss0p05__pos_1p0_rot_18p0__xyz1__ryp18__seed42,opencood/pretrained/feaco/generated_level2_status_skip_vertical_blur_bss0p05__pos_1p0_rot_18p0__xyz1__ryp18__seed42/config.yaml,level2_status_skip_vertical_blur_bss0p05,point_pillar_where2comm_our,pos_1p0_rot_18p0,True,1.0,18.0,42,level2_status_skip_vertical_blur_bss0p05__pos_1p0_rot_18p0__xyz1__ryp18__seed42.csv,True,True,True,0.05,False,9.800544452667232,3,123,True,0.15,3.0
mc_status_skip_full_k3__pos_1p0_rot_18p0__xyz1__ryp18__seed42,opencood/pretrained/feaco/generated_mc_status_skip_full_k3__pos_1p0_rot_18p0__xyz1__ryp18__seed42,opencood/pretrained/feaco/generated_mc_status_skip_full_k3__pos_1p0_rot_18p0__xyz1__ryp18__seed42/config.yaml,mc_status_skip_full_k3,point_pillar_where2comm_our,pos_1p0_rot_18p0,True,1.0,18.0,42,mc_status_skip_full_k3__pos_1p0_rot_18p0__xyz1__ryp18__seed42.csv,True,False,True,0.05,True,9.800544452667232,3,123,False,0.15,3.0
feaco_baseline__pos_1p5_rot_1p0__xyz1p5__ryp1__seed42,opencood/pretrained/feaco/generated_feaco_baseline__pos_1p5_rot_1p0__xyz1p5__ryp1__seed42,opencood/pretrained/feaco/generated_feaco_baseline__pos_1p5_rot_1p0__xyz1p5__ryp1__seed42/config.yaml,feaco_baseline,point_pillar_where2comm_feaco,pos_1p5_rot_1p0,True,1.5,1.0,42,feaco_baseline__pos_1p5_rot_1p0__xyz1p5__ryp1__seed42.csv,False,False,True,0.05,False,9.800544452667232,3,123,True,0.15,3.0
level2_status_skip_vertical_blur_bss0p05__pos_1p5_rot_1p0__xyz1p5__ryp1__seed42,opencood/pretrained/feaco/generated_level2_status_skip_vertical_blur_bss0p05__pos_1p5_rot_1p0__xyz1p5__ryp1__seed42,opencood/pretrained/feaco/generated_level2_status_skip_vertical_blur_bss0p05__pos_1p5_rot_1p0__xyz1p5__ryp1__seed42/config.yaml,level2_status_skip_vertical_blur_bss0p05,point_pillar_where2comm_our,pos_1p5_rot_1p0,True,1.5,1.0,42,level2_status_skip_vertical_blur_bss0p05__pos_1p5_rot_1p0__xyz1p5__ryp1__seed42.csv,True,True,True,0.05,False,9.800544452667232,3,123,True,0.15,3.0
mc_status_skip_full_k3__pos_1p5_rot_1p0__xyz1p5__ryp1__seed42,opencood/pretrained/feaco/generated_mc_status_skip_full_k3__pos_1p5_rot_1p0__xyz1p5__ryp1__seed42,opencood/pretrained/feaco/generated_mc_status_skip_full_k3__pos_1p5_rot_1p0__xyz1p5__ryp1__seed42/config.yaml,mc_status_skip_full_k3,point_pillar_where2comm_our,pos_1p5_rot_1p0,True,1.5,1.0,42,mc_status_skip_full_k3__pos_1p5_rot_1p0__xyz1p5__ryp1__seed42.csv,True,False,True,0.05,True,9.800544452667232,3,123,False,0.15,3.0
feaco_baseline__pos_1p5_rot_2p0__xyz1p5__ryp2__seed42,opencood/pretrained/feaco/generated_feaco_baseline__pos_1p5_rot_2p0__xyz1p5__ryp2__seed42,opencood/pretrained/feaco/generated_feaco_baseline__pos_1p5_rot_2p0__xyz1p5__ryp2__seed42/config.yaml,feaco_baseline,point_pillar_where2comm_feaco,pos_1p5_rot_2p0,True,1.5,2.0,42,feaco_baseline__pos_1p5_rot_2p0__xyz1p5__ryp2__seed42.csv,False,False,True,0.05,False,9.800544452667232,3,123,True,0.15,3.0
level2_status_skip_vertical_blur_bss0p05__pos_1p5_rot_2p0__xyz1p5__ryp2__seed42,opencood/pretrained/feaco/generated_level2_status_skip_vertical_blur_bss0p05__pos_1p5_rot_2p0__xyz1p5__ryp2__seed42,opencood/pretrained/feaco/generated_level2_status_skip_vertical_blur_bss0p05__pos_1p5_rot_2p0__xyz1p5__ryp2__seed42/config.yaml,level2_status_skip_vertical_blur_bss0p05,point_pillar_where2comm_our,pos_1p5_rot_2p0,True,1.5,2.0,42,level2_status_skip_vertical_blur_bss0p05__pos_1p5_rot_2p0__xyz1p5__ryp2__seed42.csv,True,True,True,0.05,False,9.800544452667232,3,123,True,0.15,3.0
mc_status_skip_full_k3__pos_1p5_rot_2p0__xyz1p5__ryp2__seed42,opencood/pretrained/feaco/generated_mc_status_skip_full_k3__pos_1p5_rot_2p0__xyz1p5__ryp2__seed42,opencood/pretrained/feaco/generated_mc_status_skip_full_k3__pos_1p5_rot_2p0__xyz1p5__ryp2__seed42/config.yaml,mc_status_skip_full_k3,point_pillar_where2comm_our,pos_1p5_rot_2p0,True,1.5,2.0,42,mc_status_skip_full_k3__pos_1p5_rot_2p0__xyz1p5__ryp2__seed42.csv,True,False,True,0.05,True,9.800544452667232,3,123,False,0.15,3.0
feaco_baseline__pos_1p5_rot_4p0__xyz1p5__ryp4__seed42,opencood/pretrained/feaco/generated_feaco_baseline__pos_1p5_rot_4p0__xyz1p5__ryp4__seed42,opencood/pretrained/feaco/generated_feaco_baseline__pos_1p5_rot_4p0__xyz1p5__ryp4__seed42/config.yaml,feaco_baseline,point_pillar_where2comm_feaco,pos_1p5_rot_4p0,True,1.5,4.0,42,feaco_baseline__pos_1p5_rot_4p0__xyz1p5__ryp4__seed42.csv,False,False,True,0.05,False,9.800544452667232,3,123,True,0.15,3.0
level2_status_skip_vertical_blur_bss0p05__pos_1p5_rot_4p0__xyz1p5__ryp4__seed42,opencood/pretrained/feaco/generated_level2_status_skip_vertical_blur_bss0p05__pos_1p5_rot_4p0__xyz1p5__ryp4__seed42,opencood/pretrained/feaco/generated_level2_status_skip_vertical_blur_bss0p05__pos_1p5_rot_4p0__xyz1p5__ryp4__seed42/config.yaml,level2_status_skip_vertical_blur_bss0p05,point_pillar_where2comm_our,pos_1p5_rot_4p0,True,1.5,4.0,42,level2_status_skip_vertical_blur_bss0p05__pos_1p5_rot_4p0__xyz1p5__ryp4__seed42.csv,True,True,True,0.05,False,9.800544452667232,3,123,True,0.15,3.0
mc_status_skip_full_k3__pos_1p5_rot_4p0__xyz1p5__ryp4__seed42,opencood/pretrained/feaco/generated_mc_status_skip_full_k3__pos_1p5_rot_4p0__xyz1p5__ryp4__seed42,opencood/pretrained/feaco/generated_mc_status_skip_full_k3__pos_1p5_rot_4p0__xyz1p5__ryp4__seed42/config.yaml,mc_status_skip_full_k3,point_pillar_where2comm_our,pos_1p5_rot_4p0,True,1.5,4.0,42,mc_status_skip_full_k3__pos_1p5_rot_4p0__xyz1p5__ryp4__seed42.csv,True,False,True,0.05,True,9.800544452667232,3,123,False,0.15,3.0
feaco_baseline__pos_1p5_rot_6p0__xyz1p5__ryp6__seed42,opencood/pretrained/feaco/generated_feaco_baseline__pos_1p5_rot_6p0__xyz1p5__ryp6__seed42,opencood/pretrained/feaco/generated_feaco_baseline__pos_1p5_rot_6p0__xyz1p5__ryp6__seed42/config.yaml,feaco_baseline,point_pillar_where2comm_feaco,pos_1p5_rot_6p0,True,1.5,6.0,42,feaco_baseline__pos_1p5_rot_6p0__xyz1p5__ryp6__seed42.csv,False,False,True,0.05,False,9.800544452667232,3,123,True,0.15,3.0
level2_status_skip_vertical_blur_bss0p05__pos_1p5_rot_6p0__xyz1p5__ryp6__seed42,opencood/pretrained/feaco/generated_level2_status_skip_vertical_blur_bss0p05__pos_1p5_rot_6p0__xyz1p5__ryp6__seed42,opencood/pretrained/feaco/generated_level2_status_skip_vertical_blur_bss0p05__pos_1p5_rot_6p0__xyz1p5__ryp6__seed42/config.yaml,level2_status_skip_vertical_blur_bss0p05,point_pillar_where2comm_our,pos_1p5_rot_6p0,True,1.5,6.0,42,level2_status_skip_vertical_blur_bss0p05__pos_1p5_rot_6p0__xyz1p5__ryp6__seed42.csv,True,True,True,0.05,False,9.800544452667232,3,123,True,0.15,3.0
mc_status_skip_full_k3__pos_1p5_rot_6p0__xyz1p5__ryp6__seed42,opencood/pretrained/feaco/generated_mc_status_skip_full_k3__pos_1p5_rot_6p0__xyz1p5__ryp6__seed42,opencood/pretrained/feaco/generated_mc_status_skip_full_k3__pos_1p5_rot_6p0__xyz1p5__ryp6__seed42/config.yaml,mc_status_skip_full_k3,point_pillar_where2comm_our,pos_1p5_rot_6p0,True,1.5,6.0,42,mc_status_skip_full_k3__pos_1p5_rot_6p0__xyz1p5__ryp6__seed42.csv,True,False,True,0.05,True,9.800544452667232,3,123,False,0.15,3.0
feaco_baseline__pos_1p5_rot_8p0__xyz1p5__ryp8__seed42,opencood/pretrained/feaco/generated_feaco_baseline__pos_1p5_rot_8p0__xyz1p5__ryp8__seed42,opencood/pretrained/feaco/generated_feaco_baseline__pos_1p5_rot_8p0__xyz1p5__ryp8__seed42/config.yaml,feaco_baseline,point_pillar_where2comm_feaco,pos_1p5_rot_8p0,True,1.5,8.0,42,feaco_baseline__pos_1p5_rot_8p0__xyz1p5__ryp8__seed42.csv,False,False,True,0.05,False,9.800544452667232,3,123,True,0.15,3.0
level2_status_skip_vertical_blur_bss0p05__pos_1p5_rot_8p0__xyz1p5__ryp8__seed42,opencood/pretrained/feaco/generated_level2_status_skip_vertical_blur_bss0p05__pos_1p5_rot_8p0__xyz1p5__ryp8__seed42,opencood/pretrained/feaco/generated_level2_status_skip_vertical_blur_bss0p05__pos_1p5_rot_8p0__xyz1p5__ryp8__seed42/config.yaml,level2_status_skip_vertical_blur_bss0p05,point_pillar_where2comm_our,pos_1p5_rot_8p0,True,1.5,8.0,42,level2_status_skip_vertical_blur_bss0p05__pos_1p5_rot_8p0__xyz1p5__ryp8__seed42.csv,True,True,True,0.05,False,9.800544452667232,3,123,True,0.15,3.0
mc_status_skip_full_k3__pos_1p5_rot_8p0__xyz1p5__ryp8__seed42,opencood/pretrained/feaco/generated_mc_status_skip_full_k3__pos_1p5_rot_8p0__xyz1p5__ryp8__seed42,opencood/pretrained/feaco/generated_mc_status_skip_full_k3__pos_1p5_rot_8p0__xyz1p5__ryp8__seed42/config.yaml,mc_status_skip_full_k3,point_pillar_where2comm_our,pos_1p5_rot_8p0,True,1.5,8.0,42,mc_status_skip_full_k3__pos_1p5_rot_8p0__xyz1p5__ryp8__seed42.csv,True,False,True,0.05,True,9.800544452667232,3,123,False,0.15,3.0
feaco_baseline__pos_1p5_rot_10p0__xyz1p5__ryp10__seed42,opencood/pretrained/feaco/generated_feaco_baseline__pos_1p5_rot_10p0__xyz1p5__ryp10__seed42,opencood/pretrained/feaco/generated_feaco_baseline__pos_1p5_rot_10p0__xyz1p5__ryp10__seed42/config.yaml,feaco_baseline,point_pillar_where2comm_feaco,pos_1p5_rot_10p0,True,1.5,10.0,42,feaco_baseline__pos_1p5_rot_10p0__xyz1p5__ryp10__seed42.csv,False,False,True,0.05,False,9.800544452667232,3,123,True,0.15,3.0
level2_status_skip_vertical_blur_bss0p05__pos_1p5_rot_10p0__xyz1p5__ryp10__seed42,opencood/pretrained/feaco/generated_level2_status_skip_vertical_blur_bss0p05__pos_1p5_rot_10p0__xyz1p5__ryp10__seed42,opencood/pretrained/feaco/generated_level2_status_skip_vertical_blur_bss0p05__pos_1p5_rot_10p0__xyz1p5__ryp10__seed42/config.yaml,level2_status_skip_vertical_blur_bss0p05,point_pillar_where2comm_our,pos_1p5_rot_10p0,True,1.5,10.0,42,level2_status_skip_vertical_blur_bss0p05__pos_1p5_rot_10p0__xyz1p5__ryp10__seed42.csv,True,True,True,0.05,False,9.800544452667232,3,123,True,0.15,3.0
mc_status_skip_full_k3__pos_1p5_rot_10p0__xyz1p5__ryp10__seed42,opencood/pretrained/feaco/generated_mc_status_skip_full_k3__pos_1p5_rot_10p0__xyz1p5__ryp10__seed42,opencood/pretrained/feaco/generated_mc_status_skip_full_k3__pos_1p5_rot_10p0__xyz1p5__ryp10__seed42/config.yaml,mc_status_skip_full_k3,point_pillar_where2comm_our,pos_1p5_rot_10p0,True,1.5,10.0,42,mc_status_skip_full_k3__pos_1p5_rot_10p0__xyz1p5__ryp10__seed42.csv,True,False,True,0.05,True,9.800544452667232,3,123,False,0.15,3.0
feaco_baseline__pos_1p5_rot_14p0__xyz1p5__ryp14__seed42,opencood/pretrained/feaco/generated_feaco_baseline__pos_1p5_rot_14p0__xyz1p5__ryp14__seed42,opencood/pretrained/feaco/generated_feaco_baseline__pos_1p5_rot_14p0__xyz1p5__ryp14__seed42/config.yaml,feaco_baseline,point_pillar_where2comm_feaco,pos_1p5_rot_14p0,True,1.5,14.0,42,feaco_baseline__pos_1p5_rot_14p0__xyz1p5__ryp14__seed42.csv,False,False,True,0.05,False,9.800544452667232,3,123,True,0.15,3.0
level2_status_skip_vertical_blur_bss0p05__pos_1p5_rot_14p0__xyz1p5__ryp14__seed42,opencood/pretrained/feaco/generated_level2_status_skip_vertical_blur_bss0p05__pos_1p5_rot_14p0__xyz1p5__ryp14__seed42,opencood/pretrained/feaco/generated_level2_status_skip_vertical_blur_bss0p05__pos_1p5_rot_14p0__xyz1p5__ryp14__seed42/config.yaml,level2_status_skip_vertical_blur_bss0p05,point_pillar_where2comm_our,pos_1p5_rot_14p0,True,1.5,14.0,42,level2_status_skip_vertical_blur_bss0p05__pos_1p5_rot_14p0__xyz1p5__ryp14__seed42.csv,True,True,True,0.05,False,9.800544452667232,3,123,True,0.15,3.0
mc_status_skip_full_k3__pos_1p5_rot_14p0__xyz1p5__ryp14__seed42,opencood/pretrained/feaco/generated_mc_status_skip_full_k3__pos_1p5_rot_14p0__xyz1p5__ryp14__seed42,opencood/pretrained/feaco/generated_mc_status_skip_full_k3__pos_1p5_rot_14p0__xyz1p5__ryp14__seed42/config.yaml,mc_status_skip_full_k3,point_pillar_where2comm_our,pos_1p5_rot_14p0,True,1.5,14.0,42,mc_status_skip_full_k3__pos_1p5_rot_14p0__xyz1p5__ryp14__seed42.csv,True,False,True,0.05,True,9.800544452667232,3,123,False,0.15,3.0
feaco_baseline__pos_1p5_rot_18p0__xyz1p5__ryp18__seed42,opencood/pretrained/feaco/generated_feaco_baseline__pos_1p5_rot_18p0__xyz1p5__ryp18__seed42,opencood/pretrained/feaco/generated_feaco_baseline__pos_1p5_rot_18p0__xyz1p5__ryp18__seed42/config.yaml,feaco_baseline,point_pillar_where2comm_feaco,pos_1p5_rot_18p0,True,1.5,18.0,42,feaco_baseline__pos_1p5_rot_18p0__xyz1p5__ryp18__seed42.csv,False,False,True,0.05,False,9.800544452667232,3,123,True,0.15,3.0
level2_status_skip_vertical_blur_bss0p05__pos_1p5_rot_18p0__xyz1p5__ryp18__seed42,opencood/pretrained/feaco/generated_level2_status_skip_vertical_blur_bss0p05__pos_1p5_rot_18p0__xyz1p5__ryp18__seed42,opencood/pretrained/feaco/generated_level2_status_skip_vertical_blur_bss0p05__pos_1p5_rot_18p0__xyz1p5__ryp18__seed42/config.yaml,level2_status_skip_vertical_blur_bss0p05,point_pillar_where2comm_our,pos_1p5_rot_18p0,True,1.5,18.0,42,level2_status_skip_vertical_blur_bss0p05__pos_1p5_rot_18p0__xyz1p5__ryp18__seed42.csv,True,True,True,0.05,False,9.800544452667232,3,123,True,0.15,3.0
mc_status_skip_full_k3__pos_1p5_rot_18p0__xyz1p5__ryp18__seed42,opencood/pretrained/feaco/generated_mc_status_skip_full_k3__pos_1p5_rot_18p0__xyz1p5__ryp18__seed42,opencood/pretrained/feaco/generated_mc_status_skip_full_k3__pos_1p5_rot_18p0__xyz1p5__ryp18__seed42/config.yaml,mc_status_skip_full_k3,point_pillar_where2comm_our,pos_1p5_rot_18p0,True,1.5,18.0,42,mc_status_skip_full_k3__pos_1p5_rot_18p0__xyz1p5__ryp18__seed42.csv,True,False,True,0.05,True,9.800544452667232,3,123,False,0.15,3.0
feaco_baseline__pos_2p0_rot_1p0__xyz2__ryp1__seed42,opencood/pretrained/feaco/generated_feaco_baseline__pos_2p0_rot_1p0__xyz2__ryp1__seed42,opencood/pretrained/feaco/generated_feaco_baseline__pos_2p0_rot_1p0__xyz2__ryp1__seed42/config.yaml,feaco_baseline,point_pillar_where2comm_feaco,pos_2p0_rot_1p0,True,2.0,1.0,42,feaco_baseline__pos_2p0_rot_1p0__xyz2__ryp1__seed42.csv,False,False,True,0.05,False,9.800544452667232,3,123,True,0.15,3.0
level2_status_skip_vertical_blur_bss0p05__pos_2p0_rot_1p0__xyz2__ryp1__seed42,opencood/pretrained/feaco/generated_level2_status_skip_vertical_blur_bss0p05__pos_2p0_rot_1p0__xyz2__ryp1__seed42,opencood/pretrained/feaco/generated_level2_status_skip_vertical_blur_bss0p05__pos_2p0_rot_1p0__xyz2__ryp1__seed42/config.yaml,level2_status_skip_vertical_blur_bss0p05,point_pillar_where2comm_our,pos_2p0_rot_1p0,True,2.0,1.0,42,level2_status_skip_vertical_blur_bss0p05__pos_2p0_rot_1p0__xyz2__ryp1__seed42.csv,True,True,True,0.05,False,9.800544452667232,3,123,True,0.15,3.0
mc_status_skip_full_k3__pos_2p0_rot_1p0__xyz2__ryp1__seed42,opencood/pretrained/feaco/generated_mc_status_skip_full_k3__pos_2p0_rot_1p0__xyz2__ryp1__seed42,opencood/pretrained/feaco/generated_mc_status_skip_full_k3__pos_2p0_rot_1p0__xyz2__ryp1__seed42/config.yaml,mc_status_skip_full_k3,point_pillar_where2comm_our,pos_2p0_rot_1p0,True,2.0,1.0,42,mc_status_skip_full_k3__pos_2p0_rot_1p0__xyz2__ryp1__seed42.csv,True,False,True,0.05,True,9.800544452667232,3,123,False,0.15,3.0
feaco_baseline__pos_2p0_rot_2p0__xyz2__ryp2__seed42,opencood/pretrained/feaco/generated_feaco_baseline__pos_2p0_rot_2p0__xyz2__ryp2__seed42,opencood/pretrained/feaco/generated_feaco_baseline__pos_2p0_rot_2p0__xyz2__ryp2__seed42/config.yaml,feaco_baseline,point_pillar_where2comm_feaco,pos_2p0_rot_2p0,True,2.0,2.0,42,feaco_baseline__pos_2p0_rot_2p0__xyz2__ryp2__seed42.csv,False,False,True,0.05,False,9.800544452667232,3,123,True,0.15,3.0
level2_status_skip_vertical_blur_bss0p05__pos_2p0_rot_2p0__xyz2__ryp2__seed42,opencood/pretrained/feaco/generated_level2_status_skip_vertical_blur_bss0p05__pos_2p0_rot_2p0__xyz2__ryp2__seed42,opencood/pretrained/feaco/generated_level2_status_skip_vertical_blur_bss0p05__pos_2p0_rot_2p0__xyz2__ryp2__seed42/config.yaml,level2_status_skip_vertical_blur_bss0p05,point_pillar_where2comm_our,pos_2p0_rot_2p0,True,2.0,2.0,42,level2_status_skip_vertical_blur_bss0p05__pos_2p0_rot_2p0__xyz2__ryp2__seed42.csv,True,True,True,0.05,False,9.800544452667232,3,123,True,0.15,3.0
mc_status_skip_full_k3__pos_2p0_rot_2p0__xyz2__ryp2__seed42,opencood/pretrained/feaco/generated_mc_status_skip_full_k3__pos_2p0_rot_2p0__xyz2__ryp2__seed42,opencood/pretrained/feaco/generated_mc_status_skip_full_k3__pos_2p0_rot_2p0__xyz2__ryp2__seed42/config.yaml,mc_status_skip_full_k3,point_pillar_where2comm_our,pos_2p0_rot_2p0,True,2.0,2.0,42,mc_status_skip_full_k3__pos_2p0_rot_2p0__xyz2__ryp2__seed42.csv,True,False,True,0.05,True,9.800544452667232,3,123,False,0.15,3.0
feaco_baseline__pos_2p0_rot_4p0__xyz2__ryp4__seed42,opencood/pretrained/feaco/generated_feaco_baseline__pos_2p0_rot_4p0__xyz2__ryp4__seed42,opencood/pretrained/feaco/generated_feaco_baseline__pos_2p0_rot_4p0__xyz2__ryp4__seed42/config.yaml,feaco_baseline,point_pillar_where2comm_feaco,pos_2p0_rot_4p0,True,2.0,4.0,42,feaco_baseline__pos_2p0_rot_4p0__xyz2__ryp4__seed42.csv,False,False,True,0.05,False,9.800544452667232,3,123,True,0.15,3.0
level2_status_skip_vertical_blur_bss0p05__pos_2p0_rot_4p0__xyz2__ryp4__seed42,opencood/pretrained/feaco/generated_level2_status_skip_vertical_blur_bss0p05__pos_2p0_rot_4p0__xyz2__ryp4__seed42,opencood/pretrained/feaco/generated_level2_status_skip_vertical_blur_bss0p05__pos_2p0_rot_4p0__xyz2__ryp4__seed42/config.yaml,level2_status_skip_vertical_blur_bss0p05,point_pillar_where2comm_our,pos_2p0_rot_4p0,True,2.0,4.0,42,level2_status_skip_vertical_blur_bss0p05__pos_2p0_rot_4p0__xyz2__ryp4__seed42.csv,True,True,True,0.05,False,9.800544452667232,3,123,True,0.15,3.0
mc_status_skip_full_k3__pos_2p0_rot_4p0__xyz2__ryp4__seed42,opencood/pretrained/feaco/generated_mc_status_skip_full_k3__pos_2p0_rot_4p0__xyz2__ryp4__seed42,opencood/pretrained/feaco/generated_mc_status_skip_full_k3__pos_2p0_rot_4p0__xyz2__ryp4__seed42/config.yaml,mc_status_skip_full_k3,point_pillar_where2comm_our,pos_2p0_rot_4p0,True,2.0,4.0,42,mc_status_skip_full_k3__pos_2p0_rot_4p0__xyz2__ryp4__seed42.csv,True,False,True,0.05,True,9.800544452667232,3,123,False,0.15,3.0
feaco_baseline__pos_2p0_rot_6p0__xyz2__ryp6__seed42,opencood/pretrained/feaco/generated_feaco_baseline__pos_2p0_rot_6p0__xyz2__ryp6__seed42,opencood/pretrained/feaco/generated_feaco_baseline__pos_2p0_rot_6p0__xyz2__ryp6__seed42/config.yaml,feaco_baseline,point_pillar_where2comm_feaco,pos_2p0_rot_6p0,True,2.0,6.0,42,feaco_baseline__pos_2p0_rot_6p0__xyz2__ryp6__seed42.csv,False,False,True,0.05,False,9.800544452667232,3,123,True,0.15,3.0
level2_status_skip_vertical_blur_bss0p05__pos_2p0_rot_6p0__xyz2__ryp6__seed42,opencood/pretrained/feaco/generated_level2_status_skip_vertical_blur_bss0p05__pos_2p0_rot_6p0__xyz2__ryp6__seed42,opencood/pretrained/feaco/generated_level2_status_skip_vertical_blur_bss0p05__pos_2p0_rot_6p0__xyz2__ryp6__seed42/config.yaml,level2_status_skip_vertical_blur_bss0p05,point_pillar_where2comm_our,pos_2p0_rot_6p0,True,2.0,6.0,42,level2_status_skip_vertical_blur_bss0p05__pos_2p0_rot_6p0__xyz2__ryp6__seed42.csv,True,True,True,0.05,False,9.800544452667232,3,123,True,0.15,3.0
mc_status_skip_full_k3__pos_2p0_rot_6p0__xyz2__ryp6__seed42,opencood/pretrained/feaco/generated_mc_status_skip_full_k3__pos_2p0_rot_6p0__xyz2__ryp6__seed42,opencood/pretrained/feaco/generated_mc_status_skip_full_k3__pos_2p0_rot_6p0__xyz2__ryp6__seed42/config.yaml,mc_status_skip_full_k3,point_pillar_where2comm_our,pos_2p0_rot_6p0,True,2.0,6.0,42,mc_status_skip_full_k3__pos_2p0_rot_6p0__xyz2__ryp6__seed42.csv,True,False,True,0.05,True,9.800544452667232,3,123,False,0.15,3.0
feaco_baseline__pos_2p0_rot_8p0__xyz2__ryp8__seed42,opencood/pretrained/feaco/generated_feaco_baseline__pos_2p0_rot_8p0__xyz2__ryp8__seed42,opencood/pretrained/feaco/generated_feaco_baseline__pos_2p0_rot_8p0__xyz2__ryp8__seed42/config.yaml,feaco_baseline,point_pillar_where2comm_feaco,pos_2p0_rot_8p0,True,2.0,8.0,42,feaco_baseline__pos_2p0_rot_8p0__xyz2__ryp8__seed42.csv,False,False,True,0.05,False,9.800544452667232,3,123,True,0.15,3.0
level2_status_skip_vertical_blur_bss0p05__pos_2p0_rot_8p0__xyz2__ryp8__seed42,opencood/pretrained/feaco/generated_level2_status_skip_vertical_blur_bss0p05__pos_2p0_rot_8p0__xyz2__ryp8__seed42,opencood/pretrained/feaco/generated_level2_status_skip_vertical_blur_bss0p05__pos_2p0_rot_8p0__xyz2__ryp8__seed42/config.yaml,level2_status_skip_vertical_blur_bss0p05,point_pillar_where2comm_our,pos_2p0_rot_8p0,True,2.0,8.0,42,level2_status_skip_vertical_blur_bss0p05__pos_2p0_rot_8p0__xyz2__ryp8__seed42.csv,True,True,True,0.05,False,9.800544452667232,3,123,True,0.15,3.0
mc_status_skip_full_k3__pos_2p0_rot_8p0__xyz2__ryp8__seed42,opencood/pretrained/feaco/generated_mc_status_skip_full_k3__pos_2p0_rot_8p0__xyz2__ryp8__seed42,opencood/pretrained/feaco/generated_mc_status_skip_full_k3__pos_2p0_rot_8p0__xyz2__ryp8__seed42/config.yaml,mc_status_skip_full_k3,point_pillar_where2comm_our,pos_2p0_rot_8p0,True,2.0,8.0,42,mc_status_skip_full_k3__pos_2p0_rot_8p0__xyz2__ryp8__seed42.csv,True,False,True,0.05,True,9.800544452667232,3,123,False,0.15,3.0
feaco_baseline__pos_2p0_rot_10p0__xyz2__ryp10__seed42,opencood/pretrained/feaco/generated_feaco_baseline__pos_2p0_rot_10p0__xyz2__ryp10__seed42,opencood/pretrained/feaco/generated_feaco_baseline__pos_2p0_rot_10p0__xyz2__ryp10__seed42/config.yaml,feaco_baseline,point_pillar_where2comm_feaco,pos_2p0_rot_10p0,True,2.0,10.0,42,feaco_baseline__pos_2p0_rot_10p0__xyz2__ryp10__seed42.csv,False,False,True,0.05,False,9.800544452667232,3,123,True,0.15,3.0
level2_status_skip_vertical_blur_bss0p05__pos_2p0_rot_10p0__xyz2__ryp10__seed42,opencood/pretrained/feaco/generated_level2_status_skip_vertical_blur_bss0p05__pos_2p0_rot_10p0__xyz2__ryp10__seed42,opencood/pretrained/feaco/generated_level2_status_skip_vertical_blur_bss0p05__pos_2p0_rot_10p0__xyz2__ryp10__seed42/config.yaml,level2_status_skip_vertical_blur_bss0p05,point_pillar_where2comm_our,pos_2p0_rot_10p0,True,2.0,10.0,42,level2_status_skip_vertical_blur_bss0p05__pos_2p0_rot_10p0__xyz2__ryp10__seed42.csv,True,True,True,0.05,False,9.800544452667232,3,123,True,0.15,3.0
mc_status_skip_full_k3__pos_2p0_rot_10p0__xyz2__ryp10__seed42,opencood/pretrained/feaco/generated_mc_status_skip_full_k3__pos_2p0_rot_10p0__xyz2__ryp10__seed42,opencood/pretrained/feaco/generated_mc_status_skip_full_k3__pos_2p0_rot_10p0__xyz2__ryp10__seed42/config.yaml,mc_status_skip_full_k3,point_pillar_where2comm_our,pos_2p0_rot_10p0,True,2.0,10.0,42,mc_status_skip_full_k3__pos_2p0_rot_10p0__xyz2__ryp10__seed42.csv,True,False,True,0.05,True,9.800544452667232,3,123,False,0.15,3.0
feaco_baseline__pos_2p0_rot_14p0__xyz2__ryp14__seed42,opencood/pretrained/feaco/generated_feaco_baseline__pos_2p0_rot_14p0__xyz2__ryp14__seed42,opencood/pretrained/feaco/generated_feaco_baseline__pos_2p0_rot_14p0__xyz2__ryp14__seed42/config.yaml,feaco_baseline,point_pillar_where2comm_feaco,pos_2p0_rot_14p0,True,2.0,14.0,42,feaco_baseline__pos_2p0_rot_14p0__xyz2__ryp14__seed42.csv,False,False,True,0.05,False,9.800544452667232,3,123,True,0.15,3.0
level2_status_skip_vertical_blur_bss0p05__pos_2p0_rot_14p0__xyz2__ryp14__seed42,opencood/pretrained/feaco/generated_level2_status_skip_vertical_blur_bss0p05__pos_2p0_rot_14p0__xyz2__ryp14__seed42,opencood/pretrained/feaco/generated_level2_status_skip_vertical_blur_bss0p05__pos_2p0_rot_14p0__xyz2__ryp14__seed42/config.yaml,level2_status_skip_vertical_blur_bss0p05,point_pillar_where2comm_our,pos_2p0_rot_14p0,True,2.0,14.0,42,level2_status_skip_vertical_blur_bss0p05__pos_2p0_rot_14p0__xyz2__ryp14__seed42.csv,True,True,True,0.05,False,9.800544452667232,3,123,True,0.15,3.0
mc_status_skip_full_k3__pos_2p0_rot_14p0__xyz2__ryp14__seed42,opencood/pretrained/feaco/generated_mc_status_skip_full_k3__pos_2p0_rot_14p0__xyz2__ryp14__seed42,opencood/pretrained/feaco/generated_mc_status_skip_full_k3__pos_2p0_rot_14p0__xyz2__ryp14__seed42/config.yaml,mc_status_skip_full_k3,point_pillar_where2comm_our,pos_2p0_rot_14p0,True,2.0,14.0,42,mc_status_skip_full_k3__pos_2p0_rot_14p0__xyz2__ryp14__seed42.csv,True,False,True,0.05,True,9.800544452667232,3,123,False,0.15,3.0
feaco_baseline__pos_2p0_rot_18p0__xyz2__ryp18__seed42,opencood/pretrained/feaco/generated_feaco_baseline__pos_2p0_rot_18p0__xyz2__ryp18__seed42,opencood/pretrained/feaco/generated_feaco_baseline__pos_2p0_rot_18p0__xyz2__ryp18__seed42/config.yaml,feaco_baseline,point_pillar_where2comm_feaco,pos_2p0_rot_18p0,True,2.0,18.0,42,feaco_baseline__pos_2p0_rot_18p0__xyz2__ryp18__seed42.csv,False,False,True,0.05,False,9.800544452667232,3,123,True,0.15,3.0
level2_status_skip_vertical_blur_bss0p05__pos_2p0_rot_18p0__xyz2__ryp18__seed42,opencood/pretrained/feaco/generated_level2_status_skip_vertical_blur_bss0p05__pos_2p0_rot_18p0__xyz2__ryp18__seed42,opencood/pretrained/feaco/generated_level2_status_skip_vertical_blur_bss0p05__pos_2p0_rot_18p0__xyz2__ryp18__seed42/config.yaml,level2_status_skip_vertical_blur_bss0p05,point_pillar_where2comm_our,pos_2p0_rot_18p0,True,2.0,18.0,42,level2_status_skip_vertical_blur_bss0p05__pos_2p0_rot_18p0__xyz2__ryp18__seed42.csv,True,True,True,0.05,False,9.800544452667232,3,123,True,0.15,3.0
mc_status_skip_full_k3__pos_2p0_rot_18p0__xyz2__ryp18__seed42,opencood/pretrained/feaco/generated_mc_status_skip_full_k3__pos_2p0_rot_18p0__xyz2__ryp18__seed42,opencood/pretrained/feaco/generated_mc_status_skip_full_k3__pos_2p0_rot_18p0__xyz2__ryp18__seed42/config.yaml,mc_status_skip_full_k3,point_pillar_where2comm_our,pos_2p0_rot_18p0,True,2.0,18.0,42,mc_status_skip_full_k3__pos_2p0_rot_18p0__xyz2__ryp18__seed42.csv,True,False,True,0.05,True,9.800544452667232,3,123,False,0.15,3.0
feaco_baseline__pos_3p0_rot_1p0__xyz3__ryp1__seed42,opencood/pretrained/feaco/generated_feaco_baseline__pos_3p0_rot_1p0__xyz3__ryp1__seed42,opencood/pretrained/feaco/generated_feaco_baseline__pos_3p0_rot_1p0__xyz3__ryp1__seed42/config.yaml,feaco_baseline,point_pillar_where2comm_feaco,pos_3p0_rot_1p0,True,3.0,1.0,42,feaco_baseline__pos_3p0_rot_1p0__xyz3__ryp1__seed42.csv,False,False,True,0.05,False,9.800544452667232,3,123,True,0.15,3.0
level2_status_skip_vertical_blur_bss0p05__pos_3p0_rot_1p0__xyz3__ryp1__seed42,opencood/pretrained/feaco/generated_level2_status_skip_vertical_blur_bss0p05__pos_3p0_rot_1p0__xyz3__ryp1__seed42,opencood/pretrained/feaco/generated_level2_status_skip_vertical_blur_bss0p05__pos_3p0_rot_1p0__xyz3__ryp1__seed42/config.yaml,level2_status_skip_vertical_blur_bss0p05,point_pillar_where2comm_our,pos_3p0_rot_1p0,True,3.0,1.0,42,level2_status_skip_vertical_blur_bss0p05__pos_3p0_rot_1p0__xyz3__ryp1__seed42.csv,True,True,True,0.05,False,9.800544452667232,3,123,True,0.15,3.0
mc_status_skip_full_k3__pos_3p0_rot_1p0__xyz3__ryp1__seed42,opencood/pretrained/feaco/generated_mc_status_skip_full_k3__pos_3p0_rot_1p0__xyz3__ryp1__seed42,opencood/pretrained/feaco/generated_mc_status_skip_full_k3__pos_3p0_rot_1p0__xyz3__ryp1__seed42/config.yaml,mc_status_skip_full_k3,point_pillar_where2comm_our,pos_3p0_rot_1p0,True,3.0,1.0,42,mc_status_skip_full_k3__pos_3p0_rot_1p0__xyz3__ryp1__seed42.csv,True,False,True,0.05,True,9.800544452667232,3,123,False,0.15,3.0
feaco_baseline__pos_3p0_rot_2p0__xyz3__ryp2__seed42,opencood/pretrained/feaco/generated_feaco_baseline__pos_3p0_rot_2p0__xyz3__ryp2__seed42,opencood/pretrained/feaco/generated_feaco_baseline__pos_3p0_rot_2p0__xyz3__ryp2__seed42/config.yaml,feaco_baseline,point_pillar_where2comm_feaco,pos_3p0_rot_2p0,True,3.0,2.0,42,feaco_baseline__pos_3p0_rot_2p0__xyz3__ryp2__seed42.csv,False,False,True,0.05,False,9.800544452667232,3,123,True,0.15,3.0
level2_status_skip_vertical_blur_bss0p05__pos_3p0_rot_2p0__xyz3__ryp2__seed42,opencood/pretrained/feaco/generated_level2_status_skip_vertical_blur_bss0p05__pos_3p0_rot_2p0__xyz3__ryp2__seed42,opencood/pretrained/feaco/generated_level2_status_skip_vertical_blur_bss0p05__pos_3p0_rot_2p0__xyz3__ryp2__seed42/config.yaml,level2_status_skip_vertical_blur_bss0p05,point_pillar_where2comm_our,pos_3p0_rot_2p0,True,3.0,2.0,42,level2_status_skip_vertical_blur_bss0p05__pos_3p0_rot_2p0__xyz3__ryp2__seed42.csv,True,True,True,0.05,False,9.800544452667232,3,123,True,0.15,3.0
mc_status_skip_full_k3__pos_3p0_rot_2p0__xyz3__ryp2__seed42,opencood/pretrained/feaco/generated_mc_status_skip_full_k3__pos_3p0_rot_2p0__xyz3__ryp2__seed42,opencood/pretrained/feaco/generated_mc_status_skip_full_k3__pos_3p0_rot_2p0__xyz3__ryp2__seed42/config.yaml,mc_status_skip_full_k3,point_pillar_where2comm_our,pos_3p0_rot_2p0,True,3.0,2.0,42,mc_status_skip_full_k3__pos_3p0_rot_2p0__xyz3__ryp2__seed42.csv,True,False,True,0.05,True,9.800544452667232,3,123,False,0.15,3.0
feaco_baseline__pos_3p0_rot_4p0__xyz3__ryp4__seed42,opencood/pretrained/feaco/generated_feaco_baseline__pos_3p0_rot_4p0__xyz3__ryp4__seed42,opencood/pretrained/feaco/generated_feaco_baseline__pos_3p0_rot_4p0__xyz3__ryp4__seed42/config.yaml,feaco_baseline,point_pillar_where2comm_feaco,pos_3p0_rot_4p0,True,3.0,4.0,42,feaco_baseline__pos_3p0_rot_4p0__xyz3__ryp4__seed42.csv,False,False,True,0.05,False,9.800544452667232,3,123,True,0.15,3.0
level2_status_skip_vertical_blur_bss0p05__pos_3p0_rot_4p0__xyz3__ryp4__seed42,opencood/pretrained/feaco/generated_level2_status_skip_vertical_blur_bss0p05__pos_3p0_rot_4p0__xyz3__ryp4__seed42,opencood/pretrained/feaco/generated_level2_status_skip_vertical_blur_bss0p05__pos_3p0_rot_4p0__xyz3__ryp4__seed42/config.yaml,level2_status_skip_vertical_blur_bss0p05,point_pillar_where2comm_our,pos_3p0_rot_4p0,True,3.0,4.0,42,level2_status_skip_vertical_blur_bss0p05__pos_3p0_rot_4p0__xyz3__ryp4__seed42.csv,True,True,True,0.05,False,9.800544452667232,3,123,True,0.15,3.0
mc_status_skip_full_k3__pos_3p0_rot_4p0__xyz3__ryp4__seed42,opencood/pretrained/feaco/generated_mc_status_skip_full_k3__pos_3p0_rot_4p0__xyz3__ryp4__seed42,opencood/pretrained/feaco/generated_mc_status_skip_full_k3__pos_3p0_rot_4p0__xyz3__ryp4__seed42/config.yaml,mc_status_skip_full_k3,point_pillar_where2comm_our,pos_3p0_rot_4p0,True,3.0,4.0,42,mc_status_skip_full_k3__pos_3p0_rot_4p0__xyz3__ryp4__seed42.csv,True,False,True,0.05,True,9.800544452667232,3,123,False,0.15,3.0
feaco_baseline__pos_3p0_rot_6p0__xyz3__ryp6__seed42,opencood/pretrained/feaco/generated_feaco_baseline__pos_3p0_rot_6p0__xyz3__ryp6__seed42,opencood/pretrained/feaco/generated_feaco_baseline__pos_3p0_rot_6p0__xyz3__ryp6__seed42/config.yaml,feaco_baseline,point_pillar_where2comm_feaco,pos_3p0_rot_6p0,True,3.0,6.0,42,feaco_baseline__pos_3p0_rot_6p0__xyz3__ryp6__seed42.csv,False,False,True,0.05,False,9.800544452667232,3,123,True,0.15,3.0
level2_status_skip_vertical_blur_bss0p05__pos_3p0_rot_6p0__xyz3__ryp6__seed42,opencood/pretrained/feaco/generated_level2_status_skip_vertical_blur_bss0p05__pos_3p0_rot_6p0__xyz3__ryp6__seed42,opencood/pretrained/feaco/generated_level2_status_skip_vertical_blur_bss0p05__pos_3p0_rot_6p0__xyz3__ryp6__seed42/config.yaml,level2_status_skip_vertical_blur_bss0p05,point_pillar_where2comm_our,pos_3p0_rot_6p0,True,3.0,6.0,42,level2_status_skip_vertical_blur_bss0p05__pos_3p0_rot_6p0__xyz3__ryp6__seed42.csv,True,True,True,0.05,False,9.800544452667232,3,123,True,0.15,3.0
mc_status_skip_full_k3__pos_3p0_rot_6p0__xyz3__ryp6__seed42,opencood/pretrained/feaco/generated_mc_status_skip_full_k3__pos_3p0_rot_6p0__xyz3__ryp6__seed42,opencood/pretrained/feaco/generated_mc_status_skip_full_k3__pos_3p0_rot_6p0__xyz3__ryp6__seed42/config.yaml,mc_status_skip_full_k3,point_pillar_where2comm_our,pos_3p0_rot_6p0,True,3.0,6.0,42,mc_status_skip_full_k3__pos_3p0_rot_6p0__xyz3__ryp6__seed42.csv,True,False,True,0.05,True,9.800544452667232,3,123,False,0.15,3.0
feaco_baseline__pos_3p0_rot_8p0__xyz3__ryp8__seed42,opencood/pretrained/feaco/generated_feaco_baseline__pos_3p0_rot_8p0__xyz3__ryp8__seed42,opencood/pretrained/feaco/generated_feaco_baseline__pos_3p0_rot_8p0__xyz3__ryp8__seed42/config.yaml,feaco_baseline,point_pillar_where2comm_feaco,pos_3p0_rot_8p0,True,3.0,8.0,42,feaco_baseline__pos_3p0_rot_8p0__xyz3__ryp8__seed42.csv,False,False,True,0.05,False,9.800544452667232,3,123,True,0.15,3.0
level2_status_skip_vertical_blur_bss0p05__pos_3p0_rot_8p0__xyz3__ryp8__seed42,opencood/pretrained/feaco/generated_level2_status_skip_vertical_blur_bss0p05__pos_3p0_rot_8p0__xyz3__ryp8__seed42,opencood/pretrained/feaco/generated_level2_status_skip_vertical_blur_bss0p05__pos_3p0_rot_8p0__xyz3__ryp8__seed42/config.yaml,level2_status_skip_vertical_blur_bss0p05,point_pillar_where2comm_our,pos_3p0_rot_8p0,True,3.0,8.0,42,level2_status_skip_vertical_blur_bss0p05__pos_3p0_rot_8p0__xyz3__ryp8__seed42.csv,True,True,True,0.05,False,9.800544452667232,3,123,True,0.15,3.0
mc_status_skip_full_k3__pos_3p0_rot_8p0__xyz3__ryp8__seed42,opencood/pretrained/feaco/generated_mc_status_skip_full_k3__pos_3p0_rot_8p0__xyz3__ryp8__seed42,opencood/pretrained/feaco/generated_mc_status_skip_full_k3__pos_3p0_rot_8p0__xyz3__ryp8__seed42/config.yaml,mc_status_skip_full_k3,point_pillar_where2comm_our,pos_3p0_rot_8p0,True,3.0,8.0,42,mc_status_skip_full_k3__pos_3p0_rot_8p0__xyz3__ryp8__seed42.csv,True,False,True,0.05,True,9.800544452667232,3,123,False,0.15,3.0
feaco_baseline__pos_3p0_rot_10p0__xyz3__ryp10__seed42,opencood/pretrained/feaco/generated_feaco_baseline__pos_3p0_rot_10p0__xyz3__ryp10__seed42,opencood/pretrained/feaco/generated_feaco_baseline__pos_3p0_rot_10p0__xyz3__ryp10__seed42/config.yaml,feaco_baseline,point_pillar_where2comm_feaco,pos_3p0_rot_10p0,True,3.0,10.0,42,feaco_baseline__pos_3p0_rot_10p0__xyz3__ryp10__seed42.csv,False,False,True,0.05,False,9.800544452667232,3,123,True,0.15,3.0
level2_status_skip_vertical_blur_bss0p05__pos_3p0_rot_10p0__xyz3__ryp10__seed42,opencood/pretrained/feaco/generated_level2_status_skip_vertical_blur_bss0p05__pos_3p0_rot_10p0__xyz3__ryp10__seed42,opencood/pretrained/feaco/generated_level2_status_skip_vertical_blur_bss0p05__pos_3p0_rot_10p0__xyz3__ryp10__seed42/config.yaml,level2_status_skip_vertical_blur_bss0p05,point_pillar_where2comm_our,pos_3p0_rot_10p0,True,3.0,10.0,42,level2_status_skip_vertical_blur_bss0p05__pos_3p0_rot_10p0__xyz3__ryp10__seed42.csv,True,True,True,0.05,False,9.800544452667232,3,123,True,0.15,3.0
mc_status_skip_full_k3__pos_3p0_rot_10p0__xyz3__ryp10__seed42,opencood/pretrained/feaco/generated_mc_status_skip_full_k3__pos_3p0_rot_10p0__xyz3__ryp10__seed42,opencood/pretrained/feaco/generated_mc_status_skip_full_k3__pos_3p0_rot_10p0__xyz3__ryp10__seed42/config.yaml,mc_status_skip_full_k3,point_pillar_where2comm_our,pos_3p0_rot_10p0,True,3.0,10.0,42,mc_status_skip_full_k3__pos_3p0_rot_10p0__xyz3__ryp10__seed42.csv,True,False,True,0.05,True,9.800544452667232,3,123,False,0.15,3.0
feaco_baseline__pos_3p0_rot_14p0__xyz3__ryp14__seed42,opencood/pretrained/feaco/generated_feaco_baseline__pos_3p0_rot_14p0__xyz3__ryp14__seed42,opencood/pretrained/feaco/generated_feaco_baseline__pos_3p0_rot_14p0__xyz3__ryp14__seed42/config.yaml,feaco_baseline,point_pillar_where2comm_feaco,pos_3p0_rot_14p0,True,3.0,14.0,42,feaco_baseline__pos_3p0_rot_14p0__xyz3__ryp14__seed42.csv,False,False,True,0.05,False,9.800544452667232,3,123,True,0.15,3.0
level2_status_skip_vertical_blur_bss0p05__pos_3p0_rot_14p0__xyz3__ryp14__seed42,opencood/pretrained/feaco/generated_level2_status_skip_vertical_blur_bss0p05__pos_3p0_rot_14p0__xyz3__ryp14__seed42,opencood/pretrained/feaco/generated_level2_status_skip_vertical_blur_bss0p05__pos_3p0_rot_14p0__xyz3__ryp14__seed42/config.yaml,level2_status_skip_vertical_blur_bss0p05,point_pillar_where2comm_our,pos_3p0_rot_14p0,True,3.0,14.0,42,level2_status_skip_vertical_blur_bss0p05__pos_3p0_rot_14p0__xyz3__ryp14__seed42.csv,True,True,True,0.05,False,9.800544452667232,3,123,True,0.15,3.0
mc_status_skip_full_k3__pos_3p0_rot_14p0__xyz3__ryp14__seed42,opencood/pretrained/feaco/generated_mc_status_skip_full_k3__pos_3p0_rot_14p0__xyz3__ryp14__seed42,opencood/pretrained/feaco/generated_mc_status_skip_full_k3__pos_3p0_rot_14p0__xyz3__ryp14__seed42/config.yaml,mc_status_skip_full_k3,point_pillar_where2comm_our,pos_3p0_rot_14p0,True,3.0,14.0,42,mc_status_skip_full_k3__pos_3p0_rot_14p0__xyz3__ryp14__seed42.csv,True,False,True,0.05,True,9.800544452667232,3,123,False,0.15,3.0
feaco_baseline__pos_3p0_rot_18p0__xyz3__ryp18__seed42,opencood/pretrained/feaco/generated_feaco_baseline__pos_3p0_rot_18p0__xyz3__ryp18__seed42,opencood/pretrained/feaco/generated_feaco_baseline__pos_3p0_rot_18p0__xyz3__ryp18__seed42/config.yaml,feaco_baseline,point_pillar_where2comm_feaco,pos_3p0_rot_18p0,True,3.0,18.0,42,feaco_baseline__pos_3p0_rot_18p0__xyz3__ryp18__seed42.csv,False,False,True,0.05,False,9.800544452667232,3,123,True,0.15,3.0
level2_status_skip_vertical_blur_bss0p05__pos_3p0_rot_18p0__xyz3__ryp18__seed42,opencood/pretrained/feaco/generated_level2_status_skip_vertical_blur_bss0p05__pos_3p0_rot_18p0__xyz3__ryp18__seed42,opencood/pretrained/feaco/generated_level2_status_skip_vertical_blur_bss0p05__pos_3p0_rot_18p0__xyz3__ryp18__seed42/config.yaml,level2_status_skip_vertical_blur_bss0p05,point_pillar_where2comm_our,pos_3p0_rot_18p0,True,3.0,18.0,42,level2_status_skip_vertical_blur_bss0p05__pos_3p0_rot_18p0__xyz3__ryp18__seed42.csv,True,True,True,0.05,False,9.800544452667232,3,123,True,0.15,3.0
mc_status_skip_full_k3__pos_3p0_rot_18p0__xyz3__ryp18__seed42,opencood/pretrained/feaco/generated_mc_status_skip_full_k3__pos_3p0_rot_18p0__xyz3__ryp18__seed42,opencood/pretrained/feaco/generated_mc_status_skip_full_k3__pos_3p0_rot_18p0__xyz3__ryp18__seed42/config.yaml,mc_status_skip_full_k3,point_pillar_where2comm_our,pos_3p0_rot_18p0,True,3.0,18.0,42,mc_status_skip_full_k3__pos_3p0_rot_18p0__xyz3__ryp18__seed42.csv,True,False,True,0.05,True,9.800544452667232,3,123,False,0.15,3.0
feaco_baseline__pos_only_0p2__xyz0p2__ryp0__seed42,opencood/pretrained/feaco/generated_feaco_baseline__pos_only_0p2__xyz0p2__ryp0__seed42,opencood/pretrained/feaco/generated_feaco_baseline__pos_only_0p2__xyz0p2__ryp0__seed42/config.yaml,feaco_baseline,point_pillar_where2comm_feaco,pos_only_0p2,True,0.2,0.0,42,feaco_baseline__pos_only_0p2__xyz0p2__ryp0__seed42.csv,False,False,True,0.05,False,9.800544452667232,3,123,True,0.15,3.0
level2_status_skip_vertical_blur_bss0p05__pos_only_0p2__xyz0p2__ryp0__seed42,opencood/pretrained/feaco/generated_level2_status_skip_vertical_blur_bss0p05__pos_only_0p2__xyz0p2__ryp0__seed42,opencood/pretrained/feaco/generated_level2_status_skip_vertical_blur_bss0p05__pos_only_0p2__xyz0p2__ryp0__seed42/config.yaml,level2_status_skip_vertical_blur_bss0p05,point_pillar_where2comm_our,pos_only_0p2,True,0.2,0.0,42,level2_status_skip_vertical_blur_bss0p05__pos_only_0p2__xyz0p2__ryp0__seed42.csv,True,True,True,0.05,False,9.800544452667232,3,123,True,0.15,3.0
mc_status_skip_full_k3__pos_only_0p2__xyz0p2__ryp0__seed42,opencood/pretrained/feaco/generated_mc_status_skip_full_k3__pos_only_0p2__xyz0p2__ryp0__seed42,opencood/pretrained/feaco/generated_mc_status_skip_full_k3__pos_only_0p2__xyz0p2__ryp0__seed42/config.yaml,mc_status_skip_full_k3,point_pillar_where2comm_our,pos_only_0p2,True,0.2,0.0,42,mc_status_skip_full_k3__pos_only_0p2__xyz0p2__ryp0__seed42.csv,True,False,True,0.05,True,9.800544452667232,3,123,False,0.15,3.0
feaco_baseline__pos_only_0p5__xyz0p5__ryp0__seed42,opencood/pretrained/feaco/generated_feaco_baseline__pos_only_0p5__xyz0p5__ryp0__seed42,opencood/pretrained/feaco/generated_feaco_baseline__pos_only_0p5__xyz0p5__ryp0__seed42/config.yaml,feaco_baseline,point_pillar_where2comm_feaco,pos_only_0p5,True,0.5,0.0,42,feaco_baseline__pos_only_0p5__xyz0p5__ryp0__seed42.csv,False,False,True,0.05,False,9.800544452667232,3,123,True,0.15,3.0
level2_status_skip_vertical_blur_bss0p05__pos_only_0p5__xyz0p5__ryp0__seed42,opencood/pretrained/feaco/generated_level2_status_skip_vertical_blur_bss0p05__pos_only_0p5__xyz0p5__ryp0__seed42,opencood/pretrained/feaco/generated_level2_status_skip_vertical_blur_bss0p05__pos_only_0p5__xyz0p5__ryp0__seed42/config.yaml,level2_status_skip_vertical_blur_bss0p05,point_pillar_where2comm_our,pos_only_0p5,True,0.5,0.0,42,level2_status_skip_vertical_blur_bss0p05__pos_only_0p5__xyz0p5__ryp0__seed42.csv,True,True,True,0.05,False,9.800544452667232,3,123,True,0.15,3.0
mc_status_skip_full_k3__pos_only_0p5__xyz0p5__ryp0__seed42,opencood/pretrained/feaco/generated_mc_status_skip_full_k3__pos_only_0p5__xyz0p5__ryp0__seed42,opencood/pretrained/feaco/generated_mc_status_skip_full_k3__pos_only_0p5__xyz0p5__ryp0__seed42/config.yaml,mc_status_skip_full_k3,point_pillar_where2comm_our,pos_only_0p5,True,0.5,0.0,42,mc_status_skip_full_k3__pos_only_0p5__xyz0p5__ryp0__seed42.csv,True,False,True,0.05,True,9.800544452667232,3,123,False,0.15,3.0
feaco_baseline__pos_only_1p0__xyz1__ryp0__seed42,opencood/pretrained/feaco/generated_feaco_baseline__pos_only_1p0__xyz1__ryp0__seed42,opencood/pretrained/feaco/generated_feaco_baseline__pos_only_1p0__xyz1__ryp0__seed42/config.yaml,feaco_baseline,point_pillar_where2comm_feaco,pos_only_1p0,True,1.0,0.0,42,feaco_baseline__pos_only_1p0__xyz1__ryp0__seed42.csv,False,False,True,0.05,False,9.800544452667232,3,123,True,0.15,3.0
level2_status_skip_vertical_blur_bss0p05__pos_only_1p0__xyz1__ryp0__seed42,opencood/pretrained/feaco/generated_level2_status_skip_vertical_blur_bss0p05__pos_only_1p0__xyz1__ryp0__seed42,opencood/pretrained/feaco/generated_level2_status_skip_vertical_blur_bss0p05__pos_only_1p0__xyz1__ryp0__seed42/config.yaml,level2_status_skip_vertical_blur_bss0p05,point_pillar_where2comm_our,pos_only_1p0,True,1.0,0.0,42,level2_status_skip_vertical_blur_bss0p05__pos_only_1p0__xyz1__ryp0__seed42.csv,True,True,True,0.05,False,9.800544452667232,3,123,True,0.15,3.0
mc_status_skip_full_k3__pos_only_1p0__xyz1__ryp0__seed42,opencood/pretrained/feaco/generated_mc_status_skip_full_k3__pos_only_1p0__xyz1__ryp0__seed42,opencood/pretrained/feaco/generated_mc_status_skip_full_k3__pos_only_1p0__xyz1__ryp0__seed42/config.yaml,mc_status_skip_full_k3,point_pillar_where2comm_our,pos_only_1p0,True,1.0,0.0,42,mc_status_skip_full_k3__pos_only_1p0__xyz1__ryp0__seed42.csv,True,False,True,0.05,True,9.800544452667232,3,123,False,0.15,3.0
feaco_baseline__pos_only_1p5__xyz1p5__ryp0__seed42,opencood/pretrained/feaco/generated_feaco_baseline__pos_only_1p5__xyz1p5__ryp0__seed42,opencood/pretrained/feaco/generated_feaco_baseline__pos_only_1p5__xyz1p5__ryp0__seed42/config.yaml,feaco_baseline,point_pillar_where2comm_feaco,pos_only_1p5,True,1.5,0.0,42,feaco_baseline__pos_only_1p5__xyz1p5__ryp0__seed42.csv,False,False,True,0.05,False,9.800544452667232,3,123,True,0.15,3.0
level2_status_skip_vertical_blur_bss0p05__pos_only_1p5__xyz1p5__ryp0__seed42,opencood/pretrained/feaco/generated_level2_status_skip_vertical_blur_bss0p05__pos_only_1p5__xyz1p5__ryp0__seed42,opencood/pretrained/feaco/generated_level2_status_skip_vertical_blur_bss0p05__pos_only_1p5__xyz1p5__ryp0__seed42/config.yaml,level2_status_skip_vertical_blur_bss0p05,point_pillar_where2comm_our,pos_only_1p5,True,1.5,0.0,42,level2_status_skip_vertical_blur_bss0p05__pos_only_1p5__xyz1p5__ryp0__seed42.csv,True,True,True,0.05,False,9.800544452667232,3,123,True,0.15,3.0
mc_status_skip_full_k3__pos_only_1p5__xyz1p5__ryp0__seed42,opencood/pretrained/feaco/generated_mc_status_skip_full_k3__pos_only_1p5__xyz1p5__ryp0__seed42,opencood/pretrained/feaco/generated_mc_status_skip_full_k3__pos_only_1p5__xyz1p5__ryp0__seed42/config.yaml,mc_status_skip_full_k3,point_pillar_where2comm_our,pos_only_1p5,True,1.5,0.0,42,mc_status_skip_full_k3__pos_only_1p5__xyz1p5__ryp0__seed42.csv,True,False,True,0.05,True,9.800544452667232,3,123,False,0.15,3.0
feaco_baseline__pos_only_2p0__xyz2__ryp0__seed42,opencood/pretrained/feaco/generated_feaco_baseline__pos_only_2p0__xyz2__ryp0__seed42,opencood/pretrained/feaco/generated_feaco_baseline__pos_only_2p0__xyz2__ryp0__seed42/config.yaml,feaco_baseline,point_pillar_where2comm_feaco,pos_only_2p0,True,2.0,0.0,42,feaco_baseline__pos_only_2p0__xyz2__ryp0__seed42.csv,False,False,True,0.05,False,9.800544452667232,3,123,True,0.15,3.0
level2_status_skip_vertical_blur_bss0p05__pos_only_2p0__xyz2__ryp0__seed42,opencood/pretrained/feaco/generated_level2_status_skip_vertical_blur_bss0p05__pos_only_2p0__xyz2__ryp0__seed42,opencood/pretrained/feaco/generated_level2_status_skip_vertical_blur_bss0p05__pos_only_2p0__xyz2__ryp0__seed42/config.yaml,level2_status_skip_vertical_blur_bss0p05,point_pillar_where2comm_our,pos_only_2p0,True,2.0,0.0,42,level2_status_skip_vertical_blur_bss0p05__pos_only_2p0__xyz2__ryp0__seed42.csv,True,True,True,0.05,False,9.800544452667232,3,123,True,0.15,3.0
mc_status_skip_full_k3__pos_only_2p0__xyz2__ryp0__seed42,opencood/pretrained/feaco/generated_mc_status_skip_full_k3__pos_only_2p0__xyz2__ryp0__seed42,opencood/pretrained/feaco/generated_mc_status_skip_full_k3__pos_only_2p0__xyz2__ryp0__seed42/config.yaml,mc_status_skip_full_k3,point_pillar_where2comm_our,pos_only_2p0,True,2.0,0.0,42,mc_status_skip_full_k3__pos_only_2p0__xyz2__ryp0__seed42.csv,True,False,True,0.05,True,9.800544452667232,3,123,False,0.15,3.0
feaco_baseline__pos_only_3p0__xyz3__ryp0__seed42,opencood/pretrained/feaco/generated_feaco_baseline__pos_only_3p0__xyz3__ryp0__seed42,opencood/pretrained/feaco/generated_feaco_baseline__pos_only_3p0__xyz3__ryp0__seed42/config.yaml,feaco_baseline,point_pillar_where2comm_feaco,pos_only_3p0,True,3.0,0.0,42,feaco_baseline__pos_only_3p0__xyz3__ryp0__seed42.csv,False,False,True,0.05,False,9.800544452667232,3,123,True,0.15,3.0
level2_status_skip_vertical_blur_bss0p05__pos_only_3p0__xyz3__ryp0__seed42,opencood/pretrained/feaco/generated_level2_status_skip_vertical_blur_bss0p05__pos_only_3p0__xyz3__ryp0__seed42,opencood/pretrained/feaco/generated_level2_status_skip_vertical_blur_bss0p05__pos_only_3p0__xyz3__ryp0__seed42/config.yaml,level2_status_skip_vertical_blur_bss0p05,point_pillar_where2comm_our,pos_only_3p0,True,3.0,0.0,42,level2_status_skip_vertical_blur_bss0p05__pos_only_3p0__xyz3__ryp0__seed42.csv,True,True,True,0.05,False,9.800544452667232,3,123,True,0.15,3.0
mc_status_skip_full_k3__pos_only_3p0__xyz3__ryp0__seed42,opencood/pretrained/feaco/generated_mc_status_skip_full_k3__pos_only_3p0__xyz3__ryp0__seed42,opencood/pretrained/feaco/generated_mc_status_skip_full_k3__pos_only_3p0__xyz3__ryp0__seed42/config.yaml,mc_status_skip_full_k3,point_pillar_where2comm_our,pos_only_3p0,True,3.0,0.0,42,mc_status_skip_full_k3__pos_only_3p0__xyz3__ryp0__seed42.csv,True,False,True,0.05,True,9.800544452667232,3,123,False,0.15,3.0
feaco_baseline__rot_only_1p0__xyz0__ryp1__seed42,opencood/pretrained/feaco/generated_feaco_baseline__rot_only_1p0__xyz0__ryp1__seed42,opencood/pretrained/feaco/generated_feaco_baseline__rot_only_1p0__xyz0__ryp1__seed42/config.yaml,feaco_baseline,point_pillar_where2comm_feaco,rot_only_1p0,True,0.0,1.0,42,feaco_baseline__rot_only_1p0__xyz0__ryp1__seed42.csv,False,False,True,0.05,False,9.800544452667232,3,123,True,0.15,3.0
level2_status_skip_vertical_blur_bss0p05__rot_only_1p0__xyz0__ryp1__seed42,opencood/pretrained/feaco/generated_level2_status_skip_vertical_blur_bss0p05__rot_only_1p0__xyz0__ryp1__seed42,opencood/pretrained/feaco/generated_level2_status_skip_vertical_blur_bss0p05__rot_only_1p0__xyz0__ryp1__seed42/config.yaml,level2_status_skip_vertical_blur_bss0p05,point_pillar_where2comm_our,rot_only_1p0,True,0.0,1.0,42,level2_status_skip_vertical_blur_bss0p05__rot_only_1p0__xyz0__ryp1__seed42.csv,True,True,True,0.05,False,9.800544452667232,3,123,True,0.15,3.0
mc_status_skip_full_k3__rot_only_1p0__xyz0__ryp1__seed42,opencood/pretrained/feaco/generated_mc_status_skip_full_k3__rot_only_1p0__xyz0__ryp1__seed42,opencood/pretrained/feaco/generated_mc_status_skip_full_k3__rot_only_1p0__xyz0__ryp1__seed42/config.yaml,mc_status_skip_full_k3,point_pillar_where2comm_our,rot_only_1p0,True,0.0,1.0,42,mc_status_skip_full_k3__rot_only_1p0__xyz0__ryp1__seed42.csv,True,False,True,0.05,True,9.800544452667232,3,123,False,0.15,3.0
feaco_baseline__rot_only_2p0__xyz0__ryp2__seed42,opencood/pretrained/feaco/generated_feaco_baseline__rot_only_2p0__xyz0__ryp2__seed42,opencood/pretrained/feaco/generated_feaco_baseline__rot_only_2p0__xyz0__ryp2__seed42/config.yaml,feaco_baseline,point_pillar_where2comm_feaco,rot_only_2p0,True,0.0,2.0,42,feaco_baseline__rot_only_2p0__xyz0__ryp2__seed42.csv,False,False,True,0.05,False,9.800544452667232,3,123,True,0.15,3.0
level2_status_skip_vertical_blur_bss0p05__rot_only_2p0__xyz0__ryp2__seed42,opencood/pretrained/feaco/generated_level2_status_skip_vertical_blur_bss0p05__rot_only_2p0__xyz0__ryp2__seed42,opencood/pretrained/feaco/generated_level2_status_skip_vertical_blur_bss0p05__rot_only_2p0__xyz0__ryp2__seed42/config.yaml,level2_status_skip_vertical_blur_bss0p05,point_pillar_where2comm_our,rot_only_2p0,True,0.0,2.0,42,level2_status_skip_vertical_blur_bss0p05__rot_only_2p0__xyz0__ryp2__seed42.csv,True,True,True,0.05,False,9.800544452667232,3,123,True,0.15,3.0
mc_status_skip_full_k3__rot_only_2p0__xyz0__ryp2__seed42,opencood/pretrained/feaco/generated_mc_status_skip_full_k3__rot_only_2p0__xyz0__ryp2__seed42,opencood/pretrained/feaco/generated_mc_status_skip_full_k3__rot_only_2p0__xyz0__ryp2__seed42/config.yaml,mc_status_skip_full_k3,point_pillar_where2comm_our,rot_only_2p0,True,0.0,2.0,42,mc_status_skip_full_k3__rot_only_2p0__xyz0__ryp2__seed42.csv,True,False,True,0.05,True,9.800544452667232,3,123,False,0.15,3.0
feaco_baseline__rot_only_4p0__xyz0__ryp4__seed42,opencood/pretrained/feaco/generated_feaco_baseline__rot_only_4p0__xyz0__ryp4__seed42,opencood/pretrained/feaco/generated_feaco_baseline__rot_only_4p0__xyz0__ryp4__seed42/config.yaml,feaco_baseline,point_pillar_where2comm_feaco,rot_only_4p0,True,0.0,4.0,42,feaco_baseline__rot_only_4p0__xyz0__ryp4__seed42.csv,False,False,True,0.05,False,9.800544452667232,3,123,True,0.15,3.0
level2_status_skip_vertical_blur_bss0p05__rot_only_4p0__xyz0__ryp4__seed42,opencood/pretrained/feaco/generated_level2_status_skip_vertical_blur_bss0p05__rot_only_4p0__xyz0__ryp4__seed42,opencood/pretrained/feaco/generated_level2_status_skip_vertical_blur_bss0p05__rot_only_4p0__xyz0__ryp4__seed42/config.yaml,level2_status_skip_vertical_blur_bss0p05,point_pillar_where2comm_our,rot_only_4p0,True,0.0,4.0,42,level2_status_skip_vertical_blur_bss0p05__rot_only_4p0__xyz0__ryp4__seed42.csv,True,True,True,0.05,False,9.800544452667232,3,123,True,0.15,3.0
mc_status_skip_full_k3__rot_only_4p0__xyz0__ryp4__seed42,opencood/pretrained/feaco/generated_mc_status_skip_full_k3__rot_only_4p0__xyz0__ryp4__seed42,opencood/pretrained/feaco/generated_mc_status_skip_full_k3__rot_only_4p0__xyz0__ryp4__seed42/config.yaml,mc_status_skip_full_k3,point_pillar_where2comm_our,rot_only_4p0,True,0.0,4.0,42,mc_status_skip_full_k3__rot_only_4p0__xyz0__ryp4__seed42.csv,True,False,True,0.05,True,9.800544452667232,3,123,False,0.15,3.0
feaco_baseline__rot_only_6p0__xyz0__ryp6__seed42,opencood/pretrained/feaco/generated_feaco_baseline__rot_only_6p0__xyz0__ryp6__seed42,opencood/pretrained/feaco/generated_feaco_baseline__rot_only_6p0__xyz0__ryp6__seed42/config.yaml,feaco_baseline,point_pillar_where2comm_feaco,rot_only_6p0,True,0.0,6.0,42,feaco_baseline__rot_only_6p0__xyz0__ryp6__seed42.csv,False,False,True,0.05,False,9.800544452667232,3,123,True,0.15,3.0
level2_status_skip_vertical_blur_bss0p05__rot_only_6p0__xyz0__ryp6__seed42,opencood/pretrained/feaco/generated_level2_status_skip_vertical_blur_bss0p05__rot_only_6p0__xyz0__ryp6__seed42,opencood/pretrained/feaco/generated_level2_status_skip_vertical_blur_bss0p05__rot_only_6p0__xyz0__ryp6__seed42/config.yaml,level2_status_skip_vertical_blur_bss0p05,point_pillar_where2comm_our,rot_only_6p0,True,0.0,6.0,42,level2_status_skip_vertical_blur_bss0p05__rot_only_6p0__xyz0__ryp6__seed42.csv,True,True,True,0.05,False,9.800544452667232,3,123,True,0.15,3.0
mc_status_skip_full_k3__rot_only_6p0__xyz0__ryp6__seed42,opencood/pretrained/feaco/generated_mc_status_skip_full_k3__rot_only_6p0__xyz0__ryp6__seed42,opencood/pretrained/feaco/generated_mc_status_skip_full_k3__rot_only_6p0__xyz0__ryp6__seed42/config.yaml,mc_status_skip_full_k3,point_pillar_where2comm_our,rot_only_6p0,True,0.0,6.0,42,mc_status_skip_full_k3__rot_only_6p0__xyz0__ryp6__seed42.csv,True,False,True,0.05,True,9.800544452667232,3,123,False,0.15,3.0
feaco_baseline__rot_only_8p0__xyz0__ryp8__seed42,opencood/pretrained/feaco/generated_feaco_baseline__rot_only_8p0__xyz0__ryp8__seed42,opencood/pretrained/feaco/generated_feaco_baseline__rot_only_8p0__xyz0__ryp8__seed42/config.yaml,feaco_baseline,point_pillar_where2comm_feaco,rot_only_8p0,True,0.0,8.0,42,feaco_baseline__rot_only_8p0__xyz0__ryp8__seed42.csv,False,False,True,0.05,False,9.800544452667232,3,123,True,0.15,3.0
level2_status_skip_vertical_blur_bss0p05__rot_only_8p0__xyz0__ryp8__seed42,opencood/pretrained/feaco/generated_level2_status_skip_vertical_blur_bss0p05__rot_only_8p0__xyz0__ryp8__seed42,opencood/pretrained/feaco/generated_level2_status_skip_vertical_blur_bss0p05__rot_only_8p0__xyz0__ryp8__seed42/config.yaml,level2_status_skip_vertical_blur_bss0p05,point_pillar_where2comm_our,rot_only_8p0,True,0.0,8.0,42,level2_status_skip_vertical_blur_bss0p05__rot_only_8p0__xyz0__ryp8__seed42.csv,True,True,True,0.05,False,9.800544452667232,3,123,True,0.15,3.0
mc_status_skip_full_k3__rot_only_8p0__xyz0__ryp8__seed42,opencood/pretrained/feaco/generated_mc_status_skip_full_k3__rot_only_8p0__xyz0__ryp8__seed42,opencood/pretrained/feaco/generated_mc_status_skip_full_k3__rot_only_8p0__xyz0__ryp8__seed42/config.yaml,mc_status_skip_full_k3,point_pillar_where2comm_our,rot_only_8p0,True,0.0,8.0,42,mc_status_skip_full_k3__rot_only_8p0__xyz0__ryp8__seed42.csv,True,False,True,0.05,True,9.800544452667232,3,123,False,0.15,3.0
feaco_baseline__rot_only_10p0__xyz0__ryp10__seed42,opencood/pretrained/feaco/generated_feaco_baseline__rot_only_10p0__xyz0__ryp10__seed42,opencood/pretrained/feaco/generated_feaco_baseline__rot_only_10p0__xyz0__ryp10__seed42/config.yaml,feaco_baseline,point_pillar_where2comm_feaco,rot_only_10p0,True,0.0,10.0,42,feaco_baseline__rot_only_10p0__xyz0__ryp10__seed42.csv,False,False,True,0.05,False,9.800544452667232,3,123,True,0.15,3.0
level2_status_skip_vertical_blur_bss0p05__rot_only_10p0__xyz0__ryp10__seed42,opencood/pretrained/feaco/generated_level2_status_skip_vertical_blur_bss0p05__rot_only_10p0__xyz0__ryp10__seed42,opencood/pretrained/feaco/generated_level2_status_skip_vertical_blur_bss0p05__rot_only_10p0__xyz0__ryp10__seed42/config.yaml,level2_status_skip_vertical_blur_bss0p05,point_pillar_where2comm_our,rot_only_10p0,True,0.0,10.0,42,level2_status_skip_vertical_blur_bss0p05__rot_only_10p0__xyz0__ryp10__seed42.csv,True,True,True,0.05,False,9.800544452667232,3,123,True,0.15,3.0
mc_status_skip_full_k3__rot_only_10p0__xyz0__ryp10__seed42,opencood/pretrained/feaco/generated_mc_status_skip_full_k3__rot_only_10p0__xyz0__ryp10__seed42,opencood/pretrained/feaco/generated_mc_status_skip_full_k3__rot_only_10p0__xyz0__ryp10__seed42/config.yaml,mc_status_skip_full_k3,point_pillar_where2comm_our,rot_only_10p0,True,0.0,10.0,42,mc_status_skip_full_k3__rot_only_10p0__xyz0__ryp10__seed42.csv,True,False,True,0.05,True,9.800544452667232,3,123,False,0.15,3.0
feaco_baseline__rot_only_14p0__xyz0__ryp14__seed42,opencood/pretrained/feaco/generated_feaco_baseline__rot_only_14p0__xyz0__ryp14__seed42,opencood/pretrained/feaco/generated_feaco_baseline__rot_only_14p0__xyz0__ryp14__seed42/config.yaml,feaco_baseline,point_pillar_where2comm_feaco,rot_only_14p0,True,0.0,14.0,42,feaco_baseline__rot_only_14p0__xyz0__ryp14__seed42.csv,False,False,True,0.05,False,9.800544452667232,3,123,True,0.15,3.0
level2_status_skip_vertical_blur_bss0p05__rot_only_14p0__xyz0__ryp14__seed42,opencood/pretrained/feaco/generated_level2_status_skip_vertical_blur_bss0p05__rot_only_14p0__xyz0__ryp14__seed42,opencood/pretrained/feaco/generated_level2_status_skip_vertical_blur_bss0p05__rot_only_14p0__xyz0__ryp14__seed42/config.yaml,level2_status_skip_vertical_blur_bss0p05,point_pillar_where2comm_our,rot_only_14p0,True,0.0,14.0,42,level2_status_skip_vertical_blur_bss0p05__rot_only_14p0__xyz0__ryp14__seed42.csv,True,True,True,0.05,False,9.800544452667232,3,123,True,0.15,3.0
mc_status_skip_full_k3__rot_only_14p0__xyz0__ryp14__seed42,opencood/pretrained/feaco/generated_mc_status_skip_full_k3__rot_only_14p0__xyz0__ryp14__seed42,opencood/pretrained/feaco/generated_mc_status_skip_full_k3__rot_only_14p0__xyz0__ryp14__seed42/config.yaml,mc_status_skip_full_k3,point_pillar_where2comm_our,rot_only_14p0,True,0.0,14.0,42,mc_status_skip_full_k3__rot_only_14p0__xyz0__ryp14__seed42.csv,True,False,True,0.05,True,9.800544452667232,3,123,False,0.15,3.0
feaco_baseline__rot_only_18p0__xyz0__ryp18__seed42,opencood/pretrained/feaco/generated_feaco_baseline__rot_only_18p0__xyz0__ryp18__seed42,opencood/pretrained/feaco/generated_feaco_baseline__rot_only_18p0__xyz0__ryp18__seed42/config.yaml,feaco_baseline,point_pillar_where2comm_feaco,rot_only_18p0,True,0.0,18.0,42,feaco_baseline__rot_only_18p0__xyz0__ryp18__seed42.csv,False,False,True,0.05,False,9.800544452667232,3,123,True,0.15,3.0
level2_status_skip_vertical_blur_bss0p05__rot_only_18p0__xyz0__ryp18__seed42,opencood/pretrained/feaco/generated_level2_status_skip_vertical_blur_bss0p05__rot_only_18p0__xyz0__ryp18__seed42,opencood/pretrained/feaco/generated_level2_status_skip_vertical_blur_bss0p05__rot_only_18p0__xyz0__ryp18__seed42/config.yaml,level2_status_skip_vertical_blur_bss0p05,point_pillar_where2comm_our,rot_only_18p0,True,0.0,18.0,42,level2_status_skip_vertical_blur_bss0p05__rot_only_18p0__xyz0__ryp18__seed42.csv,True,True,True,0.05,False,9.800544452667232,3,123,True,0.15,3.0
mc_status_skip_full_k3__rot_only_18p0__xyz0__ryp18__seed42,opencood/pretrained/feaco/generated_mc_status_skip_full_k3__rot_only_18p0__xyz0__ryp18__seed42,opencood/pretrained/feaco/generated_mc_status_skip_full_k3__rot_only_18p0__xyz0__ryp18__seed42/config.yaml,mc_status_skip_full_k3,point_pillar_where2comm_our,rot_only_18p0,True,0.0,18.0,42,mc_status_skip_full_k3__rot_only_18p0__xyz0__ryp18__seed42.csv,True,False,True,0.05,True,9.800544452667232,3,123,False,0.15,3.0
